category,split,path,H,W,coverage
vial,test_private_mixed,/content/msila/src/data/vial/test_private_mixed/098_mixed.png,1900,1400,1.0
vial,test_private_mixed,/content/msila/src/data/vial/test_private_mixed/055_mixed.png,1900,1400,1.0
vial,test_private_mixed,/content/msila/src/data/vial/test_private_mixed/268_mixed.png,1900,1400,1.0
vial,test_private_mixed,/content/msila/src/data/vial/test_private_mixed/159_mixed.png,1900,1400,1.0
vial,test_private_mixed,/content/msila/src/data/vial/test_private_mixed/084_mixed.png,1900,1400,1.0
vial,test_private_mixed,/content/msila/src/data/vial/test_private_mixed/015_mixed.png,1900,1400,1.0
vial,test_private_mixed,/content/msila/src/data/vial/test_private_mixed/027_mixed.png,1900,1400,1.0
vial,test_private_mixed,/content/msila/src/data/vial/test_private_mixed/170_mixed.png,1900,1400,1.0
vial,test_private_mixed,/content/msila/src/data/vial/test_private_mixed/147_mixed.png,1900,1400,1.0
vial,test_private_mixed,/content/msila/src/data/vial/test_private_mixed/156_mixed.png,1900,1400,1.0
vial,test_private_mixed,/content/msila/src/data/vial/test_private_mixed/184_mixed.png,1900,1400,1.0
vial,test_private_mixed,/content/msila/src/data/vial/test_private_mixed/044_mixed.png,1900,1400,1.0
vial,test_private_mixed,/content/msila/src/data/vial/test_private_mixed/018_mixed.png,1900,1400,1.0
vial,test_private_mixed,/content/msila/src/data/vial/test_private_mixed/020_mixed.png,1900,1400,1.0
vial,test_private_mixed,/content/msila/src/data/vial/test_private_mixed/067_mixed.png,1900,1400,1.0
vial,test_private_mixed,/content/msila/src/data/vial/test_private_mixed/080_mixed.png,1900,1400,1.0
vial,test_private_mixed,/content/msila/src/data/vial/test_private_mixed/275_mixed.png,1900,1400,1.0
vial,test_private_mixed,/content/msila/src/data/vial/test_private_mixed/272_mixed.png,1900,1400,1.0
vial,test_private_mixed,/content/msila/src/data/vial/test_private_mixed/092_mixed.png,1900,1400,1.0
vial,test_private_mixed,/content/msila/src/data/vial/test_private_mixed/237_mixed.png,1900,1400,1.0
vial,test_private_mixed,/content/msila/src/data/vial/test_private_mixed/066_mixed.png,1900,1400,1.0
vial,test_private_mixed,/content/msila/src/data/vial/test_private_mixed/187_mixed.png,1900,1400,1.0
vial,test_private_mixed,/content/msila/src/data/vial/test_private_mixed/070_mixed.png,1900,1400,1.0
vial,test_private_mixed,/content/msila/src/data/vial/test_private_mixed/243_mixed.png,1900,1400,1.0
vial,test_private_mixed,/content/msila/src/data/vial/test_private_mixed/231_mixed.png,1900,1400,1.0
vial,test_private_mixed,/content/msila/src/data/vial/test_private_mixed/218_mixed.png,1900,1400,1.0
vial,test_private_mixed,/content/msila/src/data/vial/test_private_mixed/074_mixed.png,1900,1400,1.0
vial,test_private_mixed,/content/msila/src/data/vial/test_private_mixed/069_mixed.png,1900,1400,1.0
vial,test_private_mixed,/content/msila/src/data/vial/test_private_mixed/154_mixed.png,1900,1400,1.0
vial,test_private_mixed,/content/msila/src/data/vial/test_private_mixed/016_mixed.png,1900,1400,1.0
vial,test_private_mixed,/content/msila/src/data/vial/test_private_mixed/118_mixed.png,1900,1400,1.0
vial,test_private_mixed,/content/msila/src/data/vial/test_private_mixed/234_mixed.png,1900,1400,1.0
vial,test_private_mixed,/content/msila/src/data/vial/test_private_mixed/198_mixed.png,1900,1400,1.0
vial,test_private_mixed,/content/msila/src/data/vial/test_private_mixed/248_mixed.png,1900,1400,1.0
vial,test_private_mixed,/content/msila/src/data/vial/test_private_mixed/037_mixed.png,1900,1400,1.0
vial,test_private_mixed,/content/msila/src/data/vial/test_private_mixed/161_mixed.png,1900,1400,1.0
vial,test_private_mixed,/content/msila/src/data/vial/test_private_mixed/167_mixed.png,1900,1400,1.0
vial,test_private_mixed,/content/msila/src/data/vial/test_private_mixed/247_mixed.png,1900,1400,1.0
vial,test_private_mixed,/content/msila/src/data/vial/test_private_mixed/079_mixed.png,1900,1400,1.0
vial,test_private_mixed,/content/msila/src/data/vial/test_private_mixed/000_mixed.png,1900,1400,1.0
vial,test_private_mixed,/content/msila/src/data/vial/test_private_mixed/081_mixed.png,1900,1400,1.0
vial,test_private_mixed,/content/msila/src/data/vial/test_private_mixed/082_mixed.png,1900,1400,1.0
vial,test_private_mixed,/content/msila/src/data/vial/test_private_mixed/039_mixed.png,1900,1400,1.0
vial,test_private_mixed,/content/msila/src/data/vial/test_private_mixed/126_mixed.png,1900,1400,1.0
vial,test_private_mixed,/content/msila/src/data/vial/test_private_mixed/191_mixed.png,1900,1400,1.0
vial,test_private_mixed,/content/msila/src/data/vial/test_private_mixed/150_mixed.png,1900,1400,1.0
vial,test_private_mixed,/content/msila/src/data/vial/test_private_mixed/264_mixed.png,1900,1400,1.0
vial,test_private_mixed,/content/msila/src/data/vial/test_private_mixed/059_mixed.png,1900,1400,1.0
vial,test_private_mixed,/content/msila/src/data/vial/test_private_mixed/035_mixed.png,1900,1400,1.0
vial,test_private_mixed,/content/msila/src/data/vial/test_private_mixed/116_mixed.png,1900,1400,1.0
vial,test_private_mixed,/content/msila/src/data/vial/test_private_mixed/062_mixed.png,1900,1400,1.0
vial,test_private_mixed,/content/msila/src/data/vial/test_private_mixed/182_mixed.png,1900,1400,1.0
vial,test_private_mixed,/content/msila/src/data/vial/test_private_mixed/138_mixed.png,1900,1400,1.0
vial,test_private_mixed,/content/msila/src/data/vial/test_private_mixed/252_mixed.png,1900,1400,1.0
vial,test_private_mixed,/content/msila/src/data/vial/test_private_mixed/158_mixed.png,1900,1400,1.0
vial,test_private_mixed,/content/msila/src/data/vial/test_private_mixed/028_mixed.png,1900,1400,1.0
vial,test_private_mixed,/content/msila/src/data/vial/test_private_mixed/205_mixed.png,1900,1400,1.0
vial,test_private_mixed,/content/msila/src/data/vial/test_private_mixed/012_mixed.png,1900,1400,1.0
vial,test_private_mixed,/content/msila/src/data/vial/test_private_mixed/071_mixed.png,1900,1400,1.0
vial,test_private_mixed,/content/msila/src/data/vial/test_private_mixed/242_mixed.png,1900,1400,1.0
vial,test_private_mixed,/content/msila/src/data/vial/test_private_mixed/017_mixed.png,1900,1400,1.0
vial,test_private_mixed,/content/msila/src/data/vial/test_private_mixed/175_mixed.png,1900,1400,1.0
vial,test_private_mixed,/content/msila/src/data/vial/test_private_mixed/188_mixed.png,1900,1400,1.0
vial,test_private_mixed,/content/msila/src/data/vial/test_private_mixed/006_mixed.png,1900,1400,1.0
vial,test_private_mixed,/content/msila/src/data/vial/test_private_mixed/222_mixed.png,1900,1400,1.0
vial,test_private_mixed,/content/msila/src/data/vial/test_private_mixed/244_mixed.png,1900,1400,1.0
vial,test_private_mixed,/content/msila/src/data/vial/test_private_mixed/146_mixed.png,1900,1400,1.0
vial,test_private_mixed,/content/msila/src/data/vial/test_private_mixed/217_mixed.png,1900,1400,1.0
vial,test_private_mixed,/content/msila/src/data/vial/test_private_mixed/163_mixed.png,1900,1400,1.0
vial,test_private_mixed,/content/msila/src/data/vial/test_private_mixed/260_mixed.png,1900,1400,1.0
vial,test_private_mixed,/content/msila/src/data/vial/test_private_mixed/047_mixed.png,1900,1400,1.0
vial,test_private_mixed,/content/msila/src/data/vial/test_private_mixed/232_mixed.png,1900,1400,1.0
vial,test_private_mixed,/content/msila/src/data/vial/test_private_mixed/155_mixed.png,1900,1400,1.0
vial,test_private_mixed,/content/msila/src/data/vial/test_private_mixed/169_mixed.png,1900,1400,1.0
vial,test_private_mixed,/content/msila/src/data/vial/test_private_mixed/189_mixed.png,1900,1400,1.0
vial,test_private_mixed,/content/msila/src/data/vial/test_private_mixed/050_mixed.png,1900,1400,1.0
vial,test_private_mixed,/content/msila/src/data/vial/test_private_mixed/119_mixed.png,1900,1400,1.0
vial,test_private_mixed,/content/msila/src/data/vial/test_private_mixed/262_mixed.png,1900,1400,1.0
vial,test_private_mixed,/content/msila/src/data/vial/test_private_mixed/259_mixed.png,1900,1400,1.0
vial,test_private_mixed,/content/msila/src/data/vial/test_private_mixed/196_mixed.png,1900,1400,1.0
vial,test_private_mixed,/content/msila/src/data/vial/test_private_mixed/236_mixed.png,1900,1400,1.0
vial,test_private_mixed,/content/msila/src/data/vial/test_private_mixed/106_mixed.png,1900,1400,1.0
vial,test_private_mixed,/content/msila/src/data/vial/test_private_mixed/034_mixed.png,1900,1400,1.0
vial,test_private_mixed,/content/msila/src/data/vial/test_private_mixed/104_mixed.png,1900,1400,1.0
vial,test_private_mixed,/content/msila/src/data/vial/test_private_mixed/091_mixed.png,1900,1400,1.0
vial,test_private_mixed,/content/msila/src/data/vial/test_private_mixed/246_mixed.png,1900,1400,1.0
vial,test_private_mixed,/content/msila/src/data/vial/test_private_mixed/086_mixed.png,1900,1400,1.0
vial,test_private_mixed,/content/msila/src/data/vial/test_private_mixed/178_mixed.png,1900,1400,1.0
vial,test_private_mixed,/content/msila/src/data/vial/test_private_mixed/166_mixed.png,1900,1400,1.0
vial,test_private_mixed,/content/msila/src/data/vial/test_private_mixed/127_mixed.png,1900,1400,1.0
vial,test_private_mixed,/content/msila/src/data/vial/test_private_mixed/123_mixed.png,1900,1400,1.0
vial,test_private_mixed,/content/msila/src/data/vial/test_private_mixed/194_mixed.png,1900,1400,1.0
vial,test_private_mixed,/content/msila/src/data/vial/test_private_mixed/193_mixed.png,1900,1400,1.0
vial,test_private_mixed,/content/msila/src/data/vial/test_private_mixed/206_mixed.png,1900,1400,1.0
vial,test_private_mixed,/content/msila/src/data/vial/test_private_mixed/148_mixed.png,1900,1400,1.0
vial,test_private_mixed,/content/msila/src/data/vial/test_private_mixed/162_mixed.png,1900,1400,1.0
vial,test_private_mixed,/content/msila/src/data/vial/test_private_mixed/002_mixed.png,1900,1400,1.0
vial,test_private_mixed,/content/msila/src/data/vial/test_private_mixed/130_mixed.png,1900,1400,1.0
vial,test_private_mixed,/content/msila/src/data/vial/test_private_mixed/210_mixed.png,1900,1400,1.0
vial,test_private_mixed,/content/msila/src/data/vial/test_private_mixed/251_mixed.png,1900,1400,1.0
vial,test_private_mixed,/content/msila/src/data/vial/test_private_mixed/048_mixed.png,1900,1400,1.0
vial,test_private_mixed,/content/msila/src/data/vial/test_private_mixed/157_mixed.png,1900,1400,1.0
vial,test_private_mixed,/content/msila/src/data/vial/test_private_mixed/266_mixed.png,1900,1400,1.0
vial,test_private_mixed,/content/msila/src/data/vial/test_private_mixed/008_mixed.png,1900,1400,1.0
vial,test_private_mixed,/content/msila/src/data/vial/test_private_mixed/239_mixed.png,1900,1400,1.0
vial,test_private_mixed,/content/msila/src/data/vial/test_private_mixed/013_mixed.png,1900,1400,1.0
vial,test_private_mixed,/content/msila/src/data/vial/test_private_mixed/137_mixed.png,1900,1400,1.0
vial,test_private_mixed,/content/msila/src/data/vial/test_private_mixed/177_mixed.png,1900,1400,1.0
vial,test_private_mixed,/content/msila/src/data/vial/test_private_mixed/061_mixed.png,1900,1400,1.0
vial,test_private_mixed,/content/msila/src/data/vial/test_private_mixed/122_mixed.png,1900,1400,1.0
vial,test_private_mixed,/content/msila/src/data/vial/test_private_mixed/179_mixed.png,1900,1400,1.0
vial,test_private_mixed,/content/msila/src/data/vial/test_private_mixed/230_mixed.png,1900,1400,1.0
vial,test_private_mixed,/content/msila/src/data/vial/test_private_mixed/226_mixed.png,1900,1400,1.0
vial,test_private_mixed,/content/msila/src/data/vial/test_private_mixed/113_mixed.png,1900,1400,1.0
vial,test_private_mixed,/content/msila/src/data/vial/test_private_mixed/273_mixed.png,1900,1400,1.0
vial,test_private_mixed,/content/msila/src/data/vial/test_private_mixed/095_mixed.png,1900,1400,1.0
vial,test_private_mixed,/content/msila/src/data/vial/test_private_mixed/060_mixed.png,1900,1400,1.0
vial,test_private_mixed,/content/msila/src/data/vial/test_private_mixed/181_mixed.png,1900,1400,1.0
vial,test_private_mixed,/content/msila/src/data/vial/test_private_mixed/168_mixed.png,1900,1400,1.0
vial,test_private_mixed,/content/msila/src/data/vial/test_private_mixed/192_mixed.png,1900,1400,1.0
vial,test_private_mixed,/content/msila/src/data/vial/test_private_mixed/078_mixed.png,1900,1400,1.0
vial,test_private_mixed,/content/msila/src/data/vial/test_private_mixed/117_mixed.png,1900,1400,1.0
vial,test_private_mixed,/content/msila/src/data/vial/test_private_mixed/089_mixed.png,1900,1400,1.0
vial,test_private_mixed,/content/msila/src/data/vial/test_private_mixed/058_mixed.png,1900,1400,1.0
vial,test_private_mixed,/content/msila/src/data/vial/test_private_mixed/133_mixed.png,1900,1400,1.0
vial,test_private_mixed,/content/msila/src/data/vial/test_private_mixed/263_mixed.png,1900,1400,1.0
vial,test_private_mixed,/content/msila/src/data/vial/test_private_mixed/254_mixed.png,1900,1400,1.0
vial,test_private_mixed,/content/msila/src/data/vial/test_private_mixed/208_mixed.png,1900,1400,1.0
vial,test_private_mixed,/content/msila/src/data/vial/test_private_mixed/173_mixed.png,1900,1400,1.0
vial,test_private_mixed,/content/msila/src/data/vial/test_private_mixed/054_mixed.png,1900,1400,1.0
vial,test_private_mixed,/content/msila/src/data/vial/test_private_mixed/250_mixed.png,1900,1400,1.0
vial,test_private_mixed,/content/msila/src/data/vial/test_private_mixed/134_mixed.png,1900,1400,1.0
vial,test_private_mixed,/content/msila/src/data/vial/test_private_mixed/124_mixed.png,1900,1400,1.0
vial,test_private_mixed,/content/msila/src/data/vial/test_private_mixed/219_mixed.png,1900,1400,1.0
vial,test_private_mixed,/content/msila/src/data/vial/test_private_mixed/270_mixed.png,1900,1400,1.0
vial,test_private_mixed,/content/msila/src/data/vial/test_private_mixed/019_mixed.png,1900,1400,1.0
vial,test_private_mixed,/content/msila/src/data/vial/test_private_mixed/029_mixed.png,1900,1400,1.0
vial,test_private_mixed,/content/msila/src/data/vial/test_private_mixed/203_mixed.png,1900,1400,1.0
vial,test_private_mixed,/content/msila/src/data/vial/test_private_mixed/149_mixed.png,1900,1400,1.0
vial,test_private_mixed,/content/msila/src/data/vial/test_private_mixed/209_mixed.png,1900,1400,1.0
vial,test_private_mixed,/content/msila/src/data/vial/test_private_mixed/087_mixed.png,1900,1400,1.0
vial,test_private_mixed,/content/msila/src/data/vial/test_private_mixed/129_mixed.png,1900,1400,1.0
vial,test_private_mixed,/content/msila/src/data/vial/test_private_mixed/099_mixed.png,1900,1400,1.0
vial,test_private_mixed,/content/msila/src/data/vial/test_private_mixed/213_mixed.png,1900,1400,1.0
vial,test_private_mixed,/content/msila/src/data/vial/test_private_mixed/041_mixed.png,1900,1400,1.0
vial,test_private_mixed,/content/msila/src/data/vial/test_private_mixed/036_mixed.png,1900,1400,1.0
vial,test_private_mixed,/content/msila/src/data/vial/test_private_mixed/100_mixed.png,1900,1400,1.0
vial,test_private_mixed,/content/msila/src/data/vial/test_private_mixed/245_mixed.png,1900,1400,1.0
vial,test_private_mixed,/content/msila/src/data/vial/test_private_mixed/076_mixed.png,1900,1400,1.0
vial,test_private_mixed,/content/msila/src/data/vial/test_private_mixed/240_mixed.png,1900,1400,1.0
vial,test_private_mixed,/content/msila/src/data/vial/test_private_mixed/235_mixed.png,1900,1400,1.0
vial,test_private_mixed,/content/msila/src/data/vial/test_private_mixed/228_mixed.png,1900,1400,1.0
vial,test_private_mixed,/content/msila/src/data/vial/test_private_mixed/108_mixed.png,1900,1400,1.0
vial,test_private_mixed,/content/msila/src/data/vial/test_private_mixed/152_mixed.png,1900,1400,1.0
vial,test_private_mixed,/content/msila/src/data/vial/test_private_mixed/052_mixed.png,1900,1400,1.0
vial,test_private_mixed,/content/msila/src/data/vial/test_private_mixed/051_mixed.png,1900,1400,1.0
vial,test_private_mixed,/content/msila/src/data/vial/test_private_mixed/097_mixed.png,1900,1400,1.0
vial,test_private_mixed,/content/msila/src/data/vial/test_private_mixed/101_mixed.png,1900,1400,1.0
vial,test_private_mixed,/content/msila/src/data/vial/test_private_mixed/183_mixed.png,1900,1400,1.0
vial,test_private_mixed,/content/msila/src/data/vial/test_private_mixed/145_mixed.png,1900,1400,1.0
vial,test_private_mixed,/content/msila/src/data/vial/test_private_mixed/211_mixed.png,1900,1400,1.0
vial,test_private_mixed,/content/msila/src/data/vial/test_private_mixed/171_mixed.png,1900,1400,1.0
vial,test_private_mixed,/content/msila/src/data/vial/test_private_mixed/033_mixed.png,1900,1400,1.0
vial,test_private_mixed,/content/msila/src/data/vial/test_private_mixed/212_mixed.png,1900,1400,1.0
vial,test_private_mixed,/content/msila/src/data/vial/test_private_mixed/085_mixed.png,1900,1400,1.0
vial,test_private_mixed,/content/msila/src/data/vial/test_private_mixed/269_mixed.png,1900,1400,1.0
vial,test_private_mixed,/content/msila/src/data/vial/test_private_mixed/139_mixed.png,1900,1400,1.0
vial,test_private_mixed,/content/msila/src/data/vial/test_private_mixed/111_mixed.png,1900,1400,1.0
vial,test_private_mixed,/content/msila/src/data/vial/test_private_mixed/032_mixed.png,1900,1400,1.0
vial,test_private_mixed,/content/msila/src/data/vial/test_private_mixed/075_mixed.png,1900,1400,1.0
vial,test_private_mixed,/content/msila/src/data/vial/test_private_mixed/011_mixed.png,1900,1400,1.0
vial,test_private_mixed,/content/msila/src/data/vial/test_private_mixed/107_mixed.png,1900,1400,1.0
vial,test_private_mixed,/content/msila/src/data/vial/test_private_mixed/215_mixed.png,1900,1400,1.0
vial,test_private_mixed,/content/msila/src/data/vial/test_private_mixed/214_mixed.png,1900,1400,1.0
vial,test_private_mixed,/content/msila/src/data/vial/test_private_mixed/202_mixed.png,1900,1400,1.0
vial,test_private_mixed,/content/msila/src/data/vial/test_private_mixed/221_mixed.png,1900,1400,1.0
vial,test_private_mixed,/content/msila/src/data/vial/test_private_mixed/049_mixed.png,1900,1400,1.0
vial,test_private_mixed,/content/msila/src/data/vial/test_private_mixed/128_mixed.png,1900,1400,1.0
vial,test_private_mixed,/content/msila/src/data/vial/test_private_mixed/102_mixed.png,1900,1400,1.0
vial,test_private_mixed,/content/msila/src/data/vial/test_private_mixed/176_mixed.png,1900,1400,1.0
vial,test_private_mixed,/content/msila/src/data/vial/test_private_mixed/200_mixed.png,1900,1400,1.0
vial,test_private_mixed,/content/msila/src/data/vial/test_private_mixed/185_mixed.png,1900,1400,1.0
vial,test_private_mixed,/content/msila/src/data/vial/test_private_mixed/190_mixed.png,1900,1400,1.0
vial,test_private_mixed,/content/msila/src/data/vial/test_private_mixed/064_mixed.png,1900,1400,1.0
vial,test_private_mixed,/content/msila/src/data/vial/test_private_mixed/010_mixed.png,1900,1400,1.0
vial,test_private_mixed,/content/msila/src/data/vial/test_private_mixed/083_mixed.png,1900,1400,1.0
vial,test_private_mixed,/content/msila/src/data/vial/test_private_mixed/172_mixed.png,1900,1400,1.0
vial,test_private_mixed,/content/msila/src/data/vial/test_private_mixed/005_mixed.png,1900,1400,1.0
vial,test_private_mixed,/content/msila/src/data/vial/test_private_mixed/046_mixed.png,1900,1400,1.0
vial,test_private_mixed,/content/msila/src/data/vial/test_private_mixed/238_mixed.png,1900,1400,1.0
vial,test_private_mixed,/content/msila/src/data/vial/test_private_mixed/022_mixed.png,1900,1400,1.0
vial,test_private_mixed,/content/msila/src/data/vial/test_private_mixed/026_mixed.png,1900,1400,1.0
vial,test_private_mixed,/content/msila/src/data/vial/test_private_mixed/256_mixed.png,1900,1400,1.0
vial,test_private_mixed,/content/msila/src/data/vial/test_private_mixed/204_mixed.png,1900,1400,1.0
vial,test_private_mixed,/content/msila/src/data/vial/test_private_mixed/274_mixed.png,1900,1400,1.0
vial,test_private_mixed,/content/msila/src/data/vial/test_private_mixed/040_mixed.png,1900,1400,1.0
vial,test_private_mixed,/content/msila/src/data/vial/test_private_mixed/195_mixed.png,1900,1400,1.0
vial,test_private_mixed,/content/msila/src/data/vial/test_private_mixed/073_mixed.png,1900,1400,1.0
vial,test_private_mixed,/content/msila/src/data/vial/test_private_mixed/004_mixed.png,1900,1400,1.0
vial,test_private_mixed,/content/msila/src/data/vial/test_private_mixed/057_mixed.png,1900,1400,1.0
vial,test_private_mixed,/content/msila/src/data/vial/test_private_mixed/174_mixed.png,1900,1400,1.0
vial,test_private_mixed,/content/msila/src/data/vial/test_private_mixed/143_mixed.png,1900,1400,1.0
vial,test_private_mixed,/content/msila/src/data/vial/test_private_mixed/068_mixed.png,1900,1400,1.0
vial,test_private_mixed,/content/msila/src/data/vial/test_private_mixed/038_mixed.png,1900,1400,1.0
vial,test_private_mixed,/content/msila/src/data/vial/test_private_mixed/165_mixed.png,1900,1400,1.0
vial,test_private_mixed,/content/msila/src/data/vial/test_private_mixed/114_mixed.png,1900,1400,1.0
vial,test_private_mixed,/content/msila/src/data/vial/test_private_mixed/151_mixed.png,1900,1400,1.0
vial,test_private_mixed,/content/msila/src/data/vial/test_private_mixed/105_mixed.png,1900,1400,1.0
vial,test_private_mixed,/content/msila/src/data/vial/test_private_mixed/021_mixed.png,1900,1400,1.0
vial,test_private_mixed,/content/msila/src/data/vial/test_private_mixed/090_mixed.png,1900,1400,1.0
vial,test_private_mixed,/content/msila/src/data/vial/test_private_mixed/271_mixed.png,1900,1400,1.0
vial,test_private_mixed,/content/msila/src/data/vial/test_private_mixed/199_mixed.png,1900,1400,1.0
vial,test_private_mixed,/content/msila/src/data/vial/test_private_mixed/056_mixed.png,1900,1400,1.0
vial,test_private_mixed,/content/msila/src/data/vial/test_private_mixed/135_mixed.png,1900,1400,1.0
vial,test_private_mixed,/content/msila/src/data/vial/test_private_mixed/024_mixed.png,1900,1400,1.0
vial,test_private_mixed,/content/msila/src/data/vial/test_private_mixed/227_mixed.png,1900,1400,1.0
vial,test_private_mixed,/content/msila/src/data/vial/test_private_mixed/072_mixed.png,1900,1400,1.0
vial,test_private_mixed,/content/msila/src/data/vial/test_private_mixed/030_mixed.png,1900,1400,1.0
vial,test_private_mixed,/content/msila/src/data/vial/test_private_mixed/140_mixed.png,1900,1400,1.0
vial,test_private_mixed,/content/msila/src/data/vial/test_private_mixed/216_mixed.png,1900,1400,1.0
vial,test_private_mixed,/content/msila/src/data/vial/test_private_mixed/261_mixed.png,1900,1400,1.0
vial,test_private_mixed,/content/msila/src/data/vial/test_private_mixed/180_mixed.png,1900,1400,1.0
vial,test_private_mixed,/content/msila/src/data/vial/test_private_mixed/110_mixed.png,1900,1400,1.0
vial,test_private_mixed,/content/msila/src/data/vial/test_private_mixed/201_mixed.png,1900,1400,1.0
vial,test_private_mixed,/content/msila/src/data/vial/test_private_mixed/229_mixed.png,1900,1400,1.0
vial,test_private_mixed,/content/msila/src/data/vial/test_private_mixed/267_mixed.png,1900,1400,1.0
vial,test_private_mixed,/content/msila/src/data/vial/test_private_mixed/025_mixed.png,1900,1400,1.0
vial,test_private_mixed,/content/msila/src/data/vial/test_private_mixed/007_mixed.png,1900,1400,1.0
vial,test_private_mixed,/content/msila/src/data/vial/test_private_mixed/253_mixed.png,1900,1400,1.0
vial,test_private_mixed,/content/msila/src/data/vial/test_private_mixed/014_mixed.png,1900,1400,1.0
vial,test_private_mixed,/content/msila/src/data/vial/test_private_mixed/121_mixed.png,1900,1400,1.0
vial,test_private_mixed,/content/msila/src/data/vial/test_private_mixed/160_mixed.png,1900,1400,1.0
vial,test_private_mixed,/content/msila/src/data/vial/test_private_mixed/153_mixed.png,1900,1400,1.0
vial,test_private_mixed,/content/msila/src/data/vial/test_private_mixed/042_mixed.png,1900,1400,1.0
vial,test_private_mixed,/content/msila/src/data/vial/test_private_mixed/233_mixed.png,1900,1400,1.0
vial,test_private_mixed,/content/msila/src/data/vial/test_private_mixed/009_mixed.png,1900,1400,1.0
vial,test_private_mixed,/content/msila/src/data/vial/test_private_mixed/120_mixed.png,1900,1400,1.0
vial,test_private_mixed,/content/msila/src/data/vial/test_private_mixed/224_mixed.png,1900,1400,1.0
vial,test_private_mixed,/content/msila/src/data/vial/test_private_mixed/063_mixed.png,1900,1400,1.0
vial,test_private_mixed,/content/msila/src/data/vial/test_private_mixed/109_mixed.png,1900,1400,1.0
vial,test_private_mixed,/content/msila/src/data/vial/test_private_mixed/186_mixed.png,1900,1400,1.0
vial,test_private_mixed,/content/msila/src/data/vial/test_private_mixed/141_mixed.png,1900,1400,1.0
vial,test_private_mixed,/content/msila/src/data/vial/test_private_mixed/164_mixed.png,1900,1400,1.0
vial,test_private_mixed,/content/msila/src/data/vial/test_private_mixed/144_mixed.png,1900,1400,1.0
vial,test_private_mixed,/content/msila/src/data/vial/test_private_mixed/125_mixed.png,1900,1400,1.0
vial,test_private_mixed,/content/msila/src/data/vial/test_private_mixed/045_mixed.png,1900,1400,1.0
vial,test_private_mixed,/content/msila/src/data/vial/test_private_mixed/223_mixed.png,1900,1400,1.0
vial,test_private_mixed,/content/msila/src/data/vial/test_private_mixed/065_mixed.png,1900,1400,1.0
vial,test_private_mixed,/content/msila/src/data/vial/test_private_mixed/136_mixed.png,1900,1400,1.0
vial,test_private_mixed,/content/msila/src/data/vial/test_private_mixed/132_mixed.png,1900,1400,1.0
vial,test_private_mixed,/content/msila/src/data/vial/test_private_mixed/197_mixed.png,1900,1400,1.0
vial,test_private_mixed,/content/msila/src/data/vial/test_private_mixed/258_mixed.png,1900,1400,1.0
vial,test_private_mixed,/content/msila/src/data/vial/test_private_mixed/255_mixed.png,1900,1400,1.0
vial,test_private_mixed,/content/msila/src/data/vial/test_private_mixed/093_mixed.png,1900,1400,1.0
vial,test_private_mixed,/content/msila/src/data/vial/test_private_mixed/257_mixed.png,1900,1400,1.0
vial,test_private_mixed,/content/msila/src/data/vial/test_private_mixed/103_mixed.png,1900,1400,1.0
vial,test_private_mixed,/content/msila/src/data/vial/test_private_mixed/031_mixed.png,1900,1400,1.0
vial,test_private_mixed,/content/msila/src/data/vial/test_private_mixed/001_mixed.png,1900,1400,1.0
vial,test_private_mixed,/content/msila/src/data/vial/test_private_mixed/241_mixed.png,1900,1400,1.0
vial,test_private_mixed,/content/msila/src/data/vial/test_private_mixed/077_mixed.png,1900,1400,1.0
vial,test_private_mixed,/content/msila/src/data/vial/test_private_mixed/249_mixed.png,1900,1400,1.0
vial,test_private_mixed,/content/msila/src/data/vial/test_private_mixed/220_mixed.png,1900,1400,1.0
vial,test_private_mixed,/content/msila/src/data/vial/test_private_mixed/265_mixed.png,1900,1400,1.0
vial,test_private_mixed,/content/msila/src/data/vial/test_private_mixed/112_mixed.png,1900,1400,1.0
vial,test_private_mixed,/content/msila/src/data/vial/test_private_mixed/088_mixed.png,1900,1400,1.0
vial,test_private_mixed,/content/msila/src/data/vial/test_private_mixed/023_mixed.png,1900,1400,1.0
vial,test_private_mixed,/content/msila/src/data/vial/test_private_mixed/043_mixed.png,1900,1400,1.0
vial,test_private_mixed,/content/msila/src/data/vial/test_private_mixed/096_mixed.png,1900,1400,1.0
vial,test_private_mixed,/content/msila/src/data/vial/test_private_mixed/207_mixed.png,1900,1400,1.0
vial,test_private_mixed,/content/msila/src/data/vial/test_private_mixed/115_mixed.png,1900,1400,1.0
vial,test_private_mixed,/content/msila/src/data/vial/test_private_mixed/225_mixed.png,1900,1400,1.0
vial,test_private_mixed,/content/msila/src/data/vial/test_private_mixed/131_mixed.png,1900,1400,1.0
vial,test_private_mixed,/content/msila/src/data/vial/test_private_mixed/053_mixed.png,1900,1400,1.0
vial,test_private_mixed,/content/msila/src/data/vial/test_private_mixed/003_mixed.png,1900,1400,1.0
vial,test_private_mixed,/content/msila/src/data/vial/test_private_mixed/142_mixed.png,1900,1400,1.0
vial,test_private_mixed,/content/msila/src/data/vial/test_private_mixed/094_mixed.png,1900,1400,1.0
vial,test_private,/content/msila/src/data/vial/test_private/126_regular.png,1900,1400,1.0
vial,test_private,/content/msila/src/data/vial/test_private/160_regular.png,1900,1400,1.0
vial,test_private,/content/msila/src/data/vial/test_private/023_regular.png,1900,1400,1.0
vial,test_private,/content/msila/src/data/vial/test_private/057_regular.png,1900,1400,1.0
vial,test_private,/content/msila/src/data/vial/test_private/140_regular.png,1900,1400,1.0
vial,test_private,/content/msila/src/data/vial/test_private/019_regular.png,1900,1400,1.0
vial,test_private,/content/msila/src/data/vial/test_private/146_regular.png,1900,1400,1.0
vial,test_private,/content/msila/src/data/vial/test_private/217_regular.png,1900,1400,1.0
vial,test_private,/content/msila/src/data/vial/test_private/258_regular.png,1900,1400,1.0
vial,test_private,/content/msila/src/data/vial/test_private/128_regular.png,1900,1400,1.0
vial,test_private,/content/msila/src/data/vial/test_private/233_regular.png,1900,1400,1.0
vial,test_private,/content/msila/src/data/vial/test_private/041_regular.png,1900,1400,1.0
vial,test_private,/content/msila/src/data/vial/test_private/069_regular.png,1900,1400,1.0
vial,test_private,/content/msila/src/data/vial/test_private/216_regular.png,1900,1400,1.0
vial,test_private,/content/msila/src/data/vial/test_private/209_regular.png,1900,1400,1.0
vial,test_private,/content/msila/src/data/vial/test_private/164_regular.png,1900,1400,1.0
vial,test_private,/content/msila/src/data/vial/test_private/142_regular.png,1900,1400,1.0
vial,test_private,/content/msila/src/data/vial/test_private/085_regular.png,1900,1400,1.0
vial,test_private,/content/msila/src/data/vial/test_private/046_regular.png,1900,1400,1.0
vial,test_private,/content/msila/src/data/vial/test_private/219_regular.png,1900,1400,1.0
vial,test_private,/content/msila/src/data/vial/test_private/056_regular.png,1900,1400,1.0
vial,test_private,/content/msila/src/data/vial/test_private/229_regular.png,1900,1400,1.0
vial,test_private,/content/msila/src/data/vial/test_private/261_regular.png,1900,1400,1.0
vial,test_private,/content/msila/src/data/vial/test_private/178_regular.png,1900,1400,1.0
vial,test_private,/content/msila/src/data/vial/test_private/143_regular.png,1900,1400,1.0
vial,test_private,/content/msila/src/data/vial/test_private/248_regular.png,1900,1400,1.0
vial,test_private,/content/msila/src/data/vial/test_private/017_regular.png,1900,1400,1.0
vial,test_private,/content/msila/src/data/vial/test_private/048_regular.png,1900,1400,1.0
vial,test_private,/content/msila/src/data/vial/test_private/118_regular.png,1900,1400,1.0
vial,test_private,/content/msila/src/data/vial/test_private/195_regular.png,1900,1400,1.0
vial,test_private,/content/msila/src/data/vial/test_private/025_regular.png,1900,1400,1.0
vial,test_private,/content/msila/src/data/vial/test_private/230_regular.png,1900,1400,1.0
vial,test_private,/content/msila/src/data/vial/test_private/129_regular.png,1900,1400,1.0
vial,test_private,/content/msila/src/data/vial/test_private/215_regular.png,1900,1400,1.0
vial,test_private,/content/msila/src/data/vial/test_private/003_regular.png,1900,1400,1.0
vial,test_private,/content/msila/src/data/vial/test_private/182_regular.png,1900,1400,1.0
vial,test_private,/content/msila/src/data/vial/test_private/059_regular.png,1900,1400,1.0
vial,test_private,/content/msila/src/data/vial/test_private/000_regular.png,1900,1400,1.0
vial,test_private,/content/msila/src/data/vial/test_private/054_regular.png,1900,1400,1.0
vial,test_private,/content/msila/src/data/vial/test_private/012_regular.png,1900,1400,1.0
vial,test_private,/content/msila/src/data/vial/test_private/114_regular.png,1900,1400,1.0
vial,test_private,/content/msila/src/data/vial/test_private/050_regular.png,1900,1400,1.0
vial,test_private,/content/msila/src/data/vial/test_private/078_regular.png,1900,1400,1.0
vial,test_private,/content/msila/src/data/vial/test_private/252_regular.png,1900,1400,1.0
vial,test_private,/content/msila/src/data/vial/test_private/196_regular.png,1900,1400,1.0
vial,test_private,/content/msila/src/data/vial/test_private/192_regular.png,1900,1400,1.0
vial,test_private,/content/msila/src/data/vial/test_private/127_regular.png,1900,1400,1.0
vial,test_private,/content/msila/src/data/vial/test_private/080_regular.png,1900,1400,1.0
vial,test_private,/content/msila/src/data/vial/test_private/097_regular.png,1900,1400,1.0
vial,test_private,/content/msila/src/data/vial/test_private/033_regular.png,1900,1400,1.0
vial,test_private,/content/msila/src/data/vial/test_private/177_regular.png,1900,1400,1.0
vial,test_private,/content/msila/src/data/vial/test_private/110_regular.png,1900,1400,1.0
vial,test_private,/content/msila/src/data/vial/test_private/273_regular.png,1900,1400,1.0
vial,test_private,/content/msila/src/data/vial/test_private/231_regular.png,1900,1400,1.0
vial,test_private,/content/msila/src/data/vial/test_private/173_regular.png,1900,1400,1.0
vial,test_private,/content/msila/src/data/vial/test_private/153_regular.png,1900,1400,1.0
vial,test_private,/content/msila/src/data/vial/test_private/065_regular.png,1900,1400,1.0
vial,test_private,/content/msila/src/data/vial/test_private/241_regular.png,1900,1400,1.0
vial,test_private,/content/msila/src/data/vial/test_private/096_regular.png,1900,1400,1.0
vial,test_private,/content/msila/src/data/vial/test_private/268_regular.png,1900,1400,1.0
vial,test_private,/content/msila/src/data/vial/test_private/171_regular.png,1900,1400,1.0
vial,test_private,/content/msila/src/data/vial/test_private/082_regular.png,1900,1400,1.0
vial,test_private,/content/msila/src/data/vial/test_private/244_regular.png,1900,1400,1.0
vial,test_private,/content/msila/src/data/vial/test_private/170_regular.png,1900,1400,1.0
vial,test_private,/content/msila/src/data/vial/test_private/009_regular.png,1900,1400,1.0
vial,test_private,/content/msila/src/data/vial/test_private/084_regular.png,1900,1400,1.0
vial,test_private,/content/msila/src/data/vial/test_private/264_regular.png,1900,1400,1.0
vial,test_private,/content/msila/src/data/vial/test_private/188_regular.png,1900,1400,1.0
vial,test_private,/content/msila/src/data/vial/test_private/043_regular.png,1900,1400,1.0
vial,test_private,/content/msila/src/data/vial/test_private/070_regular.png,1900,1400,1.0
vial,test_private,/content/msila/src/data/vial/test_private/246_regular.png,1900,1400,1.0
vial,test_private,/content/msila/src/data/vial/test_private/181_regular.png,1900,1400,1.0
vial,test_private,/content/msila/src/data/vial/test_private/254_regular.png,1900,1400,1.0
vial,test_private,/content/msila/src/data/vial/test_private/108_regular.png,1900,1400,1.0
vial,test_private,/content/msila/src/data/vial/test_private/174_regular.png,1900,1400,1.0
vial,test_private,/content/msila/src/data/vial/test_private/256_regular.png,1900,1400,1.0
vial,test_private,/content/msila/src/data/vial/test_private/165_regular.png,1900,1400,1.0
vial,test_private,/content/msila/src/data/vial/test_private/201_regular.png,1900,1400,1.0
vial,test_private,/content/msila/src/data/vial/test_private/203_regular.png,1900,1400,1.0
vial,test_private,/content/msila/src/data/vial/test_private/135_regular.png,1900,1400,1.0
vial,test_private,/content/msila/src/data/vial/test_private/213_regular.png,1900,1400,1.0
vial,test_private,/content/msila/src/data/vial/test_private/111_regular.png,1900,1400,1.0
vial,test_private,/content/msila/src/data/vial/test_private/042_regular.png,1900,1400,1.0
vial,test_private,/content/msila/src/data/vial/test_private/103_regular.png,1900,1400,1.0
vial,test_private,/content/msila/src/data/vial/test_private/199_regular.png,1900,1400,1.0
vial,test_private,/content/msila/src/data/vial/test_private/094_regular.png,1900,1400,1.0
vial,test_private,/content/msila/src/data/vial/test_private/105_regular.png,1900,1400,1.0
vial,test_private,/content/msila/src/data/vial/test_private/115_regular.png,1900,1400,1.0
vial,test_private,/content/msila/src/data/vial/test_private/038_regular.png,1900,1400,1.0
vial,test_private,/content/msila/src/data/vial/test_private/067_regular.png,1900,1400,1.0
vial,test_private,/content/msila/src/data/vial/test_private/234_regular.png,1900,1400,1.0
vial,test_private,/content/msila/src/data/vial/test_private/099_regular.png,1900,1400,1.0
vial,test_private,/content/msila/src/data/vial/test_private/121_regular.png,1900,1400,1.0
vial,test_private,/content/msila/src/data/vial/test_private/063_regular.png,1900,1400,1.0
vial,test_private,/content/msila/src/data/vial/test_private/194_regular.png,1900,1400,1.0
vial,test_private,/content/msila/src/data/vial/test_private/109_regular.png,1900,1400,1.0
vial,test_private,/content/msila/src/data/vial/test_private/077_regular.png,1900,1400,1.0
vial,test_private,/content/msila/src/data/vial/test_private/093_regular.png,1900,1400,1.0
vial,test_private,/content/msila/src/data/vial/test_private/172_regular.png,1900,1400,1.0
vial,test_private,/content/msila/src/data/vial/test_private/130_regular.png,1900,1400,1.0
vial,test_private,/content/msila/src/data/vial/test_private/036_regular.png,1900,1400,1.0
vial,test_private,/content/msila/src/data/vial/test_private/119_regular.png,1900,1400,1.0
vial,test_private,/content/msila/src/data/vial/test_private/269_regular.png,1900,1400,1.0
vial,test_private,/content/msila/src/data/vial/test_private/087_regular.png,1900,1400,1.0
vial,test_private,/content/msila/src/data/vial/test_private/255_regular.png,1900,1400,1.0
vial,test_private,/content/msila/src/data/vial/test_private/185_regular.png,1900,1400,1.0
vial,test_private,/content/msila/src/data/vial/test_private/204_regular.png,1900,1400,1.0
vial,test_private,/content/msila/src/data/vial/test_private/073_regular.png,1900,1400,1.0
vial,test_private,/content/msila/src/data/vial/test_private/032_regular.png,1900,1400,1.0
vial,test_private,/content/msila/src/data/vial/test_private/013_regular.png,1900,1400,1.0
vial,test_private,/content/msila/src/data/vial/test_private/265_regular.png,1900,1400,1.0
vial,test_private,/content/msila/src/data/vial/test_private/212_regular.png,1900,1400,1.0
vial,test_private,/content/msila/src/data/vial/test_private/157_regular.png,1900,1400,1.0
vial,test_private,/content/msila/src/data/vial/test_private/006_regular.png,1900,1400,1.0
vial,test_private,/content/msila/src/data/vial/test_private/040_regular.png,1900,1400,1.0
vial,test_private,/content/msila/src/data/vial/test_private/028_regular.png,1900,1400,1.0
vial,test_private,/content/msila/src/data/vial/test_private/235_regular.png,1900,1400,1.0
vial,test_private,/content/msila/src/data/vial/test_private/064_regular.png,1900,1400,1.0
vial,test_private,/content/msila/src/data/vial/test_private/190_regular.png,1900,1400,1.0
vial,test_private,/content/msila/src/data/vial/test_private/045_regular.png,1900,1400,1.0
vial,test_private,/content/msila/src/data/vial/test_private/270_regular.png,1900,1400,1.0
vial,test_private,/content/msila/src/data/vial/test_private/145_regular.png,1900,1400,1.0
vial,test_private,/content/msila/src/data/vial/test_private/098_regular.png,1900,1400,1.0
vial,test_private,/content/msila/src/data/vial/test_private/262_regular.png,1900,1400,1.0
vial,test_private,/content/msila/src/data/vial/test_private/197_regular.png,1900,1400,1.0
vial,test_private,/content/msila/src/data/vial/test_private/238_regular.png,1900,1400,1.0
vial,test_private,/content/msila/src/data/vial/test_private/222_regular.png,1900,1400,1.0
vial,test_private,/content/msila/src/data/vial/test_private/034_regular.png,1900,1400,1.0
vial,test_private,/content/msila/src/data/vial/test_private/112_regular.png,1900,1400,1.0
vial,test_private,/content/msila/src/data/vial/test_private/175_regular.png,1900,1400,1.0
vial,test_private,/content/msila/src/data/vial/test_private/138_regular.png,1900,1400,1.0
vial,test_private,/content/msila/src/data/vial/test_private/224_regular.png,1900,1400,1.0
vial,test_private,/content/msila/src/data/vial/test_private/086_regular.png,1900,1400,1.0
vial,test_private,/content/msila/src/data/vial/test_private/169_regular.png,1900,1400,1.0
vial,test_private,/content/msila/src/data/vial/test_private/191_regular.png,1900,1400,1.0
vial,test_private,/content/msila/src/data/vial/test_private/260_regular.png,1900,1400,1.0
vial,test_private,/content/msila/src/data/vial/test_private/147_regular.png,1900,1400,1.0
vial,test_private,/content/msila/src/data/vial/test_private/198_regular.png,1900,1400,1.0
vial,test_private,/content/msila/src/data/vial/test_private/102_regular.png,1900,1400,1.0
vial,test_private,/content/msila/src/data/vial/test_private/113_regular.png,1900,1400,1.0
vial,test_private,/content/msila/src/data/vial/test_private/218_regular.png,1900,1400,1.0
vial,test_private,/content/msila/src/data/vial/test_private/107_regular.png,1900,1400,1.0
vial,test_private,/content/msila/src/data/vial/test_private/149_regular.png,1900,1400,1.0
vial,test_private,/content/msila/src/data/vial/test_private/095_regular.png,1900,1400,1.0
vial,test_private,/content/msila/src/data/vial/test_private/101_regular.png,1900,1400,1.0
vial,test_private,/content/msila/src/data/vial/test_private/168_regular.png,1900,1400,1.0
vial,test_private,/content/msila/src/data/vial/test_private/092_regular.png,1900,1400,1.0
vial,test_private,/content/msila/src/data/vial/test_private/240_regular.png,1900,1400,1.0
vial,test_private,/content/msila/src/data/vial/test_private/047_regular.png,1900,1400,1.0
vial,test_private,/content/msila/src/data/vial/test_private/053_regular.png,1900,1400,1.0
vial,test_private,/content/msila/src/data/vial/test_private/237_regular.png,1900,1400,1.0
vial,test_private,/content/msila/src/data/vial/test_private/021_regular.png,1900,1400,1.0
vial,test_private,/content/msila/src/data/vial/test_private/076_regular.png,1900,1400,1.0
vial,test_private,/content/msila/src/data/vial/test_private/090_regular.png,1900,1400,1.0
vial,test_private,/content/msila/src/data/vial/test_private/271_regular.png,1900,1400,1.0
vial,test_private,/content/msila/src/data/vial/test_private/159_regular.png,1900,1400,1.0
vial,test_private,/content/msila/src/data/vial/test_private/187_regular.png,1900,1400,1.0
vial,test_private,/content/msila/src/data/vial/test_private/075_regular.png,1900,1400,1.0
vial,test_private,/content/msila/src/data/vial/test_private/163_regular.png,1900,1400,1.0
vial,test_private,/content/msila/src/data/vial/test_private/010_regular.png,1900,1400,1.0
vial,test_private,/content/msila/src/data/vial/test_private/247_regular.png,1900,1400,1.0
vial,test_private,/content/msila/src/data/vial/test_private/049_regular.png,1900,1400,1.0
vial,test_private,/content/msila/src/data/vial/test_private/220_regular.png,1900,1400,1.0
vial,test_private,/content/msila/src/data/vial/test_private/015_regular.png,1900,1400,1.0
vial,test_private,/content/msila/src/data/vial/test_private/249_regular.png,1900,1400,1.0
vial,test_private,/content/msila/src/data/vial/test_private/005_regular.png,1900,1400,1.0
vial,test_private,/content/msila/src/data/vial/test_private/133_regular.png,1900,1400,1.0
vial,test_private,/content/msila/src/data/vial/test_private/030_regular.png,1900,1400,1.0
vial,test_private,/content/msila/src/data/vial/test_private/144_regular.png,1900,1400,1.0
vial,test_private,/content/msila/src/data/vial/test_private/124_regular.png,1900,1400,1.0
vial,test_private,/content/msila/src/data/vial/test_private/022_regular.png,1900,1400,1.0
vial,test_private,/content/msila/src/data/vial/test_private/223_regular.png,1900,1400,1.0
vial,test_private,/content/msila/src/data/vial/test_private/243_regular.png,1900,1400,1.0
vial,test_private,/content/msila/src/data/vial/test_private/088_regular.png,1900,1400,1.0
vial,test_private,/content/msila/src/data/vial/test_private/206_regular.png,1900,1400,1.0
vial,test_private,/content/msila/src/data/vial/test_private/116_regular.png,1900,1400,1.0
vial,test_private,/content/msila/src/data/vial/test_private/014_regular.png,1900,1400,1.0
vial,test_private,/content/msila/src/data/vial/test_private/018_regular.png,1900,1400,1.0
vial,test_private,/content/msila/src/data/vial/test_private/122_regular.png,1900,1400,1.0
vial,test_private,/content/msila/src/data/vial/test_private/125_regular.png,1900,1400,1.0
vial,test_private,/content/msila/src/data/vial/test_private/074_regular.png,1900,1400,1.0
vial,test_private,/content/msila/src/data/vial/test_private/002_regular.png,1900,1400,1.0
vial,test_private,/content/msila/src/data/vial/test_private/132_regular.png,1900,1400,1.0
vial,test_private,/content/msila/src/data/vial/test_private/051_regular.png,1900,1400,1.0
vial,test_private,/content/msila/src/data/vial/test_private/162_regular.png,1900,1400,1.0
vial,test_private,/content/msila/src/data/vial/test_private/123_regular.png,1900,1400,1.0
vial,test_private,/content/msila/src/data/vial/test_private/155_regular.png,1900,1400,1.0
vial,test_private,/content/msila/src/data/vial/test_private/257_regular.png,1900,1400,1.0
vial,test_private,/content/msila/src/data/vial/test_private/152_regular.png,1900,1400,1.0
vial,test_private,/content/msila/src/data/vial/test_private/151_regular.png,1900,1400,1.0
vial,test_private,/content/msila/src/data/vial/test_private/079_regular.png,1900,1400,1.0
vial,test_private,/content/msila/src/data/vial/test_private/044_regular.png,1900,1400,1.0
vial,test_private,/content/msila/src/data/vial/test_private/226_regular.png,1900,1400,1.0
vial,test_private,/content/msila/src/data/vial/test_private/272_regular.png,1900,1400,1.0
vial,test_private,/content/msila/src/data/vial/test_private/091_regular.png,1900,1400,1.0
vial,test_private,/content/msila/src/data/vial/test_private/239_regular.png,1900,1400,1.0
vial,test_private,/content/msila/src/data/vial/test_private/134_regular.png,1900,1400,1.0
vial,test_private,/content/msila/src/data/vial/test_private/161_regular.png,1900,1400,1.0
vial,test_private,/content/msila/src/data/vial/test_private/106_regular.png,1900,1400,1.0
vial,test_private,/content/msila/src/data/vial/test_private/167_regular.png,1900,1400,1.0
vial,test_private,/content/msila/src/data/vial/test_private/259_regular.png,1900,1400,1.0
vial,test_private,/content/msila/src/data/vial/test_private/139_regular.png,1900,1400,1.0
vial,test_private,/content/msila/src/data/vial/test_private/253_regular.png,1900,1400,1.0
vial,test_private,/content/msila/src/data/vial/test_private/072_regular.png,1900,1400,1.0
vial,test_private,/content/msila/src/data/vial/test_private/245_regular.png,1900,1400,1.0
vial,test_private,/content/msila/src/data/vial/test_private/004_regular.png,1900,1400,1.0
vial,test_private,/content/msila/src/data/vial/test_private/055_regular.png,1900,1400,1.0
vial,test_private,/content/msila/src/data/vial/test_private/100_regular.png,1900,1400,1.0
vial,test_private,/content/msila/src/data/vial/test_private/117_regular.png,1900,1400,1.0
vial,test_private,/content/msila/src/data/vial/test_private/228_regular.png,1900,1400,1.0
vial,test_private,/content/msila/src/data/vial/test_private/184_regular.png,1900,1400,1.0
vial,test_private,/content/msila/src/data/vial/test_private/225_regular.png,1900,1400,1.0
vial,test_private,/content/msila/src/data/vial/test_private/150_regular.png,1900,1400,1.0
vial,test_private,/content/msila/src/data/vial/test_private/016_regular.png,1900,1400,1.0
vial,test_private,/content/msila/src/data/vial/test_private/024_regular.png,1900,1400,1.0
vial,test_private,/content/msila/src/data/vial/test_private/166_regular.png,1900,1400,1.0
vial,test_private,/content/msila/src/data/vial/test_private/251_regular.png,1900,1400,1.0
vial,test_private,/content/msila/src/data/vial/test_private/266_regular.png,1900,1400,1.0
vial,test_private,/content/msila/src/data/vial/test_private/039_regular.png,1900,1400,1.0
vial,test_private,/content/msila/src/data/vial/test_private/176_regular.png,1900,1400,1.0
vial,test_private,/content/msila/src/data/vial/test_private/211_regular.png,1900,1400,1.0
vial,test_private,/content/msila/src/data/vial/test_private/037_regular.png,1900,1400,1.0
vial,test_private,/content/msila/src/data/vial/test_private/011_regular.png,1900,1400,1.0
vial,test_private,/content/msila/src/data/vial/test_private/200_regular.png,1900,1400,1.0
vial,test_private,/content/msila/src/data/vial/test_private/104_regular.png,1900,1400,1.0
vial,test_private,/content/msila/src/data/vial/test_private/062_regular.png,1900,1400,1.0
vial,test_private,/content/msila/src/data/vial/test_private/154_regular.png,1900,1400,1.0
vial,test_private,/content/msila/src/data/vial/test_private/060_regular.png,1900,1400,1.0
vial,test_private,/content/msila/src/data/vial/test_private/027_regular.png,1900,1400,1.0
vial,test_private,/content/msila/src/data/vial/test_private/029_regular.png,1900,1400,1.0
vial,test_private,/content/msila/src/data/vial/test_private/148_regular.png,1900,1400,1.0
vial,test_private,/content/msila/src/data/vial/test_private/020_regular.png,1900,1400,1.0
vial,test_private,/content/msila/src/data/vial/test_private/221_regular.png,1900,1400,1.0
vial,test_private,/content/msila/src/data/vial/test_private/120_regular.png,1900,1400,1.0
vial,test_private,/content/msila/src/data/vial/test_private/007_regular.png,1900,1400,1.0
vial,test_private,/content/msila/src/data/vial/test_private/274_regular.png,1900,1400,1.0
vial,test_private,/content/msila/src/data/vial/test_private/275_regular.png,1900,1400,1.0
vial,test_private,/content/msila/src/data/vial/test_private/189_regular.png,1900,1400,1.0
vial,test_private,/content/msila/src/data/vial/test_private/207_regular.png,1900,1400,1.0
vial,test_private,/content/msila/src/data/vial/test_private/242_regular.png,1900,1400,1.0
vial,test_private,/content/msila/src/data/vial/test_private/083_regular.png,1900,1400,1.0
vial,test_private,/content/msila/src/data/vial/test_private/183_regular.png,1900,1400,1.0
vial,test_private,/content/msila/src/data/vial/test_private/001_regular.png,1900,1400,1.0
vial,test_private,/content/msila/src/data/vial/test_private/066_regular.png,1900,1400,1.0
vial,test_private,/content/msila/src/data/vial/test_private/136_regular.png,1900,1400,1.0
vial,test_private,/content/msila/src/data/vial/test_private/026_regular.png,1900,1400,1.0
vial,test_private,/content/msila/src/data/vial/test_private/193_regular.png,1900,1400,1.0
vial,test_private,/content/msila/src/data/vial/test_private/031_regular.png,1900,1400,1.0
vial,test_private,/content/msila/src/data/vial/test_private/158_regular.png,1900,1400,1.0
vial,test_private,/content/msila/src/data/vial/test_private/081_regular.png,1900,1400,1.0
vial,test_private,/content/msila/src/data/vial/test_private/141_regular.png,1900,1400,1.0
vial,test_private,/content/msila/src/data/vial/test_private/208_regular.png,1900,1400,1.0
vial,test_private,/content/msila/src/data/vial/test_private/035_regular.png,1900,1400,1.0
vial,test_private,/content/msila/src/data/vial/test_private/008_regular.png,1900,1400,1.0
vial,test_private,/content/msila/src/data/vial/test_private/137_regular.png,1900,1400,1.0
vial,test_private,/content/msila/src/data/vial/test_private/263_regular.png,1900,1400,1.0
vial,test_private,/content/msila/src/data/vial/test_private/250_regular.png,1900,1400,1.0
vial,test_private,/content/msila/src/data/vial/test_private/210_regular.png,1900,1400,1.0
vial,test_private,/content/msila/src/data/vial/test_private/156_regular.png,1900,1400,1.0
vial,test_private,/content/msila/src/data/vial/test_private/058_regular.png,1900,1400,1.0
vial,test_private,/content/msila/src/data/vial/test_private/205_regular.png,1900,1400,1.0
vial,test_private,/content/msila/src/data/vial/test_private/236_regular.png,1900,1400,1.0
vial,test_private,/content/msila/src/data/vial/test_private/186_regular.png,1900,1400,1.0
vial,test_private,/content/msila/src/data/vial/test_private/227_regular.png,1900,1400,1.0
vial,test_private,/content/msila/src/data/vial/test_private/052_regular.png,1900,1400,1.0
vial,test_private,/content/msila/src/data/vial/test_private/131_regular.png,1900,1400,1.0
vial,test_private,/content/msila/src/data/vial/test_private/267_regular.png,1900,1400,1.0
vial,test_private,/content/msila/src/data/vial/test_private/214_regular.png,1900,1400,1.0
vial,test_private,/content/msila/src/data/vial/test_private/179_regular.png,1900,1400,1.0
vial,test_private,/content/msila/src/data/vial/test_private/202_regular.png,1900,1400,1.0
vial,test_private,/content/msila/src/data/vial/test_private/232_regular.png,1900,1400,1.0
vial,test_private,/content/msila/src/data/vial/test_private/071_regular.png,1900,1400,1.0
vial,test_private,/content/msila/src/data/vial/test_private/180_regular.png,1900,1400,1.0
vial,test_private,/content/msila/src/data/vial/test_private/089_regular.png,1900,1400,1.0
vial,test_private,/content/msila/src/data/vial/test_private/061_regular.png,1900,1400,1.0
vial,test_private,/content/msila/src/data/vial/test_private/068_regular.png,1900,1400,1.0
vial,validation,/content/msila/src/data/vial/validation/good/023_regular.png,1900,1400,1.0
vial,validation,/content/msila/src/data/vial/validation/good/019_regular.png,1900,1400,1.0
vial,validation,/content/msila/src/data/vial/validation/good/017_regular.png,1900,1400,1.0
vial,validation,/content/msila/src/data/vial/validation/good/025_regular.png,1900,1400,1.0
vial,validation,/content/msila/src/data/vial/validation/good/003_regular.png,1900,1400,1.0
vial,validation,/content/msila/src/data/vial/validation/good/000_regular.png,1900,1400,1.0
vial,validation,/content/msila/src/data/vial/validation/good/012_regular.png,1900,1400,1.0
vial,validation,/content/msila/src/data/vial/validation/good/033_regular.png,1900,1400,1.0
vial,validation,/content/msila/src/data/vial/validation/good/009_regular.png,1900,1400,1.0
vial,validation,/content/msila/src/data/vial/validation/good/038_regular.png,1900,1400,1.0
vial,validation,/content/msila/src/data/vial/validation/good/036_regular.png,1900,1400,1.0
vial,validation,/content/msila/src/data/vial/validation/good/032_regular.png,1900,1400,1.0
vial,validation,/content/msila/src/data/vial/validation/good/013_regular.png,1900,1400,1.0
vial,validation,/content/msila/src/data/vial/validation/good/006_regular.png,1900,1400,1.0
vial,validation,/content/msila/src/data/vial/validation/good/040_regular.png,1900,1400,1.0
vial,validation,/content/msila/src/data/vial/validation/good/028_regular.png,1900,1400,1.0
vial,validation,/content/msila/src/data/vial/validation/good/034_regular.png,1900,1400,1.0
vial,validation,/content/msila/src/data/vial/validation/good/021_regular.png,1900,1400,1.0
vial,validation,/content/msila/src/data/vial/validation/good/010_regular.png,1900,1400,1.0
vial,validation,/content/msila/src/data/vial/validation/good/015_regular.png,1900,1400,1.0
vial,validation,/content/msila/src/data/vial/validation/good/005_regular.png,1900,1400,1.0
vial,validation,/content/msila/src/data/vial/validation/good/030_regular.png,1900,1400,1.0
vial,validation,/content/msila/src/data/vial/validation/good/022_regular.png,1900,1400,1.0
vial,validation,/content/msila/src/data/vial/validation/good/014_regular.png,1900,1400,1.0
vial,validation,/content/msila/src/data/vial/validation/good/018_regular.png,1900,1400,1.0
vial,validation,/content/msila/src/data/vial/validation/good/002_regular.png,1900,1400,1.0
vial,validation,/content/msila/src/data/vial/validation/good/004_regular.png,1900,1400,1.0
vial,validation,/content/msila/src/data/vial/validation/good/016_regular.png,1900,1400,1.0
vial,validation,/content/msila/src/data/vial/validation/good/024_regular.png,1900,1400,1.0
vial,validation,/content/msila/src/data/vial/validation/good/039_regular.png,1900,1400,1.0
vial,validation,/content/msila/src/data/vial/validation/good/037_regular.png,1900,1400,1.0
vial,validation,/content/msila/src/data/vial/validation/good/011_regular.png,1900,1400,1.0
vial,validation,/content/msila/src/data/vial/validation/good/027_regular.png,1900,1400,1.0
vial,validation,/content/msila/src/data/vial/validation/good/029_regular.png,1900,1400,1.0
vial,validation,/content/msila/src/data/vial/validation/good/020_regular.png,1900,1400,1.0
vial,validation,/content/msila/src/data/vial/validation/good/007_regular.png,1900,1400,1.0
vial,validation,/content/msila/src/data/vial/validation/good/001_regular.png,1900,1400,1.0
vial,validation,/content/msila/src/data/vial/validation/good/026_regular.png,1900,1400,1.0
vial,validation,/content/msila/src/data/vial/validation/good/031_regular.png,1900,1400,1.0
vial,validation,/content/msila/src/data/vial/validation/good/035_regular.png,1900,1400,1.0
vial,validation,/content/msila/src/data/vial/validation/good/008_regular.png,1900,1400,1.0
vial,train,/content/msila/src/data/vial/train/good/126_regular.png,1900,1400,1.0
vial,train,/content/msila/src/data/vial/train/good/160_regular.png,1900,1400,1.0
vial,train,/content/msila/src/data/vial/train/good/023_regular.png,1900,1400,1.0
vial,train,/content/msila/src/data/vial/train/good/057_regular.png,1900,1400,1.0
vial,train,/content/msila/src/data/vial/train/good/140_regular.png,1900,1400,1.0
vial,train,/content/msila/src/data/vial/train/good/019_regular.png,1900,1400,1.0
vial,train,/content/msila/src/data/vial/train/good/146_regular.png,1900,1400,1.0
vial,train,/content/msila/src/data/vial/train/good/217_regular.png,1900,1400,1.0
vial,train,/content/msila/src/data/vial/train/good/258_regular.png,1900,1400,1.0
vial,train,/content/msila/src/data/vial/train/good/128_regular.png,1900,1400,1.0
vial,train,/content/msila/src/data/vial/train/good/233_regular.png,1900,1400,1.0
vial,train,/content/msila/src/data/vial/train/good/041_regular.png,1900,1400,1.0
vial,train,/content/msila/src/data/vial/train/good/069_regular.png,1900,1400,1.0
vial,train,/content/msila/src/data/vial/train/good/216_regular.png,1900,1400,1.0
vial,train,/content/msila/src/data/vial/train/good/209_regular.png,1900,1400,1.0
vial,train,/content/msila/src/data/vial/train/good/164_regular.png,1900,1400,1.0
vial,train,/content/msila/src/data/vial/train/good/142_regular.png,1900,1400,1.0
vial,train,/content/msila/src/data/vial/train/good/085_regular.png,1900,1400,1.0
vial,train,/content/msila/src/data/vial/train/good/046_regular.png,1900,1400,1.0
vial,train,/content/msila/src/data/vial/train/good/219_regular.png,1900,1400,1.0
vial,train,/content/msila/src/data/vial/train/good/056_regular.png,1900,1400,1.0
vial,train,/content/msila/src/data/vial/train/good/229_regular.png,1900,1400,1.0
vial,train,/content/msila/src/data/vial/train/good/261_regular.png,1900,1400,1.0
vial,train,/content/msila/src/data/vial/train/good/178_regular.png,1900,1400,1.0
vial,train,/content/msila/src/data/vial/train/good/143_regular.png,1900,1400,1.0
vial,train,/content/msila/src/data/vial/train/good/248_regular.png,1900,1400,1.0
vial,train,/content/msila/src/data/vial/train/good/017_regular.png,1900,1400,1.0
vial,train,/content/msila/src/data/vial/train/good/048_regular.png,1900,1400,1.0
vial,train,/content/msila/src/data/vial/train/good/118_regular.png,1900,1400,1.0
vial,train,/content/msila/src/data/vial/train/good/195_regular.png,1900,1400,1.0
vial,train,/content/msila/src/data/vial/train/good/025_regular.png,1900,1400,1.0
vial,train,/content/msila/src/data/vial/train/good/230_regular.png,1900,1400,1.0
vial,train,/content/msila/src/data/vial/train/good/129_regular.png,1900,1400,1.0
vial,train,/content/msila/src/data/vial/train/good/215_regular.png,1900,1400,1.0
vial,train,/content/msila/src/data/vial/train/good/003_regular.png,1900,1400,1.0
vial,train,/content/msila/src/data/vial/train/good/182_regular.png,1900,1400,1.0
vial,train,/content/msila/src/data/vial/train/good/059_regular.png,1900,1400,1.0
vial,train,/content/msila/src/data/vial/train/good/000_regular.png,1900,1400,1.0
vial,train,/content/msila/src/data/vial/train/good/054_regular.png,1900,1400,1.0
vial,train,/content/msila/src/data/vial/train/good/281_regular.png,1900,1400,1.0
vial,train,/content/msila/src/data/vial/train/good/012_regular.png,1900,1400,1.0
vial,train,/content/msila/src/data/vial/train/good/114_regular.png,1900,1400,1.0
vial,train,/content/msila/src/data/vial/train/good/050_regular.png,1900,1400,1.0
vial,train,/content/msila/src/data/vial/train/good/078_regular.png,1900,1400,1.0
vial,train,/content/msila/src/data/vial/train/good/252_regular.png,1900,1400,1.0
vial,train,/content/msila/src/data/vial/train/good/196_regular.png,1900,1400,1.0
vial,train,/content/msila/src/data/vial/train/good/192_regular.png,1900,1400,1.0
vial,train,/content/msila/src/data/vial/train/good/127_regular.png,1900,1400,1.0
vial,train,/content/msila/src/data/vial/train/good/277_regular.png,1900,1400,1.0
vial,train,/content/msila/src/data/vial/train/good/080_regular.png,1900,1400,1.0
vial,train,/content/msila/src/data/vial/train/good/097_regular.png,1900,1400,1.0
vial,train,/content/msila/src/data/vial/train/good/033_regular.png,1900,1400,1.0
vial,train,/content/msila/src/data/vial/train/good/177_regular.png,1900,1400,1.0
vial,train,/content/msila/src/data/vial/train/good/110_regular.png,1900,1400,1.0
vial,train,/content/msila/src/data/vial/train/good/273_regular.png,1900,1400,1.0
vial,train,/content/msila/src/data/vial/train/good/231_regular.png,1900,1400,1.0
vial,train,/content/msila/src/data/vial/train/good/173_regular.png,1900,1400,1.0
vial,train,/content/msila/src/data/vial/train/good/153_regular.png,1900,1400,1.0
vial,train,/content/msila/src/data/vial/train/good/065_regular.png,1900,1400,1.0
vial,train,/content/msila/src/data/vial/train/good/241_regular.png,1900,1400,1.0
vial,train,/content/msila/src/data/vial/train/good/096_regular.png,1900,1400,1.0
vial,train,/content/msila/src/data/vial/train/good/268_regular.png,1900,1400,1.0
vial,train,/content/msila/src/data/vial/train/good/289_regular.png,1900,1400,1.0
vial,train,/content/msila/src/data/vial/train/good/171_regular.png,1900,1400,1.0
vial,train,/content/msila/src/data/vial/train/good/082_regular.png,1900,1400,1.0
vial,train,/content/msila/src/data/vial/train/good/244_regular.png,1900,1400,1.0
vial,train,/content/msila/src/data/vial/train/good/170_regular.png,1900,1400,1.0
vial,train,/content/msila/src/data/vial/train/good/009_regular.png,1900,1400,1.0
vial,train,/content/msila/src/data/vial/train/good/084_regular.png,1900,1400,1.0
vial,train,/content/msila/src/data/vial/train/good/264_regular.png,1900,1400,1.0
vial,train,/content/msila/src/data/vial/train/good/188_regular.png,1900,1400,1.0
vial,train,/content/msila/src/data/vial/train/good/043_regular.png,1900,1400,1.0
vial,train,/content/msila/src/data/vial/train/good/070_regular.png,1900,1400,1.0
vial,train,/content/msila/src/data/vial/train/good/246_regular.png,1900,1400,1.0
vial,train,/content/msila/src/data/vial/train/good/181_regular.png,1900,1400,1.0
vial,train,/content/msila/src/data/vial/train/good/254_regular.png,1900,1400,1.0
vial,train,/content/msila/src/data/vial/train/good/108_regular.png,1900,1400,1.0
vial,train,/content/msila/src/data/vial/train/good/174_regular.png,1900,1400,1.0
vial,train,/content/msila/src/data/vial/train/good/256_regular.png,1900,1400,1.0
vial,train,/content/msila/src/data/vial/train/good/165_regular.png,1900,1400,1.0
vial,train,/content/msila/src/data/vial/train/good/201_regular.png,1900,1400,1.0
vial,train,/content/msila/src/data/vial/train/good/203_regular.png,1900,1400,1.0
vial,train,/content/msila/src/data/vial/train/good/135_regular.png,1900,1400,1.0
vial,train,/content/msila/src/data/vial/train/good/213_regular.png,1900,1400,1.0
vial,train,/content/msila/src/data/vial/train/good/111_regular.png,1900,1400,1.0
vial,train,/content/msila/src/data/vial/train/good/042_regular.png,1900,1400,1.0
vial,train,/content/msila/src/data/vial/train/good/103_regular.png,1900,1400,1.0
vial,train,/content/msila/src/data/vial/train/good/199_regular.png,1900,1400,1.0
vial,train,/content/msila/src/data/vial/train/good/094_regular.png,1900,1400,1.0
vial,train,/content/msila/src/data/vial/train/good/105_regular.png,1900,1400,1.0
vial,train,/content/msila/src/data/vial/train/good/115_regular.png,1900,1400,1.0
vial,train,/content/msila/src/data/vial/train/good/038_regular.png,1900,1400,1.0
vial,train,/content/msila/src/data/vial/train/good/288_regular.png,1900,1400,1.0
vial,train,/content/msila/src/data/vial/train/good/067_regular.png,1900,1400,1.0
vial,train,/content/msila/src/data/vial/train/good/234_regular.png,1900,1400,1.0
vial,train,/content/msila/src/data/vial/train/good/099_regular.png,1900,1400,1.0
vial,train,/content/msila/src/data/vial/train/good/121_regular.png,1900,1400,1.0
vial,train,/content/msila/src/data/vial/train/good/063_regular.png,1900,1400,1.0
vial,train,/content/msila/src/data/vial/train/good/194_regular.png,1900,1400,1.0
vial,train,/content/msila/src/data/vial/train/good/109_regular.png,1900,1400,1.0
vial,train,/content/msila/src/data/vial/train/good/077_regular.png,1900,1400,1.0
vial,train,/content/msila/src/data/vial/train/good/093_regular.png,1900,1400,1.0
vial,train,/content/msila/src/data/vial/train/good/172_regular.png,1900,1400,1.0
vial,train,/content/msila/src/data/vial/train/good/130_regular.png,1900,1400,1.0
vial,train,/content/msila/src/data/vial/train/good/036_regular.png,1900,1400,1.0
vial,train,/content/msila/src/data/vial/train/good/119_regular.png,1900,1400,1.0
vial,train,/content/msila/src/data/vial/train/good/285_regular.png,1900,1400,1.0
vial,train,/content/msila/src/data/vial/train/good/269_regular.png,1900,1400,1.0
vial,train,/content/msila/src/data/vial/train/good/087_regular.png,1900,1400,1.0
vial,train,/content/msila/src/data/vial/train/good/255_regular.png,1900,1400,1.0
vial,train,/content/msila/src/data/vial/train/good/185_regular.png,1900,1400,1.0
vial,train,/content/msila/src/data/vial/train/good/204_regular.png,1900,1400,1.0
vial,train,/content/msila/src/data/vial/train/good/073_regular.png,1900,1400,1.0
vial,train,/content/msila/src/data/vial/train/good/032_regular.png,1900,1400,1.0
vial,train,/content/msila/src/data/vial/train/good/013_regular.png,1900,1400,1.0
vial,train,/content/msila/src/data/vial/train/good/265_regular.png,1900,1400,1.0
vial,train,/content/msila/src/data/vial/train/good/212_regular.png,1900,1400,1.0
vial,train,/content/msila/src/data/vial/train/good/157_regular.png,1900,1400,1.0
vial,train,/content/msila/src/data/vial/train/good/006_regular.png,1900,1400,1.0
vial,train,/content/msila/src/data/vial/train/good/040_regular.png,1900,1400,1.0
vial,train,/content/msila/src/data/vial/train/good/028_regular.png,1900,1400,1.0
vial,train,/content/msila/src/data/vial/train/good/235_regular.png,1900,1400,1.0
vial,train,/content/msila/src/data/vial/train/good/064_regular.png,1900,1400,1.0
vial,train,/content/msila/src/data/vial/train/good/190_regular.png,1900,1400,1.0
vial,train,/content/msila/src/data/vial/train/good/045_regular.png,1900,1400,1.0
vial,train,/content/msila/src/data/vial/train/good/270_regular.png,1900,1400,1.0
vial,train,/content/msila/src/data/vial/train/good/145_regular.png,1900,1400,1.0
vial,train,/content/msila/src/data/vial/train/good/098_regular.png,1900,1400,1.0
vial,train,/content/msila/src/data/vial/train/good/262_regular.png,1900,1400,1.0
vial,train,/content/msila/src/data/vial/train/good/197_regular.png,1900,1400,1.0
vial,train,/content/msila/src/data/vial/train/good/238_regular.png,1900,1400,1.0
vial,train,/content/msila/src/data/vial/train/good/222_regular.png,1900,1400,1.0
vial,train,/content/msila/src/data/vial/train/good/034_regular.png,1900,1400,1.0
vial,train,/content/msila/src/data/vial/train/good/112_regular.png,1900,1400,1.0
vial,train,/content/msila/src/data/vial/train/good/175_regular.png,1900,1400,1.0
vial,train,/content/msila/src/data/vial/train/good/138_regular.png,1900,1400,1.0
vial,train,/content/msila/src/data/vial/train/good/224_regular.png,1900,1400,1.0
vial,train,/content/msila/src/data/vial/train/good/086_regular.png,1900,1400,1.0
vial,train,/content/msila/src/data/vial/train/good/169_regular.png,1900,1400,1.0
vial,train,/content/msila/src/data/vial/train/good/191_regular.png,1900,1400,1.0
vial,train,/content/msila/src/data/vial/train/good/260_regular.png,1900,1400,1.0
vial,train,/content/msila/src/data/vial/train/good/147_regular.png,1900,1400,1.0
vial,train,/content/msila/src/data/vial/train/good/198_regular.png,1900,1400,1.0
vial,train,/content/msila/src/data/vial/train/good/102_regular.png,1900,1400,1.0
vial,train,/content/msila/src/data/vial/train/good/113_regular.png,1900,1400,1.0
vial,train,/content/msila/src/data/vial/train/good/218_regular.png,1900,1400,1.0
vial,train,/content/msila/src/data/vial/train/good/107_regular.png,1900,1400,1.0
vial,train,/content/msila/src/data/vial/train/good/149_regular.png,1900,1400,1.0
vial,train,/content/msila/src/data/vial/train/good/279_regular.png,1900,1400,1.0
vial,train,/content/msila/src/data/vial/train/good/095_regular.png,1900,1400,1.0
vial,train,/content/msila/src/data/vial/train/good/101_regular.png,1900,1400,1.0
vial,train,/content/msila/src/data/vial/train/good/168_regular.png,1900,1400,1.0
vial,train,/content/msila/src/data/vial/train/good/092_regular.png,1900,1400,1.0
vial,train,/content/msila/src/data/vial/train/good/240_regular.png,1900,1400,1.0
vial,train,/content/msila/src/data/vial/train/good/047_regular.png,1900,1400,1.0
vial,train,/content/msila/src/data/vial/train/good/053_regular.png,1900,1400,1.0
vial,train,/content/msila/src/data/vial/train/good/237_regular.png,1900,1400,1.0
vial,train,/content/msila/src/data/vial/train/good/021_regular.png,1900,1400,1.0
vial,train,/content/msila/src/data/vial/train/good/076_regular.png,1900,1400,1.0
vial,train,/content/msila/src/data/vial/train/good/090_regular.png,1900,1400,1.0
vial,train,/content/msila/src/data/vial/train/good/271_regular.png,1900,1400,1.0
vial,train,/content/msila/src/data/vial/train/good/159_regular.png,1900,1400,1.0
vial,train,/content/msila/src/data/vial/train/good/187_regular.png,1900,1400,1.0
vial,train,/content/msila/src/data/vial/train/good/075_regular.png,1900,1400,1.0
vial,train,/content/msila/src/data/vial/train/good/163_regular.png,1900,1400,1.0
vial,train,/content/msila/src/data/vial/train/good/010_regular.png,1900,1400,1.0
vial,train,/content/msila/src/data/vial/train/good/247_regular.png,1900,1400,1.0
vial,train,/content/msila/src/data/vial/train/good/049_regular.png,1900,1400,1.0
vial,train,/content/msila/src/data/vial/train/good/220_regular.png,1900,1400,1.0
vial,train,/content/msila/src/data/vial/train/good/015_regular.png,1900,1400,1.0
vial,train,/content/msila/src/data/vial/train/good/249_regular.png,1900,1400,1.0
vial,train,/content/msila/src/data/vial/train/good/005_regular.png,1900,1400,1.0
vial,train,/content/msila/src/data/vial/train/good/133_regular.png,1900,1400,1.0
vial,train,/content/msila/src/data/vial/train/good/030_regular.png,1900,1400,1.0
vial,train,/content/msila/src/data/vial/train/good/144_regular.png,1900,1400,1.0
vial,train,/content/msila/src/data/vial/train/good/124_regular.png,1900,1400,1.0
vial,train,/content/msila/src/data/vial/train/good/022_regular.png,1900,1400,1.0
vial,train,/content/msila/src/data/vial/train/good/223_regular.png,1900,1400,1.0
vial,train,/content/msila/src/data/vial/train/good/243_regular.png,1900,1400,1.0
vial,train,/content/msila/src/data/vial/train/good/088_regular.png,1900,1400,1.0
vial,train,/content/msila/src/data/vial/train/good/206_regular.png,1900,1400,1.0
vial,train,/content/msila/src/data/vial/train/good/116_regular.png,1900,1400,1.0
vial,train,/content/msila/src/data/vial/train/good/014_regular.png,1900,1400,1.0
vial,train,/content/msila/src/data/vial/train/good/018_regular.png,1900,1400,1.0
vial,train,/content/msila/src/data/vial/train/good/122_regular.png,1900,1400,1.0
vial,train,/content/msila/src/data/vial/train/good/125_regular.png,1900,1400,1.0
vial,train,/content/msila/src/data/vial/train/good/074_regular.png,1900,1400,1.0
vial,train,/content/msila/src/data/vial/train/good/002_regular.png,1900,1400,1.0
vial,train,/content/msila/src/data/vial/train/good/132_regular.png,1900,1400,1.0
vial,train,/content/msila/src/data/vial/train/good/051_regular.png,1900,1400,1.0
vial,train,/content/msila/src/data/vial/train/good/162_regular.png,1900,1400,1.0
vial,train,/content/msila/src/data/vial/train/good/123_regular.png,1900,1400,1.0
vial,train,/content/msila/src/data/vial/train/good/155_regular.png,1900,1400,1.0
vial,train,/content/msila/src/data/vial/train/good/282_regular.png,1900,1400,1.0
vial,train,/content/msila/src/data/vial/train/good/257_regular.png,1900,1400,1.0
vial,train,/content/msila/src/data/vial/train/good/283_regular.png,1900,1400,1.0
vial,train,/content/msila/src/data/vial/train/good/152_regular.png,1900,1400,1.0
vial,train,/content/msila/src/data/vial/train/good/151_regular.png,1900,1400,1.0
vial,train,/content/msila/src/data/vial/train/good/079_regular.png,1900,1400,1.0
vial,train,/content/msila/src/data/vial/train/good/044_regular.png,1900,1400,1.0
vial,train,/content/msila/src/data/vial/train/good/226_regular.png,1900,1400,1.0
vial,train,/content/msila/src/data/vial/train/good/272_regular.png,1900,1400,1.0
vial,train,/content/msila/src/data/vial/train/good/280_regular.png,1900,1400,1.0
vial,train,/content/msila/src/data/vial/train/good/091_regular.png,1900,1400,1.0
vial,train,/content/msila/src/data/vial/train/good/239_regular.png,1900,1400,1.0
vial,train,/content/msila/src/data/vial/train/good/276_regular.png,1900,1400,1.0
vial,train,/content/msila/src/data/vial/train/good/134_regular.png,1900,1400,1.0
vial,train,/content/msila/src/data/vial/train/good/161_regular.png,1900,1400,1.0
vial,train,/content/msila/src/data/vial/train/good/106_regular.png,1900,1400,1.0
vial,train,/content/msila/src/data/vial/train/good/167_regular.png,1900,1400,1.0
vial,train,/content/msila/src/data/vial/train/good/259_regular.png,1900,1400,1.0
vial,train,/content/msila/src/data/vial/train/good/139_regular.png,1900,1400,1.0
vial,train,/content/msila/src/data/vial/train/good/253_regular.png,1900,1400,1.0
vial,train,/content/msila/src/data/vial/train/good/072_regular.png,1900,1400,1.0
vial,train,/content/msila/src/data/vial/train/good/245_regular.png,1900,1400,1.0
vial,train,/content/msila/src/data/vial/train/good/004_regular.png,1900,1400,1.0
vial,train,/content/msila/src/data/vial/train/good/055_regular.png,1900,1400,1.0
vial,train,/content/msila/src/data/vial/train/good/100_regular.png,1900,1400,1.0
vial,train,/content/msila/src/data/vial/train/good/117_regular.png,1900,1400,1.0
vial,train,/content/msila/src/data/vial/train/good/228_regular.png,1900,1400,1.0
vial,train,/content/msila/src/data/vial/train/good/278_regular.png,1900,1400,1.0
vial,train,/content/msila/src/data/vial/train/good/184_regular.png,1900,1400,1.0
vial,train,/content/msila/src/data/vial/train/good/225_regular.png,1900,1400,1.0
vial,train,/content/msila/src/data/vial/train/good/150_regular.png,1900,1400,1.0
vial,train,/content/msila/src/data/vial/train/good/016_regular.png,1900,1400,1.0
vial,train,/content/msila/src/data/vial/train/good/024_regular.png,1900,1400,1.0
vial,train,/content/msila/src/data/vial/train/good/166_regular.png,1900,1400,1.0
vial,train,/content/msila/src/data/vial/train/good/251_regular.png,1900,1400,1.0
vial,train,/content/msila/src/data/vial/train/good/266_regular.png,1900,1400,1.0
vial,train,/content/msila/src/data/vial/train/good/039_regular.png,1900,1400,1.0
vial,train,/content/msila/src/data/vial/train/good/176_regular.png,1900,1400,1.0
vial,train,/content/msila/src/data/vial/train/good/211_regular.png,1900,1400,1.0
vial,train,/content/msila/src/data/vial/train/good/037_regular.png,1900,1400,1.0
vial,train,/content/msila/src/data/vial/train/good/011_regular.png,1900,1400,1.0
vial,train,/content/msila/src/data/vial/train/good/200_regular.png,1900,1400,1.0
vial,train,/content/msila/src/data/vial/train/good/104_regular.png,1900,1400,1.0
vial,train,/content/msila/src/data/vial/train/good/062_regular.png,1900,1400,1.0
vial,train,/content/msila/src/data/vial/train/good/154_regular.png,1900,1400,1.0
vial,train,/content/msila/src/data/vial/train/good/060_regular.png,1900,1400,1.0
vial,train,/content/msila/src/data/vial/train/good/027_regular.png,1900,1400,1.0
vial,train,/content/msila/src/data/vial/train/good/029_regular.png,1900,1400,1.0
vial,train,/content/msila/src/data/vial/train/good/148_regular.png,1900,1400,1.0
vial,train,/content/msila/src/data/vial/train/good/020_regular.png,1900,1400,1.0
vial,train,/content/msila/src/data/vial/train/good/221_regular.png,1900,1400,1.0
vial,train,/content/msila/src/data/vial/train/good/287_regular.png,1900,1400,1.0
vial,train,/content/msila/src/data/vial/train/good/120_regular.png,1900,1400,1.0
vial,train,/content/msila/src/data/vial/train/good/007_regular.png,1900,1400,1.0
vial,train,/content/msila/src/data/vial/train/good/274_regular.png,1900,1400,1.0
vial,train,/content/msila/src/data/vial/train/good/275_regular.png,1900,1400,1.0
vial,train,/content/msila/src/data/vial/train/good/189_regular.png,1900,1400,1.0
vial,train,/content/msila/src/data/vial/train/good/286_regular.png,1900,1400,1.0
vial,train,/content/msila/src/data/vial/train/good/207_regular.png,1900,1400,1.0
vial,train,/content/msila/src/data/vial/train/good/242_regular.png,1900,1400,1.0
vial,train,/content/msila/src/data/vial/train/good/083_regular.png,1900,1400,1.0
vial,train,/content/msila/src/data/vial/train/good/183_regular.png,1900,1400,1.0
vial,train,/content/msila/src/data/vial/train/good/001_regular.png,1900,1400,1.0
vial,train,/content/msila/src/data/vial/train/good/066_regular.png,1900,1400,1.0
vial,train,/content/msila/src/data/vial/train/good/136_regular.png,1900,1400,1.0
vial,train,/content/msila/src/data/vial/train/good/026_regular.png,1900,1400,1.0
vial,train,/content/msila/src/data/vial/train/good/193_regular.png,1900,1400,1.0
vial,train,/content/msila/src/data/vial/train/good/031_regular.png,1900,1400,1.0
vial,train,/content/msila/src/data/vial/train/good/158_regular.png,1900,1400,1.0
vial,train,/content/msila/src/data/vial/train/good/081_regular.png,1900,1400,1.0
vial,train,/content/msila/src/data/vial/train/good/141_regular.png,1900,1400,1.0
vial,train,/content/msila/src/data/vial/train/good/208_regular.png,1900,1400,1.0
vial,train,/content/msila/src/data/vial/train/good/035_regular.png,1900,1400,1.0
vial,train,/content/msila/src/data/vial/train/good/008_regular.png,1900,1400,1.0
vial,train,/content/msila/src/data/vial/train/good/137_regular.png,1900,1400,1.0
vial,train,/content/msila/src/data/vial/train/good/263_regular.png,1900,1400,1.0
vial,train,/content/msila/src/data/vial/train/good/250_regular.png,1900,1400,1.0
vial,train,/content/msila/src/data/vial/train/good/210_regular.png,1900,1400,1.0
vial,train,/content/msila/src/data/vial/train/good/156_regular.png,1900,1400,1.0
vial,train,/content/msila/src/data/vial/train/good/058_regular.png,1900,1400,1.0
vial,train,/content/msila/src/data/vial/train/good/290_regular.png,1900,1400,1.0
vial,train,/content/msila/src/data/vial/train/good/205_regular.png,1900,1400,1.0
vial,train,/content/msila/src/data/vial/train/good/236_regular.png,1900,1400,1.0
vial,train,/content/msila/src/data/vial/train/good/284_regular.png,1900,1400,1.0
vial,train,/content/msila/src/data/vial/train/good/186_regular.png,1900,1400,1.0
vial,train,/content/msila/src/data/vial/train/good/227_regular.png,1900,1400,1.0
vial,train,/content/msila/src/data/vial/train/good/052_regular.png,1900,1400,1.0
vial,train,/content/msila/src/data/vial/train/good/131_regular.png,1900,1400,1.0
vial,train,/content/msila/src/data/vial/train/good/267_regular.png,1900,1400,1.0
vial,train,/content/msila/src/data/vial/train/good/214_regular.png,1900,1400,1.0
vial,train,/content/msila/src/data/vial/train/good/179_regular.png,1900,1400,1.0
vial,train,/content/msila/src/data/vial/train/good/202_regular.png,1900,1400,1.0
vial,train,/content/msila/src/data/vial/train/good/232_regular.png,1900,1400,1.0
vial,train,/content/msila/src/data/vial/train/good/071_regular.png,1900,1400,1.0
vial,train,/content/msila/src/data/vial/train/good/180_regular.png,1900,1400,1.0
vial,train,/content/msila/src/data/vial/train/good/089_regular.png,1900,1400,1.0
vial,train,/content/msila/src/data/vial/train/good/061_regular.png,1900,1400,1.0
vial,train,/content/msila/src/data/vial/train/good/068_regular.png,1900,1400,1.0
vial,test_public,/content/msila/src/data/vial/test_public/bad/012_overexposed.png,1900,1400,1.0
vial,test_public,/content/msila/src/data/vial/test_public/bad/007_shift_4.png,1900,1400,1.0
vial,test_public,/content/msila/src/data/vial/test_public/bad/013_shift_1.png,1900,1400,1.0
vial,test_public,/content/msila/src/data/vial/test_public/bad/009_overexposed.png,1900,1400,1.0
vial,test_public,/content/msila/src/data/vial/test_public/bad/011_shift_4.png,1900,1400,1.0
vial,test_public,/content/msila/src/data/vial/test_public/bad/010_underexposed.png,1900,1400,1.0
vial,test_public,/content/msila/src/data/vial/test_public/bad/003_shift_1.png,1900,1400,1.0
vial,test_public,/content/msila/src/data/vial/test_public/bad/003_overexposed.png,1900,1400,1.0
vial,test_public,/content/msila/src/data/vial/test_public/bad/002_shift_3.png,1900,1400,1.0
vial,test_public,/content/msila/src/data/vial/test_public/bad/013_shift_2.png,1900,1400,1.0
vial,test_public,/content/msila/src/data/vial/test_public/bad/013_overexposed.png,1900,1400,1.0
vial,test_public,/content/msila/src/data/vial/test_public/bad/010_shift_1.png,1900,1400,1.0
vial,test_public,/content/msila/src/data/vial/test_public/bad/003_regular.png,1900,1400,1.0
vial,test_public,/content/msila/src/data/vial/test_public/bad/014_overexposed.png,1900,1400,1.0
vial,test_public,/content/msila/src/data/vial/test_public/bad/000_regular.png,1900,1400,1.0
vial,test_public,/content/msila/src/data/vial/test_public/bad/012_regular.png,1900,1400,1.0
vial,test_public,/content/msila/src/data/vial/test_public/bad/001_shift_4.png,1900,1400,1.0
vial,test_public,/content/msila/src/data/vial/test_public/bad/008_underexposed.png,1900,1400,1.0
vial,test_public,/content/msila/src/data/vial/test_public/bad/004_shift_2.png,1900,1400,1.0
vial,test_public,/content/msila/src/data/vial/test_public/bad/000_shift_3.png,1900,1400,1.0
vial,test_public,/content/msila/src/data/vial/test_public/bad/011_shift_2.png,1900,1400,1.0
vial,test_public,/content/msila/src/data/vial/test_public/bad/005_overexposed.png,1900,1400,1.0
vial,test_public,/content/msila/src/data/vial/test_public/bad/001_shift_1.png,1900,1400,1.0
vial,test_public,/content/msila/src/data/vial/test_public/bad/004_shift_1.png,1900,1400,1.0
vial,test_public,/content/msila/src/data/vial/test_public/bad/010_shift_2.png,1900,1400,1.0
vial,test_public,/content/msila/src/data/vial/test_public/bad/012_shift_2.png,1900,1400,1.0
vial,test_public,/content/msila/src/data/vial/test_public/bad/007_overexposed.png,1900,1400,1.0
vial,test_public,/content/msila/src/data/vial/test_public/bad/009_regular.png,1900,1400,1.0
vial,test_public,/content/msila/src/data/vial/test_public/bad/008_shift_3.png,1900,1400,1.0
vial,test_public,/content/msila/src/data/vial/test_public/bad/009_shift_3.png,1900,1400,1.0
vial,test_public,/content/msila/src/data/vial/test_public/bad/011_overexposed.png,1900,1400,1.0
vial,test_public,/content/msila/src/data/vial/test_public/bad/005_shift_1.png,1900,1400,1.0
vial,test_public,/content/msila/src/data/vial/test_public/bad/003_shift_3.png,1900,1400,1.0
vial,test_public,/content/msila/src/data/vial/test_public/bad/012_shift_1.png,1900,1400,1.0
vial,test_public,/content/msila/src/data/vial/test_public/bad/004_underexposed.png,1900,1400,1.0
vial,test_public,/content/msila/src/data/vial/test_public/bad/014_shift_4.png,1900,1400,1.0
vial,test_public,/content/msila/src/data/vial/test_public/bad/000_shift_2.png,1900,1400,1.0
vial,test_public,/content/msila/src/data/vial/test_public/bad/005_shift_2.png,1900,1400,1.0
vial,test_public,/content/msila/src/data/vial/test_public/bad/014_underexposed.png,1900,1400,1.0
vial,test_public,/content/msila/src/data/vial/test_public/bad/013_regular.png,1900,1400,1.0
vial,test_public,/content/msila/src/data/vial/test_public/bad/004_shift_3.png,1900,1400,1.0
vial,test_public,/content/msila/src/data/vial/test_public/bad/002_overexposed.png,1900,1400,1.0
vial,test_public,/content/msila/src/data/vial/test_public/bad/010_shift_4.png,1900,1400,1.0
vial,test_public,/content/msila/src/data/vial/test_public/bad/006_regular.png,1900,1400,1.0
vial,test_public,/content/msila/src/data/vial/test_public/bad/006_overexposed.png,1900,1400,1.0
vial,test_public,/content/msila/src/data/vial/test_public/bad/011_underexposed.png,1900,1400,1.0
vial,test_public,/content/msila/src/data/vial/test_public/bad/005_underexposed.png,1900,1400,1.0
vial,test_public,/content/msila/src/data/vial/test_public/bad/009_shift_4.png,1900,1400,1.0
vial,test_public,/content/msila/src/data/vial/test_public/bad/004_shift_4.png,1900,1400,1.0
vial,test_public,/content/msila/src/data/vial/test_public/bad/009_shift_2.png,1900,1400,1.0
vial,test_public,/content/msila/src/data/vial/test_public/bad/006_underexposed.png,1900,1400,1.0
vial,test_public,/content/msila/src/data/vial/test_public/bad/007_shift_1.png,1900,1400,1.0
vial,test_public,/content/msila/src/data/vial/test_public/bad/001_underexposed.png,1900,1400,1.0
vial,test_public,/content/msila/src/data/vial/test_public/bad/010_regular.png,1900,1400,1.0
vial,test_public,/content/msila/src/data/vial/test_public/bad/006_shift_3.png,1900,1400,1.0
vial,test_public,/content/msila/src/data/vial/test_public/bad/005_regular.png,1900,1400,1.0
vial,test_public,/content/msila/src/data/vial/test_public/bad/013_shift_4.png,1900,1400,1.0
vial,test_public,/content/msila/src/data/vial/test_public/bad/009_underexposed.png,1900,1400,1.0
vial,test_public,/content/msila/src/data/vial/test_public/bad/000_overexposed.png,1900,1400,1.0
vial,test_public,/content/msila/src/data/vial/test_public/bad/013_shift_3.png,1900,1400,1.0
vial,test_public,/content/msila/src/data/vial/test_public/bad/009_shift_1.png,1900,1400,1.0
vial,test_public,/content/msila/src/data/vial/test_public/bad/014_regular.png,1900,1400,1.0
vial,test_public,/content/msila/src/data/vial/test_public/bad/005_shift_3.png,1900,1400,1.0
vial,test_public,/content/msila/src/data/vial/test_public/bad/002_regular.png,1900,1400,1.0
vial,test_public,/content/msila/src/data/vial/test_public/bad/008_shift_2.png,1900,1400,1.0
vial,test_public,/content/msila/src/data/vial/test_public/bad/008_overexposed.png,1900,1400,1.0
vial,test_public,/content/msila/src/data/vial/test_public/bad/010_shift_3.png,1900,1400,1.0
vial,test_public,/content/msila/src/data/vial/test_public/bad/014_shift_1.png,1900,1400,1.0
vial,test_public,/content/msila/src/data/vial/test_public/bad/000_shift_1.png,1900,1400,1.0
vial,test_public,/content/msila/src/data/vial/test_public/bad/012_shift_4.png,1900,1400,1.0
vial,test_public,/content/msila/src/data/vial/test_public/bad/006_shift_1.png,1900,1400,1.0
vial,test_public,/content/msila/src/data/vial/test_public/bad/002_shift_1.png,1900,1400,1.0
vial,test_public,/content/msila/src/data/vial/test_public/bad/002_shift_4.png,1900,1400,1.0
vial,test_public,/content/msila/src/data/vial/test_public/bad/004_overexposed.png,1900,1400,1.0
vial,test_public,/content/msila/src/data/vial/test_public/bad/014_shift_2.png,1900,1400,1.0
vial,test_public,/content/msila/src/data/vial/test_public/bad/004_regular.png,1900,1400,1.0
vial,test_public,/content/msila/src/data/vial/test_public/bad/013_underexposed.png,1900,1400,1.0
vial,test_public,/content/msila/src/data/vial/test_public/bad/003_shift_2.png,1900,1400,1.0
vial,test_public,/content/msila/src/data/vial/test_public/bad/001_shift_2.png,1900,1400,1.0
vial,test_public,/content/msila/src/data/vial/test_public/bad/008_shift_1.png,1900,1400,1.0
vial,test_public,/content/msila/src/data/vial/test_public/bad/011_regular.png,1900,1400,1.0
vial,test_public,/content/msila/src/data/vial/test_public/bad/001_overexposed.png,1900,1400,1.0
vial,test_public,/content/msila/src/data/vial/test_public/bad/000_underexposed.png,1900,1400,1.0
vial,test_public,/content/msila/src/data/vial/test_public/bad/002_underexposed.png,1900,1400,1.0
vial,test_public,/content/msila/src/data/vial/test_public/bad/012_shift_3.png,1900,1400,1.0
vial,test_public,/content/msila/src/data/vial/test_public/bad/003_shift_4.png,1900,1400,1.0
vial,test_public,/content/msila/src/data/vial/test_public/bad/007_regular.png,1900,1400,1.0
vial,test_public,/content/msila/src/data/vial/test_public/bad/012_underexposed.png,1900,1400,1.0
vial,test_public,/content/msila/src/data/vial/test_public/bad/000_shift_4.png,1900,1400,1.0
vial,test_public,/content/msila/src/data/vial/test_public/bad/008_shift_4.png,1900,1400,1.0
vial,test_public,/content/msila/src/data/vial/test_public/bad/007_shift_3.png,1900,1400,1.0
vial,test_public,/content/msila/src/data/vial/test_public/bad/001_regular.png,1900,1400,1.0
vial,test_public,/content/msila/src/data/vial/test_public/bad/003_underexposed.png,1900,1400,1.0
vial,test_public,/content/msila/src/data/vial/test_public/bad/005_shift_4.png,1900,1400,1.0
vial,test_public,/content/msila/src/data/vial/test_public/bad/008_regular.png,1900,1400,1.0
vial,test_public,/content/msila/src/data/vial/test_public/bad/014_shift_3.png,1900,1400,1.0
vial,test_public,/content/msila/src/data/vial/test_public/bad/006_shift_2.png,1900,1400,1.0
vial,test_public,/content/msila/src/data/vial/test_public/bad/011_shift_1.png,1900,1400,1.0
vial,test_public,/content/msila/src/data/vial/test_public/bad/001_shift_3.png,1900,1400,1.0
vial,test_public,/content/msila/src/data/vial/test_public/bad/011_shift_3.png,1900,1400,1.0
vial,test_public,/content/msila/src/data/vial/test_public/bad/007_shift_2.png,1900,1400,1.0
vial,test_public,/content/msila/src/data/vial/test_public/bad/007_underexposed.png,1900,1400,1.0
vial,test_public,/content/msila/src/data/vial/test_public/bad/010_overexposed.png,1900,1400,1.0
vial,test_public,/content/msila/src/data/vial/test_public/bad/002_shift_2.png,1900,1400,1.0
vial,test_public,/content/msila/src/data/vial/test_public/bad/006_shift_4.png,1900,1400,1.0
vial,test_public,/content/msila/src/data/vial/test_public/good/003_shift_1.png,1900,1400,1.0
vial,test_public,/content/msila/src/data/vial/test_public/good/003_overexposed.png,1900,1400,1.0
vial,test_public,/content/msila/src/data/vial/test_public/good/002_shift_3.png,1900,1400,1.0
vial,test_public,/content/msila/src/data/vial/test_public/good/003_regular.png,1900,1400,1.0
vial,test_public,/content/msila/src/data/vial/test_public/good/000_regular.png,1900,1400,1.0
vial,test_public,/content/msila/src/data/vial/test_public/good/001_shift_4.png,1900,1400,1.0
vial,test_public,/content/msila/src/data/vial/test_public/good/004_shift_2.png,1900,1400,1.0
vial,test_public,/content/msila/src/data/vial/test_public/good/000_shift_3.png,1900,1400,1.0
vial,test_public,/content/msila/src/data/vial/test_public/good/001_shift_1.png,1900,1400,1.0
vial,test_public,/content/msila/src/data/vial/test_public/good/004_shift_1.png,1900,1400,1.0
vial,test_public,/content/msila/src/data/vial/test_public/good/003_shift_3.png,1900,1400,1.0
vial,test_public,/content/msila/src/data/vial/test_public/good/004_underexposed.png,1900,1400,1.0
vial,test_public,/content/msila/src/data/vial/test_public/good/000_shift_2.png,1900,1400,1.0
vial,test_public,/content/msila/src/data/vial/test_public/good/004_shift_3.png,1900,1400,1.0
vial,test_public,/content/msila/src/data/vial/test_public/good/002_overexposed.png,1900,1400,1.0
vial,test_public,/content/msila/src/data/vial/test_public/good/004_shift_4.png,1900,1400,1.0
vial,test_public,/content/msila/src/data/vial/test_public/good/001_underexposed.png,1900,1400,1.0
vial,test_public,/content/msila/src/data/vial/test_public/good/000_overexposed.png,1900,1400,1.0
vial,test_public,/content/msila/src/data/vial/test_public/good/002_regular.png,1900,1400,1.0
vial,test_public,/content/msila/src/data/vial/test_public/good/000_shift_1.png,1900,1400,1.0
vial,test_public,/content/msila/src/data/vial/test_public/good/002_shift_1.png,1900,1400,1.0
vial,test_public,/content/msila/src/data/vial/test_public/good/002_shift_4.png,1900,1400,1.0
vial,test_public,/content/msila/src/data/vial/test_public/good/004_overexposed.png,1900,1400,1.0
vial,test_public,/content/msila/src/data/vial/test_public/good/004_regular.png,1900,1400,1.0
vial,test_public,/content/msila/src/data/vial/test_public/good/003_shift_2.png,1900,1400,1.0
vial,test_public,/content/msila/src/data/vial/test_public/good/001_shift_2.png,1900,1400,1.0
vial,test_public,/content/msila/src/data/vial/test_public/good/001_overexposed.png,1900,1400,1.0
vial,test_public,/content/msila/src/data/vial/test_public/good/000_underexposed.png,1900,1400,1.0
vial,test_public,/content/msila/src/data/vial/test_public/good/002_underexposed.png,1900,1400,1.0
vial,test_public,/content/msila/src/data/vial/test_public/good/003_shift_4.png,1900,1400,1.0
vial,test_public,/content/msila/src/data/vial/test_public/good/000_shift_4.png,1900,1400,1.0
vial,test_public,/content/msila/src/data/vial/test_public/good/001_regular.png,1900,1400,1.0
vial,test_public,/content/msila/src/data/vial/test_public/good/003_underexposed.png,1900,1400,1.0
vial,test_public,/content/msila/src/data/vial/test_public/good/001_shift_3.png,1900,1400,1.0
vial,test_public,/content/msila/src/data/vial/test_public/good/002_shift_2.png,1900,1400,1.0
walnuts,test_private_mixed,/content/msila/src/data/walnuts/test_private_mixed/098_mixed.png,2048,2448,1.0
walnuts,test_private_mixed,/content/msila/src/data/walnuts/test_private_mixed/055_mixed.png,2048,2448,1.0
walnuts,test_private_mixed,/content/msila/src/data/walnuts/test_private_mixed/159_mixed.png,2048,2448,1.0
walnuts,test_private_mixed,/content/msila/src/data/walnuts/test_private_mixed/084_mixed.png,2048,2448,1.0
walnuts,test_private_mixed,/content/msila/src/data/walnuts/test_private_mixed/015_mixed.png,2048,2448,1.0
walnuts,test_private_mixed,/content/msila/src/data/walnuts/test_private_mixed/027_mixed.png,2048,2448,1.0
walnuts,test_private_mixed,/content/msila/src/data/walnuts/test_private_mixed/170_mixed.png,2048,2448,1.0
walnuts,test_private_mixed,/content/msila/src/data/walnuts/test_private_mixed/147_mixed.png,2048,2448,1.0
walnuts,test_private_mixed,/content/msila/src/data/walnuts/test_private_mixed/156_mixed.png,2048,2448,1.0
walnuts,test_private_mixed,/content/msila/src/data/walnuts/test_private_mixed/184_mixed.png,2048,2448,1.0
walnuts,test_private_mixed,/content/msila/src/data/walnuts/test_private_mixed/044_mixed.png,2048,2448,1.0
walnuts,test_private_mixed,/content/msila/src/data/walnuts/test_private_mixed/018_mixed.png,2048,2448,1.0
walnuts,test_private_mixed,/content/msila/src/data/walnuts/test_private_mixed/020_mixed.png,2048,2448,1.0
walnuts,test_private_mixed,/content/msila/src/data/walnuts/test_private_mixed/067_mixed.png,2048,2448,1.0
walnuts,test_private_mixed,/content/msila/src/data/walnuts/test_private_mixed/080_mixed.png,2048,2448,1.0
walnuts,test_private_mixed,/content/msila/src/data/walnuts/test_private_mixed/092_mixed.png,2048,2448,1.0
walnuts,test_private_mixed,/content/msila/src/data/walnuts/test_private_mixed/066_mixed.png,2048,2448,1.0
walnuts,test_private_mixed,/content/msila/src/data/walnuts/test_private_mixed/187_mixed.png,2048,2448,1.0
walnuts,test_private_mixed,/content/msila/src/data/walnuts/test_private_mixed/070_mixed.png,2048,2448,1.0
walnuts,test_private_mixed,/content/msila/src/data/walnuts/test_private_mixed/218_mixed.png,2048,2448,1.0
walnuts,test_private_mixed,/content/msila/src/data/walnuts/test_private_mixed/074_mixed.png,2048,2448,1.0
walnuts,test_private_mixed,/content/msila/src/data/walnuts/test_private_mixed/069_mixed.png,2048,2448,1.0
walnuts,test_private_mixed,/content/msila/src/data/walnuts/test_private_mixed/154_mixed.png,2048,2448,1.0
walnuts,test_private_mixed,/content/msila/src/data/walnuts/test_private_mixed/016_mixed.png,2048,2448,1.0
walnuts,test_private_mixed,/content/msila/src/data/walnuts/test_private_mixed/118_mixed.png,2048,2448,1.0
walnuts,test_private_mixed,/content/msila/src/data/walnuts/test_private_mixed/198_mixed.png,2048,2448,1.0
walnuts,test_private_mixed,/content/msila/src/data/walnuts/test_private_mixed/037_mixed.png,2048,2448,1.0
walnuts,test_private_mixed,/content/msila/src/data/walnuts/test_private_mixed/161_mixed.png,2048,2448,1.0
walnuts,test_private_mixed,/content/msila/src/data/walnuts/test_private_mixed/167_mixed.png,2048,2448,1.0
walnuts,test_private_mixed,/content/msila/src/data/walnuts/test_private_mixed/079_mixed.png,2048,2448,1.0
walnuts,test_private_mixed,/content/msila/src/data/walnuts/test_private_mixed/000_mixed.png,2048,2448,1.0
walnuts,test_private_mixed,/content/msila/src/data/walnuts/test_private_mixed/081_mixed.png,2048,2448,1.0
walnuts,test_private_mixed,/content/msila/src/data/walnuts/test_private_mixed/082_mixed.png,2048,2448,1.0
walnuts,test_private_mixed,/content/msila/src/data/walnuts/test_private_mixed/039_mixed.png,2048,2448,1.0
walnuts,test_private_mixed,/content/msila/src/data/walnuts/test_private_mixed/126_mixed.png,2048,2448,1.0
walnuts,test_private_mixed,/content/msila/src/data/walnuts/test_private_mixed/191_mixed.png,2048,2448,1.0
walnuts,test_private_mixed,/content/msila/src/data/walnuts/test_private_mixed/150_mixed.png,2048,2448,1.0
walnuts,test_private_mixed,/content/msila/src/data/walnuts/test_private_mixed/059_mixed.png,2048,2448,1.0
walnuts,test_private_mixed,/content/msila/src/data/walnuts/test_private_mixed/035_mixed.png,2048,2448,1.0
walnuts,test_private_mixed,/content/msila/src/data/walnuts/test_private_mixed/116_mixed.png,2048,2448,1.0
walnuts,test_private_mixed,/content/msila/src/data/walnuts/test_private_mixed/062_mixed.png,2048,2448,1.0
walnuts,test_private_mixed,/content/msila/src/data/walnuts/test_private_mixed/182_mixed.png,2048,2448,1.0
walnuts,test_private_mixed,/content/msila/src/data/walnuts/test_private_mixed/138_mixed.png,2048,2448,1.0
walnuts,test_private_mixed,/content/msila/src/data/walnuts/test_private_mixed/158_mixed.png,2048,2448,1.0
walnuts,test_private_mixed,/content/msila/src/data/walnuts/test_private_mixed/028_mixed.png,2048,2448,1.0
walnuts,test_private_mixed,/content/msila/src/data/walnuts/test_private_mixed/205_mixed.png,2048,2448,1.0
walnuts,test_private_mixed,/content/msila/src/data/walnuts/test_private_mixed/012_mixed.png,2048,2448,1.0
walnuts,test_private_mixed,/content/msila/src/data/walnuts/test_private_mixed/071_mixed.png,2048,2448,1.0
walnuts,test_private_mixed,/content/msila/src/data/walnuts/test_private_mixed/017_mixed.png,2048,2448,1.0
walnuts,test_private_mixed,/content/msila/src/data/walnuts/test_private_mixed/175_mixed.png,2048,2448,1.0
walnuts,test_private_mixed,/content/msila/src/data/walnuts/test_private_mixed/188_mixed.png,2048,2448,1.0
walnuts,test_private_mixed,/content/msila/src/data/walnuts/test_private_mixed/006_mixed.png,2048,2448,1.0
walnuts,test_private_mixed,/content/msila/src/data/walnuts/test_private_mixed/222_mixed.png,2048,2448,1.0
walnuts,test_private_mixed,/content/msila/src/data/walnuts/test_private_mixed/146_mixed.png,2048,2448,1.0
walnuts,test_private_mixed,/content/msila/src/data/walnuts/test_private_mixed/217_mixed.png,2048,2448,1.0
walnuts,test_private_mixed,/content/msila/src/data/walnuts/test_private_mixed/163_mixed.png,2048,2448,1.0
walnuts,test_private_mixed,/content/msila/src/data/walnuts/test_private_mixed/047_mixed.png,2048,2448,1.0
walnuts,test_private_mixed,/content/msila/src/data/walnuts/test_private_mixed/155_mixed.png,2048,2448,1.0
walnuts,test_private_mixed,/content/msila/src/data/walnuts/test_private_mixed/169_mixed.png,2048,2448,1.0
walnuts,test_private_mixed,/content/msila/src/data/walnuts/test_private_mixed/189_mixed.png,2048,2448,1.0
walnuts,test_private_mixed,/content/msila/src/data/walnuts/test_private_mixed/050_mixed.png,2048,2448,1.0
walnuts,test_private_mixed,/content/msila/src/data/walnuts/test_private_mixed/119_mixed.png,2048,2448,1.0
walnuts,test_private_mixed,/content/msila/src/data/walnuts/test_private_mixed/196_mixed.png,2048,2448,1.0
walnuts,test_private_mixed,/content/msila/src/data/walnuts/test_private_mixed/106_mixed.png,2048,2448,1.0
walnuts,test_private_mixed,/content/msila/src/data/walnuts/test_private_mixed/034_mixed.png,2048,2448,1.0
walnuts,test_private_mixed,/content/msila/src/data/walnuts/test_private_mixed/104_mixed.png,2048,2448,1.0
walnuts,test_private_mixed,/content/msila/src/data/walnuts/test_private_mixed/091_mixed.png,2048,2448,1.0
walnuts,test_private_mixed,/content/msila/src/data/walnuts/test_private_mixed/086_mixed.png,2048,2448,1.0
walnuts,test_private_mixed,/content/msila/src/data/walnuts/test_private_mixed/178_mixed.png,2048,2448,1.0
walnuts,test_private_mixed,/content/msila/src/data/walnuts/test_private_mixed/166_mixed.png,2048,2448,1.0
walnuts,test_private_mixed,/content/msila/src/data/walnuts/test_private_mixed/127_mixed.png,2048,2448,1.0
walnuts,test_private_mixed,/content/msila/src/data/walnuts/test_private_mixed/123_mixed.png,2048,2448,1.0
walnuts,test_private_mixed,/content/msila/src/data/walnuts/test_private_mixed/194_mixed.png,2048,2448,1.0
walnuts,test_private_mixed,/content/msila/src/data/walnuts/test_private_mixed/193_mixed.png,2048,2448,1.0
walnuts,test_private_mixed,/content/msila/src/data/walnuts/test_private_mixed/206_mixed.png,2048,2448,1.0
walnuts,test_private_mixed,/content/msila/src/data/walnuts/test_private_mixed/148_mixed.png,2048,2448,1.0
walnuts,test_private_mixed,/content/msila/src/data/walnuts/test_private_mixed/162_mixed.png,2048,2448,1.0
walnuts,test_private_mixed,/content/msila/src/data/walnuts/test_private_mixed/002_mixed.png,2048,2448,1.0
walnuts,test_private_mixed,/content/msila/src/data/walnuts/test_private_mixed/130_mixed.png,2048,2448,1.0
walnuts,test_private_mixed,/content/msila/src/data/walnuts/test_private_mixed/210_mixed.png,2048,2448,1.0
walnuts,test_private_mixed,/content/msila/src/data/walnuts/test_private_mixed/048_mixed.png,2048,2448,1.0
walnuts,test_private_mixed,/content/msila/src/data/walnuts/test_private_mixed/157_mixed.png,2048,2448,1.0
walnuts,test_private_mixed,/content/msila/src/data/walnuts/test_private_mixed/008_mixed.png,2048,2448,1.0
walnuts,test_private_mixed,/content/msila/src/data/walnuts/test_private_mixed/013_mixed.png,2048,2448,1.0
walnuts,test_private_mixed,/content/msila/src/data/walnuts/test_private_mixed/137_mixed.png,2048,2448,1.0
walnuts,test_private_mixed,/content/msila/src/data/walnuts/test_private_mixed/177_mixed.png,2048,2448,1.0
walnuts,test_private_mixed,/content/msila/src/data/walnuts/test_private_mixed/061_mixed.png,2048,2448,1.0
walnuts,test_private_mixed,/content/msila/src/data/walnuts/test_private_mixed/122_mixed.png,2048,2448,1.0
walnuts,test_private_mixed,/content/msila/src/data/walnuts/test_private_mixed/179_mixed.png,2048,2448,1.0
walnuts,test_private_mixed,/content/msila/src/data/walnuts/test_private_mixed/226_mixed.png,2048,2448,1.0
walnuts,test_private_mixed,/content/msila/src/data/walnuts/test_private_mixed/113_mixed.png,2048,2448,1.0
walnuts,test_private_mixed,/content/msila/src/data/walnuts/test_private_mixed/095_mixed.png,2048,2448,1.0
walnuts,test_private_mixed,/content/msila/src/data/walnuts/test_private_mixed/060_mixed.png,2048,2448,1.0
walnuts,test_private_mixed,/content/msila/src/data/walnuts/test_private_mixed/181_mixed.png,2048,2448,1.0
walnuts,test_private_mixed,/content/msila/src/data/walnuts/test_private_mixed/168_mixed.png,2048,2448,1.0
walnuts,test_private_mixed,/content/msila/src/data/walnuts/test_private_mixed/192_mixed.png,2048,2448,1.0
walnuts,test_private_mixed,/content/msila/src/data/walnuts/test_private_mixed/078_mixed.png,2048,2448,1.0
walnuts,test_private_mixed,/content/msila/src/data/walnuts/test_private_mixed/117_mixed.png,2048,2448,1.0
walnuts,test_private_mixed,/content/msila/src/data/walnuts/test_private_mixed/089_mixed.png,2048,2448,1.0
walnuts,test_private_mixed,/content/msila/src/data/walnuts/test_private_mixed/058_mixed.png,2048,2448,1.0
walnuts,test_private_mixed,/content/msila/src/data/walnuts/test_private_mixed/133_mixed.png,2048,2448,1.0
walnuts,test_private_mixed,/content/msila/src/data/walnuts/test_private_mixed/208_mixed.png,2048,2448,1.0
walnuts,test_private_mixed,/content/msila/src/data/walnuts/test_private_mixed/173_mixed.png,2048,2448,1.0
walnuts,test_private_mixed,/content/msila/src/data/walnuts/test_private_mixed/054_mixed.png,2048,2448,1.0
walnuts,test_private_mixed,/content/msila/src/data/walnuts/test_private_mixed/134_mixed.png,2048,2448,1.0
walnuts,test_private_mixed,/content/msila/src/data/walnuts/test_private_mixed/124_mixed.png,2048,2448,1.0
walnuts,test_private_mixed,/content/msila/src/data/walnuts/test_private_mixed/219_mixed.png,2048,2448,1.0
walnuts,test_private_mixed,/content/msila/src/data/walnuts/test_private_mixed/019_mixed.png,2048,2448,1.0
walnuts,test_private_mixed,/content/msila/src/data/walnuts/test_private_mixed/029_mixed.png,2048,2448,1.0
walnuts,test_private_mixed,/content/msila/src/data/walnuts/test_private_mixed/203_mixed.png,2048,2448,1.0
walnuts,test_private_mixed,/content/msila/src/data/walnuts/test_private_mixed/149_mixed.png,2048,2448,1.0
walnuts,test_private_mixed,/content/msila/src/data/walnuts/test_private_mixed/209_mixed.png,2048,2448,1.0
walnuts,test_private_mixed,/content/msila/src/data/walnuts/test_private_mixed/087_mixed.png,2048,2448,1.0
walnuts,test_private_mixed,/content/msila/src/data/walnuts/test_private_mixed/129_mixed.png,2048,2448,1.0
walnuts,test_private_mixed,/content/msila/src/data/walnuts/test_private_mixed/099_mixed.png,2048,2448,1.0
walnuts,test_private_mixed,/content/msila/src/data/walnuts/test_private_mixed/213_mixed.png,2048,2448,1.0
walnuts,test_private_mixed,/content/msila/src/data/walnuts/test_private_mixed/041_mixed.png,2048,2448,1.0
walnuts,test_private_mixed,/content/msila/src/data/walnuts/test_private_mixed/036_mixed.png,2048,2448,1.0
walnuts,test_private_mixed,/content/msila/src/data/walnuts/test_private_mixed/100_mixed.png,2048,2448,1.0
walnuts,test_private_mixed,/content/msila/src/data/walnuts/test_private_mixed/076_mixed.png,2048,2448,1.0
walnuts,test_private_mixed,/content/msila/src/data/walnuts/test_private_mixed/108_mixed.png,2048,2448,1.0
walnuts,test_private_mixed,/content/msila/src/data/walnuts/test_private_mixed/152_mixed.png,2048,2448,1.0
walnuts,test_private_mixed,/content/msila/src/data/walnuts/test_private_mixed/052_mixed.png,2048,2448,1.0
walnuts,test_private_mixed,/content/msila/src/data/walnuts/test_private_mixed/051_mixed.png,2048,2448,1.0
walnuts,test_private_mixed,/content/msila/src/data/walnuts/test_private_mixed/097_mixed.png,2048,2448,1.0
walnuts,test_private_mixed,/content/msila/src/data/walnuts/test_private_mixed/101_mixed.png,2048,2448,1.0
walnuts,test_private_mixed,/content/msila/src/data/walnuts/test_private_mixed/183_mixed.png,2048,2448,1.0
walnuts,test_private_mixed,/content/msila/src/data/walnuts/test_private_mixed/145_mixed.png,2048,2448,1.0
walnuts,test_private_mixed,/content/msila/src/data/walnuts/test_private_mixed/211_mixed.png,2048,2448,1.0
walnuts,test_private_mixed,/content/msila/src/data/walnuts/test_private_mixed/171_mixed.png,2048,2448,1.0
walnuts,test_private_mixed,/content/msila/src/data/walnuts/test_private_mixed/033_mixed.png,2048,2448,1.0
walnuts,test_private_mixed,/content/msila/src/data/walnuts/test_private_mixed/212_mixed.png,2048,2448,1.0
walnuts,test_private_mixed,/content/msila/src/data/walnuts/test_private_mixed/085_mixed.png,2048,2448,1.0
walnuts,test_private_mixed,/content/msila/src/data/walnuts/test_private_mixed/139_mixed.png,2048,2448,1.0
walnuts,test_private_mixed,/content/msila/src/data/walnuts/test_private_mixed/111_mixed.png,2048,2448,1.0
walnuts,test_private_mixed,/content/msila/src/data/walnuts/test_private_mixed/032_mixed.png,2048,2448,1.0
walnuts,test_private_mixed,/content/msila/src/data/walnuts/test_private_mixed/075_mixed.png,2048,2448,1.0
walnuts,test_private_mixed,/content/msila/src/data/walnuts/test_private_mixed/011_mixed.png,2048,2448,1.0
walnuts,test_private_mixed,/content/msila/src/data/walnuts/test_private_mixed/107_mixed.png,2048,2448,1.0
walnuts,test_private_mixed,/content/msila/src/data/walnuts/test_private_mixed/215_mixed.png,2048,2448,1.0
walnuts,test_private_mixed,/content/msila/src/data/walnuts/test_private_mixed/214_mixed.png,2048,2448,1.0
walnuts,test_private_mixed,/content/msila/src/data/walnuts/test_private_mixed/202_mixed.png,2048,2448,1.0
walnuts,test_private_mixed,/content/msila/src/data/walnuts/test_private_mixed/221_mixed.png,2048,2448,1.0
walnuts,test_private_mixed,/content/msila/src/data/walnuts/test_private_mixed/049_mixed.png,2048,2448,1.0
walnuts,test_private_mixed,/content/msila/src/data/walnuts/test_private_mixed/128_mixed.png,2048,2448,1.0
walnuts,test_private_mixed,/content/msila/src/data/walnuts/test_private_mixed/102_mixed.png,2048,2448,1.0
walnuts,test_private_mixed,/content/msila/src/data/walnuts/test_private_mixed/176_mixed.png,2048,2448,1.0
walnuts,test_private_mixed,/content/msila/src/data/walnuts/test_private_mixed/200_mixed.png,2048,2448,1.0
walnuts,test_private_mixed,/content/msila/src/data/walnuts/test_private_mixed/185_mixed.png,2048,2448,1.0
walnuts,test_private_mixed,/content/msila/src/data/walnuts/test_private_mixed/190_mixed.png,2048,2448,1.0
walnuts,test_private_mixed,/content/msila/src/data/walnuts/test_private_mixed/064_mixed.png,2048,2448,1.0
walnuts,test_private_mixed,/content/msila/src/data/walnuts/test_private_mixed/010_mixed.png,2048,2448,1.0
walnuts,test_private_mixed,/content/msila/src/data/walnuts/test_private_mixed/083_mixed.png,2048,2448,1.0
walnuts,test_private_mixed,/content/msila/src/data/walnuts/test_private_mixed/172_mixed.png,2048,2448,1.0
walnuts,test_private_mixed,/content/msila/src/data/walnuts/test_private_mixed/005_mixed.png,2048,2448,1.0
walnuts,test_private_mixed,/content/msila/src/data/walnuts/test_private_mixed/046_mixed.png,2048,2448,1.0
walnuts,test_private_mixed,/content/msila/src/data/walnuts/test_private_mixed/022_mixed.png,2048,2448,1.0
walnuts,test_private_mixed,/content/msila/src/data/walnuts/test_private_mixed/026_mixed.png,2048,2448,1.0
walnuts,test_private_mixed,/content/msila/src/data/walnuts/test_private_mixed/204_mixed.png,2048,2448,1.0
walnuts,test_private_mixed,/content/msila/src/data/walnuts/test_private_mixed/040_mixed.png,2048,2448,1.0
walnuts,test_private_mixed,/content/msila/src/data/walnuts/test_private_mixed/195_mixed.png,2048,2448,1.0
walnuts,test_private_mixed,/content/msila/src/data/walnuts/test_private_mixed/073_mixed.png,2048,2448,1.0
walnuts,test_private_mixed,/content/msila/src/data/walnuts/test_private_mixed/004_mixed.png,2048,2448,1.0
walnuts,test_private_mixed,/content/msila/src/data/walnuts/test_private_mixed/057_mixed.png,2048,2448,1.0
walnuts,test_private_mixed,/content/msila/src/data/walnuts/test_private_mixed/174_mixed.png,2048,2448,1.0
walnuts,test_private_mixed,/content/msila/src/data/walnuts/test_private_mixed/143_mixed.png,2048,2448,1.0
walnuts,test_private_mixed,/content/msila/src/data/walnuts/test_private_mixed/068_mixed.png,2048,2448,1.0
walnuts,test_private_mixed,/content/msila/src/data/walnuts/test_private_mixed/038_mixed.png,2048,2448,1.0
walnuts,test_private_mixed,/content/msila/src/data/walnuts/test_private_mixed/165_mixed.png,2048,2448,1.0
walnuts,test_private_mixed,/content/msila/src/data/walnuts/test_private_mixed/114_mixed.png,2048,2448,1.0
walnuts,test_private_mixed,/content/msila/src/data/walnuts/test_private_mixed/151_mixed.png,2048,2448,1.0
walnuts,test_private_mixed,/content/msila/src/data/walnuts/test_private_mixed/105_mixed.png,2048,2448,1.0
walnuts,test_private_mixed,/content/msila/src/data/walnuts/test_private_mixed/021_mixed.png,2048,2448,1.0
walnuts,test_private_mixed,/content/msila/src/data/walnuts/test_private_mixed/090_mixed.png,2048,2448,1.0
walnuts,test_private_mixed,/content/msila/src/data/walnuts/test_private_mixed/199_mixed.png,2048,2448,1.0
walnuts,test_private_mixed,/content/msila/src/data/walnuts/test_private_mixed/056_mixed.png,2048,2448,1.0
walnuts,test_private_mixed,/content/msila/src/data/walnuts/test_private_mixed/135_mixed.png,2048,2448,1.0
walnuts,test_private_mixed,/content/msila/src/data/walnuts/test_private_mixed/024_mixed.png,2048,2448,1.0
walnuts,test_private_mixed,/content/msila/src/data/walnuts/test_private_mixed/227_mixed.png,2048,2448,1.0
walnuts,test_private_mixed,/content/msila/src/data/walnuts/test_private_mixed/072_mixed.png,2048,2448,1.0
walnuts,test_private_mixed,/content/msila/src/data/walnuts/test_private_mixed/030_mixed.png,2048,2448,1.0
walnuts,test_private_mixed,/content/msila/src/data/walnuts/test_private_mixed/140_mixed.png,2048,2448,1.0
walnuts,test_private_mixed,/content/msila/src/data/walnuts/test_private_mixed/216_mixed.png,2048,2448,1.0
walnuts,test_private_mixed,/content/msila/src/data/walnuts/test_private_mixed/180_mixed.png,2048,2448,1.0
walnuts,test_private_mixed,/content/msila/src/data/walnuts/test_private_mixed/110_mixed.png,2048,2448,1.0
walnuts,test_private_mixed,/content/msila/src/data/walnuts/test_private_mixed/201_mixed.png,2048,2448,1.0
walnuts,test_private_mixed,/content/msila/src/data/walnuts/test_private_mixed/025_mixed.png,2048,2448,1.0
walnuts,test_private_mixed,/content/msila/src/data/walnuts/test_private_mixed/007_mixed.png,2048,2448,1.0
walnuts,test_private_mixed,/content/msila/src/data/walnuts/test_private_mixed/014_mixed.png,2048,2448,1.0
walnuts,test_private_mixed,/content/msila/src/data/walnuts/test_private_mixed/121_mixed.png,2048,2448,1.0
walnuts,test_private_mixed,/content/msila/src/data/walnuts/test_private_mixed/160_mixed.png,2048,2448,1.0
walnuts,test_private_mixed,/content/msila/src/data/walnuts/test_private_mixed/153_mixed.png,2048,2448,1.0
walnuts,test_private_mixed,/content/msila/src/data/walnuts/test_private_mixed/042_mixed.png,2048,2448,1.0
walnuts,test_private_mixed,/content/msila/src/data/walnuts/test_private_mixed/009_mixed.png,2048,2448,1.0
walnuts,test_private_mixed,/content/msila/src/data/walnuts/test_private_mixed/120_mixed.png,2048,2448,1.0
walnuts,test_private_mixed,/content/msila/src/data/walnuts/test_private_mixed/224_mixed.png,2048,2448,1.0
walnuts,test_private_mixed,/content/msila/src/data/walnuts/test_private_mixed/063_mixed.png,2048,2448,1.0
walnuts,test_private_mixed,/content/msila/src/data/walnuts/test_private_mixed/109_mixed.png,2048,2448,1.0
walnuts,test_private_mixed,/content/msila/src/data/walnuts/test_private_mixed/186_mixed.png,2048,2448,1.0
walnuts,test_private_mixed,/content/msila/src/data/walnuts/test_private_mixed/141_mixed.png,2048,2448,1.0
walnuts,test_private_mixed,/content/msila/src/data/walnuts/test_private_mixed/164_mixed.png,2048,2448,1.0
walnuts,test_private_mixed,/content/msila/src/data/walnuts/test_private_mixed/144_mixed.png,2048,2448,1.0
walnuts,test_private_mixed,/content/msila/src/data/walnuts/test_private_mixed/125_mixed.png,2048,2448,1.0
walnuts,test_private_mixed,/content/msila/src/data/walnuts/test_private_mixed/045_mixed.png,2048,2448,1.0
walnuts,test_private_mixed,/content/msila/src/data/walnuts/test_private_mixed/223_mixed.png,2048,2448,1.0
walnuts,test_private_mixed,/content/msila/src/data/walnuts/test_private_mixed/065_mixed.png,2048,2448,1.0
walnuts,test_private_mixed,/content/msila/src/data/walnuts/test_private_mixed/136_mixed.png,2048,2448,1.0
walnuts,test_private_mixed,/content/msila/src/data/walnuts/test_private_mixed/132_mixed.png,2048,2448,1.0
walnuts,test_private_mixed,/content/msila/src/data/walnuts/test_private_mixed/197_mixed.png,2048,2448,1.0
walnuts,test_private_mixed,/content/msila/src/data/walnuts/test_private_mixed/093_mixed.png,2048,2448,1.0
walnuts,test_private_mixed,/content/msila/src/data/walnuts/test_private_mixed/103_mixed.png,2048,2448,1.0
walnuts,test_private_mixed,/content/msila/src/data/walnuts/test_private_mixed/031_mixed.png,2048,2448,1.0
walnuts,test_private_mixed,/content/msila/src/data/walnuts/test_private_mixed/001_mixed.png,2048,2448,1.0
walnuts,test_private_mixed,/content/msila/src/data/walnuts/test_private_mixed/077_mixed.png,2048,2448,1.0
walnuts,test_private_mixed,/content/msila/src/data/walnuts/test_private_mixed/220_mixed.png,2048,2448,1.0
walnuts,test_private_mixed,/content/msila/src/data/walnuts/test_private_mixed/112_mixed.png,2048,2448,1.0
walnuts,test_private_mixed,/content/msila/src/data/walnuts/test_private_mixed/088_mixed.png,2048,2448,1.0
walnuts,test_private_mixed,/content/msila/src/data/walnuts/test_private_mixed/023_mixed.png,2048,2448,1.0
walnuts,test_private_mixed,/content/msila/src/data/walnuts/test_private_mixed/043_mixed.png,2048,2448,1.0
walnuts,test_private_mixed,/content/msila/src/data/walnuts/test_private_mixed/096_mixed.png,2048,2448,1.0
walnuts,test_private_mixed,/content/msila/src/data/walnuts/test_private_mixed/207_mixed.png,2048,2448,1.0
walnuts,test_private_mixed,/content/msila/src/data/walnuts/test_private_mixed/115_mixed.png,2048,2448,1.0
walnuts,test_private_mixed,/content/msila/src/data/walnuts/test_private_mixed/225_mixed.png,2048,2448,1.0
walnuts,test_private_mixed,/content/msila/src/data/walnuts/test_private_mixed/131_mixed.png,2048,2448,1.0
walnuts,test_private_mixed,/content/msila/src/data/walnuts/test_private_mixed/053_mixed.png,2048,2448,1.0
walnuts,test_private_mixed,/content/msila/src/data/walnuts/test_private_mixed/003_mixed.png,2048,2448,1.0
walnuts,test_private_mixed,/content/msila/src/data/walnuts/test_private_mixed/142_mixed.png,2048,2448,1.0
walnuts,test_private_mixed,/content/msila/src/data/walnuts/test_private_mixed/094_mixed.png,2048,2448,1.0
walnuts,test_private,/content/msila/src/data/walnuts/test_private/126_regular.png,2048,2448,1.0
walnuts,test_private,/content/msila/src/data/walnuts/test_private/160_regular.png,2048,2448,1.0
walnuts,test_private,/content/msila/src/data/walnuts/test_private/023_regular.png,2048,2448,1.0
walnuts,test_private,/content/msila/src/data/walnuts/test_private/057_regular.png,2048,2448,1.0
walnuts,test_private,/content/msila/src/data/walnuts/test_private/140_regular.png,2048,2448,1.0
walnuts,test_private,/content/msila/src/data/walnuts/test_private/019_regular.png,2048,2448,1.0
walnuts,test_private,/content/msila/src/data/walnuts/test_private/146_regular.png,2048,2448,1.0
walnuts,test_private,/content/msila/src/data/walnuts/test_private/217_regular.png,2048,2448,1.0
walnuts,test_private,/content/msila/src/data/walnuts/test_private/128_regular.png,2048,2448,1.0
walnuts,test_private,/content/msila/src/data/walnuts/test_private/041_regular.png,2048,2448,1.0
walnuts,test_private,/content/msila/src/data/walnuts/test_private/069_regular.png,2048,2448,1.0
walnuts,test_private,/content/msila/src/data/walnuts/test_private/216_regular.png,2048,2448,1.0
walnuts,test_private,/content/msila/src/data/walnuts/test_private/209_regular.png,2048,2448,1.0
walnuts,test_private,/content/msila/src/data/walnuts/test_private/164_regular.png,2048,2448,1.0
walnuts,test_private,/content/msila/src/data/walnuts/test_private/142_regular.png,2048,2448,1.0
walnuts,test_private,/content/msila/src/data/walnuts/test_private/085_regular.png,2048,2448,1.0
walnuts,test_private,/content/msila/src/data/walnuts/test_private/046_regular.png,2048,2448,1.0
walnuts,test_private,/content/msila/src/data/walnuts/test_private/219_regular.png,2048,2448,1.0
walnuts,test_private,/content/msila/src/data/walnuts/test_private/056_regular.png,2048,2448,1.0
walnuts,test_private,/content/msila/src/data/walnuts/test_private/178_regular.png,2048,2448,1.0
walnuts,test_private,/content/msila/src/data/walnuts/test_private/143_regular.png,2048,2448,1.0
walnuts,test_private,/content/msila/src/data/walnuts/test_private/017_regular.png,2048,2448,1.0
walnuts,test_private,/content/msila/src/data/walnuts/test_private/048_regular.png,2048,2448,1.0
walnuts,test_private,/content/msila/src/data/walnuts/test_private/118_regular.png,2048,2448,1.0
walnuts,test_private,/content/msila/src/data/walnuts/test_private/195_regular.png,2048,2448,1.0
walnuts,test_private,/content/msila/src/data/walnuts/test_private/025_regular.png,2048,2448,1.0
walnuts,test_private,/content/msila/src/data/walnuts/test_private/129_regular.png,2048,2448,1.0
walnuts,test_private,/content/msila/src/data/walnuts/test_private/215_regular.png,2048,2448,1.0
walnuts,test_private,/content/msila/src/data/walnuts/test_private/003_regular.png,2048,2448,1.0
walnuts,test_private,/content/msila/src/data/walnuts/test_private/182_regular.png,2048,2448,1.0
walnuts,test_private,/content/msila/src/data/walnuts/test_private/059_regular.png,2048,2448,1.0
walnuts,test_private,/content/msila/src/data/walnuts/test_private/000_regular.png,2048,2448,1.0
walnuts,test_private,/content/msila/src/data/walnuts/test_private/054_regular.png,2048,2448,1.0
walnuts,test_private,/content/msila/src/data/walnuts/test_private/012_regular.png,2048,2448,1.0
walnuts,test_private,/content/msila/src/data/walnuts/test_private/114_regular.png,2048,2448,1.0
walnuts,test_private,/content/msila/src/data/walnuts/test_private/050_regular.png,2048,2448,1.0
walnuts,test_private,/content/msila/src/data/walnuts/test_private/078_regular.png,2048,2448,1.0
walnuts,test_private,/content/msila/src/data/walnuts/test_private/196_regular.png,2048,2448,1.0
walnuts,test_private,/content/msila/src/data/walnuts/test_private/192_regular.png,2048,2448,1.0
walnuts,test_private,/content/msila/src/data/walnuts/test_private/127_regular.png,2048,2448,1.0
walnuts,test_private,/content/msila/src/data/walnuts/test_private/080_regular.png,2048,2448,1.0
walnuts,test_private,/content/msila/src/data/walnuts/test_private/097_regular.png,2048,2448,1.0
walnuts,test_private,/content/msila/src/data/walnuts/test_private/033_regular.png,2048,2448,1.0
walnuts,test_private,/content/msila/src/data/walnuts/test_private/177_regular.png,2048,2448,1.0
walnuts,test_private,/content/msila/src/data/walnuts/test_private/110_regular.png,2048,2448,1.0
walnuts,test_private,/content/msila/src/data/walnuts/test_private/173_regular.png,2048,2448,1.0
walnuts,test_private,/content/msila/src/data/walnuts/test_private/153_regular.png,2048,2448,1.0
walnuts,test_private,/content/msila/src/data/walnuts/test_private/065_regular.png,2048,2448,1.0
walnuts,test_private,/content/msila/src/data/walnuts/test_private/096_regular.png,2048,2448,1.0
walnuts,test_private,/content/msila/src/data/walnuts/test_private/171_regular.png,2048,2448,1.0
walnuts,test_private,/content/msila/src/data/walnuts/test_private/082_regular.png,2048,2448,1.0
walnuts,test_private,/content/msila/src/data/walnuts/test_private/170_regular.png,2048,2448,1.0
walnuts,test_private,/content/msila/src/data/walnuts/test_private/009_regular.png,2048,2448,1.0
walnuts,test_private,/content/msila/src/data/walnuts/test_private/084_regular.png,2048,2448,1.0
walnuts,test_private,/content/msila/src/data/walnuts/test_private/188_regular.png,2048,2448,1.0
walnuts,test_private,/content/msila/src/data/walnuts/test_private/043_regular.png,2048,2448,1.0
walnuts,test_private,/content/msila/src/data/walnuts/test_private/070_regular.png,2048,2448,1.0
walnuts,test_private,/content/msila/src/data/walnuts/test_private/181_regular.png,2048,2448,1.0
walnuts,test_private,/content/msila/src/data/walnuts/test_private/108_regular.png,2048,2448,1.0
walnuts,test_private,/content/msila/src/data/walnuts/test_private/174_regular.png,2048,2448,1.0
walnuts,test_private,/content/msila/src/data/walnuts/test_private/165_regular.png,2048,2448,1.0
walnuts,test_private,/content/msila/src/data/walnuts/test_private/201_regular.png,2048,2448,1.0
walnuts,test_private,/content/msila/src/data/walnuts/test_private/203_regular.png,2048,2448,1.0
walnuts,test_private,/content/msila/src/data/walnuts/test_private/135_regular.png,2048,2448,1.0
walnuts,test_private,/content/msila/src/data/walnuts/test_private/213_regular.png,2048,2448,1.0
walnuts,test_private,/content/msila/src/data/walnuts/test_private/111_regular.png,2048,2448,1.0
walnuts,test_private,/content/msila/src/data/walnuts/test_private/042_regular.png,2048,2448,1.0
walnuts,test_private,/content/msila/src/data/walnuts/test_private/103_regular.png,2048,2448,1.0
walnuts,test_private,/content/msila/src/data/walnuts/test_private/199_regular.png,2048,2448,1.0
walnuts,test_private,/content/msila/src/data/walnuts/test_private/094_regular.png,2048,2448,1.0
walnuts,test_private,/content/msila/src/data/walnuts/test_private/105_regular.png,2048,2448,1.0
walnuts,test_private,/content/msila/src/data/walnuts/test_private/115_regular.png,2048,2448,1.0
walnuts,test_private,/content/msila/src/data/walnuts/test_private/038_regular.png,2048,2448,1.0
walnuts,test_private,/content/msila/src/data/walnuts/test_private/067_regular.png,2048,2448,1.0
walnuts,test_private,/content/msila/src/data/walnuts/test_private/099_regular.png,2048,2448,1.0
walnuts,test_private,/content/msila/src/data/walnuts/test_private/121_regular.png,2048,2448,1.0
walnuts,test_private,/content/msila/src/data/walnuts/test_private/063_regular.png,2048,2448,1.0
walnuts,test_private,/content/msila/src/data/walnuts/test_private/194_regular.png,2048,2448,1.0
walnuts,test_private,/content/msila/src/data/walnuts/test_private/109_regular.png,2048,2448,1.0
walnuts,test_private,/content/msila/src/data/walnuts/test_private/077_regular.png,2048,2448,1.0
walnuts,test_private,/content/msila/src/data/walnuts/test_private/093_regular.png,2048,2448,1.0
walnuts,test_private,/content/msila/src/data/walnuts/test_private/172_regular.png,2048,2448,1.0
walnuts,test_private,/content/msila/src/data/walnuts/test_private/130_regular.png,2048,2448,1.0
walnuts,test_private,/content/msila/src/data/walnuts/test_private/036_regular.png,2048,2448,1.0
walnuts,test_private,/content/msila/src/data/walnuts/test_private/119_regular.png,2048,2448,1.0
walnuts,test_private,/content/msila/src/data/walnuts/test_private/087_regular.png,2048,2448,1.0
walnuts,test_private,/content/msila/src/data/walnuts/test_private/185_regular.png,2048,2448,1.0
walnuts,test_private,/content/msila/src/data/walnuts/test_private/204_regular.png,2048,2448,1.0
walnuts,test_private,/content/msila/src/data/walnuts/test_private/073_regular.png,2048,2448,1.0
walnuts,test_private,/content/msila/src/data/walnuts/test_private/032_regular.png,2048,2448,1.0
walnuts,test_private,/content/msila/src/data/walnuts/test_private/013_regular.png,2048,2448,1.0
walnuts,test_private,/content/msila/src/data/walnuts/test_private/212_regular.png,2048,2448,1.0
walnuts,test_private,/content/msila/src/data/walnuts/test_private/157_regular.png,2048,2448,1.0
walnuts,test_private,/content/msila/src/data/walnuts/test_private/006_regular.png,2048,2448,1.0
walnuts,test_private,/content/msila/src/data/walnuts/test_private/040_regular.png,2048,2448,1.0
walnuts,test_private,/content/msila/src/data/walnuts/test_private/028_regular.png,2048,2448,1.0
walnuts,test_private,/content/msila/src/data/walnuts/test_private/064_regular.png,2048,2448,1.0
walnuts,test_private,/content/msila/src/data/walnuts/test_private/190_regular.png,2048,2448,1.0
walnuts,test_private,/content/msila/src/data/walnuts/test_private/045_regular.png,2048,2448,1.0
walnuts,test_private,/content/msila/src/data/walnuts/test_private/145_regular.png,2048,2448,1.0
walnuts,test_private,/content/msila/src/data/walnuts/test_private/098_regular.png,2048,2448,1.0
walnuts,test_private,/content/msila/src/data/walnuts/test_private/197_regular.png,2048,2448,1.0
walnuts,test_private,/content/msila/src/data/walnuts/test_private/222_regular.png,2048,2448,1.0
walnuts,test_private,/content/msila/src/data/walnuts/test_private/034_regular.png,2048,2448,1.0
walnuts,test_private,/content/msila/src/data/walnuts/test_private/112_regular.png,2048,2448,1.0
walnuts,test_private,/content/msila/src/data/walnuts/test_private/175_regular.png,2048,2448,1.0
walnuts,test_private,/content/msila/src/data/walnuts/test_private/138_regular.png,2048,2448,1.0
walnuts,test_private,/content/msila/src/data/walnuts/test_private/224_regular.png,2048,2448,1.0
walnuts,test_private,/content/msila/src/data/walnuts/test_private/086_regular.png,2048,2448,1.0
walnuts,test_private,/content/msila/src/data/walnuts/test_private/169_regular.png,2048,2448,1.0
walnuts,test_private,/content/msila/src/data/walnuts/test_private/191_regular.png,2048,2448,1.0
walnuts,test_private,/content/msila/src/data/walnuts/test_private/147_regular.png,2048,2448,1.0
walnuts,test_private,/content/msila/src/data/walnuts/test_private/198_regular.png,2048,2448,1.0
walnuts,test_private,/content/msila/src/data/walnuts/test_private/102_regular.png,2048,2448,1.0
walnuts,test_private,/content/msila/src/data/walnuts/test_private/113_regular.png,2048,2448,1.0
walnuts,test_private,/content/msila/src/data/walnuts/test_private/218_regular.png,2048,2448,1.0
walnuts,test_private,/content/msila/src/data/walnuts/test_private/107_regular.png,2048,2448,1.0
walnuts,test_private,/content/msila/src/data/walnuts/test_private/149_regular.png,2048,2448,1.0
walnuts,test_private,/content/msila/src/data/walnuts/test_private/095_regular.png,2048,2448,1.0
walnuts,test_private,/content/msila/src/data/walnuts/test_private/101_regular.png,2048,2448,1.0
walnuts,test_private,/content/msila/src/data/walnuts/test_private/168_regular.png,2048,2448,1.0
walnuts,test_private,/content/msila/src/data/walnuts/test_private/092_regular.png,2048,2448,1.0
walnuts,test_private,/content/msila/src/data/walnuts/test_private/047_regular.png,2048,2448,1.0
walnuts,test_private,/content/msila/src/data/walnuts/test_private/053_regular.png,2048,2448,1.0
walnuts,test_private,/content/msila/src/data/walnuts/test_private/021_regular.png,2048,2448,1.0
walnuts,test_private,/content/msila/src/data/walnuts/test_private/076_regular.png,2048,2448,1.0
walnuts,test_private,/content/msila/src/data/walnuts/test_private/090_regular.png,2048,2448,1.0
walnuts,test_private,/content/msila/src/data/walnuts/test_private/159_regular.png,2048,2448,1.0
walnuts,test_private,/content/msila/src/data/walnuts/test_private/187_regular.png,2048,2448,1.0
walnuts,test_private,/content/msila/src/data/walnuts/test_private/075_regular.png,2048,2448,1.0
walnuts,test_private,/content/msila/src/data/walnuts/test_private/163_regular.png,2048,2448,1.0
walnuts,test_private,/content/msila/src/data/walnuts/test_private/010_regular.png,2048,2448,1.0
walnuts,test_private,/content/msila/src/data/walnuts/test_private/049_regular.png,2048,2448,1.0
walnuts,test_private,/content/msila/src/data/walnuts/test_private/220_regular.png,2048,2448,1.0
walnuts,test_private,/content/msila/src/data/walnuts/test_private/015_regular.png,2048,2448,1.0
walnuts,test_private,/content/msila/src/data/walnuts/test_private/005_regular.png,2048,2448,1.0
walnuts,test_private,/content/msila/src/data/walnuts/test_private/133_regular.png,2048,2448,1.0
walnuts,test_private,/content/msila/src/data/walnuts/test_private/030_regular.png,2048,2448,1.0
walnuts,test_private,/content/msila/src/data/walnuts/test_private/144_regular.png,2048,2448,1.0
walnuts,test_private,/content/msila/src/data/walnuts/test_private/124_regular.png,2048,2448,1.0
walnuts,test_private,/content/msila/src/data/walnuts/test_private/022_regular.png,2048,2448,1.0
walnuts,test_private,/content/msila/src/data/walnuts/test_private/223_regular.png,2048,2448,1.0
walnuts,test_private,/content/msila/src/data/walnuts/test_private/088_regular.png,2048,2448,1.0
walnuts,test_private,/content/msila/src/data/walnuts/test_private/206_regular.png,2048,2448,1.0
walnuts,test_private,/content/msila/src/data/walnuts/test_private/116_regular.png,2048,2448,1.0
walnuts,test_private,/content/msila/src/data/walnuts/test_private/014_regular.png,2048,2448,1.0
walnuts,test_private,/content/msila/src/data/walnuts/test_private/018_regular.png,2048,2448,1.0
walnuts,test_private,/content/msila/src/data/walnuts/test_private/122_regular.png,2048,2448,1.0
walnuts,test_private,/content/msila/src/data/walnuts/test_private/125_regular.png,2048,2448,1.0
walnuts,test_private,/content/msila/src/data/walnuts/test_private/074_regular.png,2048,2448,1.0
walnuts,test_private,/content/msila/src/data/walnuts/test_private/002_regular.png,2048,2448,1.0
walnuts,test_private,/content/msila/src/data/walnuts/test_private/132_regular.png,2048,2448,1.0
walnuts,test_private,/content/msila/src/data/walnuts/test_private/051_regular.png,2048,2448,1.0
walnuts,test_private,/content/msila/src/data/walnuts/test_private/162_regular.png,2048,2448,1.0
walnuts,test_private,/content/msila/src/data/walnuts/test_private/123_regular.png,2048,2448,1.0
walnuts,test_private,/content/msila/src/data/walnuts/test_private/155_regular.png,2048,2448,1.0
walnuts,test_private,/content/msila/src/data/walnuts/test_private/152_regular.png,2048,2448,1.0
walnuts,test_private,/content/msila/src/data/walnuts/test_private/151_regular.png,2048,2448,1.0
walnuts,test_private,/content/msila/src/data/walnuts/test_private/079_regular.png,2048,2448,1.0
walnuts,test_private,/content/msila/src/data/walnuts/test_private/044_regular.png,2048,2448,1.0
walnuts,test_private,/content/msila/src/data/walnuts/test_private/226_regular.png,2048,2448,1.0
walnuts,test_private,/content/msila/src/data/walnuts/test_private/091_regular.png,2048,2448,1.0
walnuts,test_private,/content/msila/src/data/walnuts/test_private/134_regular.png,2048,2448,1.0
walnuts,test_private,/content/msila/src/data/walnuts/test_private/161_regular.png,2048,2448,1.0
walnuts,test_private,/content/msila/src/data/walnuts/test_private/106_regular.png,2048,2448,1.0
walnuts,test_private,/content/msila/src/data/walnuts/test_private/167_regular.png,2048,2448,1.0
walnuts,test_private,/content/msila/src/data/walnuts/test_private/139_regular.png,2048,2448,1.0
walnuts,test_private,/content/msila/src/data/walnuts/test_private/072_regular.png,2048,2448,1.0
walnuts,test_private,/content/msila/src/data/walnuts/test_private/004_regular.png,2048,2448,1.0
walnuts,test_private,/content/msila/src/data/walnuts/test_private/055_regular.png,2048,2448,1.0
walnuts,test_private,/content/msila/src/data/walnuts/test_private/100_regular.png,2048,2448,1.0
walnuts,test_private,/content/msila/src/data/walnuts/test_private/117_regular.png,2048,2448,1.0
walnuts,test_private,/content/msila/src/data/walnuts/test_private/184_regular.png,2048,2448,1.0
walnuts,test_private,/content/msila/src/data/walnuts/test_private/225_regular.png,2048,2448,1.0
walnuts,test_private,/content/msila/src/data/walnuts/test_private/150_regular.png,2048,2448,1.0
walnuts,test_private,/content/msila/src/data/walnuts/test_private/016_regular.png,2048,2448,1.0
walnuts,test_private,/content/msila/src/data/walnuts/test_private/024_regular.png,2048,2448,1.0
walnuts,test_private,/content/msila/src/data/walnuts/test_private/166_regular.png,2048,2448,1.0
walnuts,test_private,/content/msila/src/data/walnuts/test_private/039_regular.png,2048,2448,1.0
walnuts,test_private,/content/msila/src/data/walnuts/test_private/176_regular.png,2048,2448,1.0
walnuts,test_private,/content/msila/src/data/walnuts/test_private/211_regular.png,2048,2448,1.0
walnuts,test_private,/content/msila/src/data/walnuts/test_private/037_regular.png,2048,2448,1.0
walnuts,test_private,/content/msila/src/data/walnuts/test_private/011_regular.png,2048,2448,1.0
walnuts,test_private,/content/msila/src/data/walnuts/test_private/200_regular.png,2048,2448,1.0
walnuts,test_private,/content/msila/src/data/walnuts/test_private/104_regular.png,2048,2448,1.0
walnuts,test_private,/content/msila/src/data/walnuts/test_private/062_regular.png,2048,2448,1.0
walnuts,test_private,/content/msila/src/data/walnuts/test_private/154_regular.png,2048,2448,1.0
walnuts,test_private,/content/msila/src/data/walnuts/test_private/060_regular.png,2048,2448,1.0
walnuts,test_private,/content/msila/src/data/walnuts/test_private/027_regular.png,2048,2448,1.0
walnuts,test_private,/content/msila/src/data/walnuts/test_private/029_regular.png,2048,2448,1.0
walnuts,test_private,/content/msila/src/data/walnuts/test_private/148_regular.png,2048,2448,1.0
walnuts,test_private,/content/msila/src/data/walnuts/test_private/020_regular.png,2048,2448,1.0
walnuts,test_private,/content/msila/src/data/walnuts/test_private/221_regular.png,2048,2448,1.0
walnuts,test_private,/content/msila/src/data/walnuts/test_private/120_regular.png,2048,2448,1.0
walnuts,test_private,/content/msila/src/data/walnuts/test_private/007_regular.png,2048,2448,1.0
walnuts,test_private,/content/msila/src/data/walnuts/test_private/189_regular.png,2048,2448,1.0
walnuts,test_private,/content/msila/src/data/walnuts/test_private/207_regular.png,2048,2448,1.0
walnuts,test_private,/content/msila/src/data/walnuts/test_private/083_regular.png,2048,2448,1.0
walnuts,test_private,/content/msila/src/data/walnuts/test_private/183_regular.png,2048,2448,1.0
walnuts,test_private,/content/msila/src/data/walnuts/test_private/001_regular.png,2048,2448,1.0
walnuts,test_private,/content/msila/src/data/walnuts/test_private/066_regular.png,2048,2448,1.0
walnuts,test_private,/content/msila/src/data/walnuts/test_private/136_regular.png,2048,2448,1.0
walnuts,test_private,/content/msila/src/data/walnuts/test_private/026_regular.png,2048,2448,1.0
walnuts,test_private,/content/msila/src/data/walnuts/test_private/193_regular.png,2048,2448,1.0
walnuts,test_private,/content/msila/src/data/walnuts/test_private/031_regular.png,2048,2448,1.0
walnuts,test_private,/content/msila/src/data/walnuts/test_private/158_regular.png,2048,2448,1.0
walnuts,test_private,/content/msila/src/data/walnuts/test_private/081_regular.png,2048,2448,1.0
walnuts,test_private,/content/msila/src/data/walnuts/test_private/141_regular.png,2048,2448,1.0
walnuts,test_private,/content/msila/src/data/walnuts/test_private/208_regular.png,2048,2448,1.0
walnuts,test_private,/content/msila/src/data/walnuts/test_private/035_regular.png,2048,2448,1.0
walnuts,test_private,/content/msila/src/data/walnuts/test_private/008_regular.png,2048,2448,1.0
walnuts,test_private,/content/msila/src/data/walnuts/test_private/137_regular.png,2048,2448,1.0
walnuts,test_private,/content/msila/src/data/walnuts/test_private/210_regular.png,2048,2448,1.0
walnuts,test_private,/content/msila/src/data/walnuts/test_private/156_regular.png,2048,2448,1.0
walnuts,test_private,/content/msila/src/data/walnuts/test_private/058_regular.png,2048,2448,1.0
walnuts,test_private,/content/msila/src/data/walnuts/test_private/205_regular.png,2048,2448,1.0
walnuts,test_private,/content/msila/src/data/walnuts/test_private/186_regular.png,2048,2448,1.0
walnuts,test_private,/content/msila/src/data/walnuts/test_private/227_regular.png,2048,2448,1.0
walnuts,test_private,/content/msila/src/data/walnuts/test_private/052_regular.png,2048,2448,1.0
walnuts,test_private,/content/msila/src/data/walnuts/test_private/131_regular.png,2048,2448,1.0
walnuts,test_private,/content/msila/src/data/walnuts/test_private/214_regular.png,2048,2448,1.0
walnuts,test_private,/content/msila/src/data/walnuts/test_private/179_regular.png,2048,2448,1.0
walnuts,test_private,/content/msila/src/data/walnuts/test_private/202_regular.png,2048,2448,1.0
walnuts,test_private,/content/msila/src/data/walnuts/test_private/071_regular.png,2048,2448,1.0
walnuts,test_private,/content/msila/src/data/walnuts/test_private/180_regular.png,2048,2448,1.0
walnuts,test_private,/content/msila/src/data/walnuts/test_private/089_regular.png,2048,2448,1.0
walnuts,test_private,/content/msila/src/data/walnuts/test_private/061_regular.png,2048,2448,1.0
walnuts,test_private,/content/msila/src/data/walnuts/test_private/068_regular.png,2048,2448,1.0
walnuts,validation,/content/msila/src/data/walnuts/validation/good/023_regular.png,2048,2448,1.0
walnuts,validation,/content/msila/src/data/walnuts/validation/good/019_regular.png,2048,2448,1.0
walnuts,validation,/content/msila/src/data/walnuts/validation/good/041_regular.png,2048,2448,1.0
walnuts,validation,/content/msila/src/data/walnuts/validation/good/046_regular.png,2048,2448,1.0
walnuts,validation,/content/msila/src/data/walnuts/validation/good/017_regular.png,2048,2448,1.0
walnuts,validation,/content/msila/src/data/walnuts/validation/good/025_regular.png,2048,2448,1.0
walnuts,validation,/content/msila/src/data/walnuts/validation/good/003_regular.png,2048,2448,1.0
walnuts,validation,/content/msila/src/data/walnuts/validation/good/000_regular.png,2048,2448,1.0
walnuts,validation,/content/msila/src/data/walnuts/validation/good/012_regular.png,2048,2448,1.0
walnuts,validation,/content/msila/src/data/walnuts/validation/good/033_regular.png,2048,2448,1.0
walnuts,validation,/content/msila/src/data/walnuts/validation/good/009_regular.png,2048,2448,1.0
walnuts,validation,/content/msila/src/data/walnuts/validation/good/043_regular.png,2048,2448,1.0
walnuts,validation,/content/msila/src/data/walnuts/validation/good/042_regular.png,2048,2448,1.0
walnuts,validation,/content/msila/src/data/walnuts/validation/good/038_regular.png,2048,2448,1.0
walnuts,validation,/content/msila/src/data/walnuts/validation/good/036_regular.png,2048,2448,1.0
walnuts,validation,/content/msila/src/data/walnuts/validation/good/032_regular.png,2048,2448,1.0
walnuts,validation,/content/msila/src/data/walnuts/validation/good/013_regular.png,2048,2448,1.0
walnuts,validation,/content/msila/src/data/walnuts/validation/good/006_regular.png,2048,2448,1.0
walnuts,validation,/content/msila/src/data/walnuts/validation/good/040_regular.png,2048,2448,1.0
walnuts,validation,/content/msila/src/data/walnuts/validation/good/028_regular.png,2048,2448,1.0
walnuts,validation,/content/msila/src/data/walnuts/validation/good/045_regular.png,2048,2448,1.0
walnuts,validation,/content/msila/src/data/walnuts/validation/good/034_regular.png,2048,2448,1.0
walnuts,validation,/content/msila/src/data/walnuts/validation/good/047_regular.png,2048,2448,1.0
walnuts,validation,/content/msila/src/data/walnuts/validation/good/021_regular.png,2048,2448,1.0
walnuts,validation,/content/msila/src/data/walnuts/validation/good/010_regular.png,2048,2448,1.0
walnuts,validation,/content/msila/src/data/walnuts/validation/good/015_regular.png,2048,2448,1.0
walnuts,validation,/content/msila/src/data/walnuts/validation/good/005_regular.png,2048,2448,1.0
walnuts,validation,/content/msila/src/data/walnuts/validation/good/030_regular.png,2048,2448,1.0
walnuts,validation,/content/msila/src/data/walnuts/validation/good/022_regular.png,2048,2448,1.0
walnuts,validation,/content/msila/src/data/walnuts/validation/good/014_regular.png,2048,2448,1.0
walnuts,validation,/content/msila/src/data/walnuts/validation/good/018_regular.png,2048,2448,1.0
walnuts,validation,/content/msila/src/data/walnuts/validation/good/002_regular.png,2048,2448,1.0
walnuts,validation,/content/msila/src/data/walnuts/validation/good/044_regular.png,2048,2448,1.0
walnuts,validation,/content/msila/src/data/walnuts/validation/good/004_regular.png,2048,2448,1.0
walnuts,validation,/content/msila/src/data/walnuts/validation/good/016_regular.png,2048,2448,1.0
walnuts,validation,/content/msila/src/data/walnuts/validation/good/024_regular.png,2048,2448,1.0
walnuts,validation,/content/msila/src/data/walnuts/validation/good/039_regular.png,2048,2448,1.0
walnuts,validation,/content/msila/src/data/walnuts/validation/good/037_regular.png,2048,2448,1.0
walnuts,validation,/content/msila/src/data/walnuts/validation/good/011_regular.png,2048,2448,1.0
walnuts,validation,/content/msila/src/data/walnuts/validation/good/027_regular.png,2048,2448,1.0
walnuts,validation,/content/msila/src/data/walnuts/validation/good/029_regular.png,2048,2448,1.0
walnuts,validation,/content/msila/src/data/walnuts/validation/good/020_regular.png,2048,2448,1.0
walnuts,validation,/content/msila/src/data/walnuts/validation/good/007_regular.png,2048,2448,1.0
walnuts,validation,/content/msila/src/data/walnuts/validation/good/001_regular.png,2048,2448,1.0
walnuts,validation,/content/msila/src/data/walnuts/validation/good/026_regular.png,2048,2448,1.0
walnuts,validation,/content/msila/src/data/walnuts/validation/good/031_regular.png,2048,2448,1.0
walnuts,validation,/content/msila/src/data/walnuts/validation/good/035_regular.png,2048,2448,1.0
walnuts,validation,/content/msila/src/data/walnuts/validation/good/008_regular.png,2048,2448,1.0
walnuts,train,/content/msila/src/data/walnuts/train/good/126_regular.png,2048,2448,1.0
walnuts,train,/content/msila/src/data/walnuts/train/good/160_regular.png,2048,2448,1.0
walnuts,train,/content/msila/src/data/walnuts/train/good/306_regular.png,2048,2448,1.0
walnuts,train,/content/msila/src/data/walnuts/train/good/023_regular.png,2048,2448,1.0
walnuts,train,/content/msila/src/data/walnuts/train/good/348_regular.png,2048,2448,1.0
walnuts,train,/content/msila/src/data/walnuts/train/good/057_regular.png,2048,2448,1.0
walnuts,train,/content/msila/src/data/walnuts/train/good/370_regular.png,2048,2448,1.0
walnuts,train,/content/msila/src/data/walnuts/train/good/140_regular.png,2048,2448,1.0
walnuts,train,/content/msila/src/data/walnuts/train/good/019_regular.png,2048,2448,1.0
walnuts,train,/content/msila/src/data/walnuts/train/good/359_regular.png,2048,2448,1.0
walnuts,train,/content/msila/src/data/walnuts/train/good/146_regular.png,2048,2448,1.0
walnuts,train,/content/msila/src/data/walnuts/train/good/427_regular.png,2048,2448,1.0
walnuts,train,/content/msila/src/data/walnuts/train/good/217_regular.png,2048,2448,1.0
walnuts,train,/content/msila/src/data/walnuts/train/good/258_regular.png,2048,2448,1.0
walnuts,train,/content/msila/src/data/walnuts/train/good/128_regular.png,2048,2448,1.0
walnuts,train,/content/msila/src/data/walnuts/train/good/339_regular.png,2048,2448,1.0
walnuts,train,/content/msila/src/data/walnuts/train/good/233_regular.png,2048,2448,1.0
walnuts,train,/content/msila/src/data/walnuts/train/good/041_regular.png,2048,2448,1.0
walnuts,train,/content/msila/src/data/walnuts/train/good/069_regular.png,2048,2448,1.0
walnuts,train,/content/msila/src/data/walnuts/train/good/394_regular.png,2048,2448,1.0
walnuts,train,/content/msila/src/data/walnuts/train/good/403_regular.png,2048,2448,1.0
walnuts,train,/content/msila/src/data/walnuts/train/good/216_regular.png,2048,2448,1.0
walnuts,train,/content/msila/src/data/walnuts/train/good/209_regular.png,2048,2448,1.0
walnuts,train,/content/msila/src/data/walnuts/train/good/164_regular.png,2048,2448,1.0
walnuts,train,/content/msila/src/data/walnuts/train/good/142_regular.png,2048,2448,1.0
walnuts,train,/content/msila/src/data/walnuts/train/good/085_regular.png,2048,2448,1.0
walnuts,train,/content/msila/src/data/walnuts/train/good/046_regular.png,2048,2448,1.0
walnuts,train,/content/msila/src/data/walnuts/train/good/354_regular.png,2048,2448,1.0
walnuts,train,/content/msila/src/data/walnuts/train/good/219_regular.png,2048,2448,1.0
walnuts,train,/content/msila/src/data/walnuts/train/good/428_regular.png,2048,2448,1.0
walnuts,train,/content/msila/src/data/walnuts/train/good/056_regular.png,2048,2448,1.0
walnuts,train,/content/msila/src/data/walnuts/train/good/229_regular.png,2048,2448,1.0
walnuts,train,/content/msila/src/data/walnuts/train/good/304_regular.png,2048,2448,1.0
walnuts,train,/content/msila/src/data/walnuts/train/good/362_regular.png,2048,2448,1.0
walnuts,train,/content/msila/src/data/walnuts/train/good/261_regular.png,2048,2448,1.0
walnuts,train,/content/msila/src/data/walnuts/train/good/178_regular.png,2048,2448,1.0
walnuts,train,/content/msila/src/data/walnuts/train/good/143_regular.png,2048,2448,1.0
walnuts,train,/content/msila/src/data/walnuts/train/good/248_regular.png,2048,2448,1.0
walnuts,train,/content/msila/src/data/walnuts/train/good/017_regular.png,2048,2448,1.0
walnuts,train,/content/msila/src/data/walnuts/train/good/301_regular.png,2048,2448,1.0
walnuts,train,/content/msila/src/data/walnuts/train/good/048_regular.png,2048,2448,1.0
walnuts,train,/content/msila/src/data/walnuts/train/good/379_regular.png,2048,2448,1.0
walnuts,train,/content/msila/src/data/walnuts/train/good/430_regular.png,2048,2448,1.0
walnuts,train,/content/msila/src/data/walnuts/train/good/118_regular.png,2048,2448,1.0
walnuts,train,/content/msila/src/data/walnuts/train/good/312_regular.png,2048,2448,1.0
walnuts,train,/content/msila/src/data/walnuts/train/good/195_regular.png,2048,2448,1.0
walnuts,train,/content/msila/src/data/walnuts/train/good/025_regular.png,2048,2448,1.0
walnuts,train,/content/msila/src/data/walnuts/train/good/230_regular.png,2048,2448,1.0
walnuts,train,/content/msila/src/data/walnuts/train/good/129_regular.png,2048,2448,1.0
walnuts,train,/content/msila/src/data/walnuts/train/good/215_regular.png,2048,2448,1.0
walnuts,train,/content/msila/src/data/walnuts/train/good/003_regular.png,2048,2448,1.0
walnuts,train,/content/msila/src/data/walnuts/train/good/182_regular.png,2048,2448,1.0
walnuts,train,/content/msila/src/data/walnuts/train/good/299_regular.png,2048,2448,1.0
walnuts,train,/content/msila/src/data/walnuts/train/good/059_regular.png,2048,2448,1.0
walnuts,train,/content/msila/src/data/walnuts/train/good/386_regular.png,2048,2448,1.0
walnuts,train,/content/msila/src/data/walnuts/train/good/000_regular.png,2048,2448,1.0
walnuts,train,/content/msila/src/data/walnuts/train/good/054_regular.png,2048,2448,1.0
walnuts,train,/content/msila/src/data/walnuts/train/good/281_regular.png,2048,2448,1.0
walnuts,train,/content/msila/src/data/walnuts/train/good/399_regular.png,2048,2448,1.0
walnuts,train,/content/msila/src/data/walnuts/train/good/012_regular.png,2048,2448,1.0
walnuts,train,/content/msila/src/data/walnuts/train/good/293_regular.png,2048,2448,1.0
walnuts,train,/content/msila/src/data/walnuts/train/good/114_regular.png,2048,2448,1.0
walnuts,train,/content/msila/src/data/walnuts/train/good/344_regular.png,2048,2448,1.0
walnuts,train,/content/msila/src/data/walnuts/train/good/050_regular.png,2048,2448,1.0
walnuts,train,/content/msila/src/data/walnuts/train/good/349_regular.png,2048,2448,1.0
walnuts,train,/content/msila/src/data/walnuts/train/good/375_regular.png,2048,2448,1.0
walnuts,train,/content/msila/src/data/walnuts/train/good/078_regular.png,2048,2448,1.0
walnuts,train,/content/msila/src/data/walnuts/train/good/252_regular.png,2048,2448,1.0
walnuts,train,/content/msila/src/data/walnuts/train/good/196_regular.png,2048,2448,1.0
walnuts,train,/content/msila/src/data/walnuts/train/good/192_regular.png,2048,2448,1.0
walnuts,train,/content/msila/src/data/walnuts/train/good/329_regular.png,2048,2448,1.0
walnuts,train,/content/msila/src/data/walnuts/train/good/127_regular.png,2048,2448,1.0
walnuts,train,/content/msila/src/data/walnuts/train/good/383_regular.png,2048,2448,1.0
walnuts,train,/content/msila/src/data/walnuts/train/good/429_regular.png,2048,2448,1.0
walnuts,train,/content/msila/src/data/walnuts/train/good/277_regular.png,2048,2448,1.0
walnuts,train,/content/msila/src/data/walnuts/train/good/080_regular.png,2048,2448,1.0
walnuts,train,/content/msila/src/data/walnuts/train/good/097_regular.png,2048,2448,1.0
walnuts,train,/content/msila/src/data/walnuts/train/good/033_regular.png,2048,2448,1.0
walnuts,train,/content/msila/src/data/walnuts/train/good/330_regular.png,2048,2448,1.0
walnuts,train,/content/msila/src/data/walnuts/train/good/177_regular.png,2048,2448,1.0
walnuts,train,/content/msila/src/data/walnuts/train/good/314_regular.png,2048,2448,1.0
walnuts,train,/content/msila/src/data/walnuts/train/good/110_regular.png,2048,2448,1.0
walnuts,train,/content/msila/src/data/walnuts/train/good/273_regular.png,2048,2448,1.0
walnuts,train,/content/msila/src/data/walnuts/train/good/231_regular.png,2048,2448,1.0
walnuts,train,/content/msila/src/data/walnuts/train/good/173_regular.png,2048,2448,1.0
walnuts,train,/content/msila/src/data/walnuts/train/good/153_regular.png,2048,2448,1.0
walnuts,train,/content/msila/src/data/walnuts/train/good/065_regular.png,2048,2448,1.0
walnuts,train,/content/msila/src/data/walnuts/train/good/241_regular.png,2048,2448,1.0
walnuts,train,/content/msila/src/data/walnuts/train/good/096_regular.png,2048,2448,1.0
walnuts,train,/content/msila/src/data/walnuts/train/good/268_regular.png,2048,2448,1.0
walnuts,train,/content/msila/src/data/walnuts/train/good/292_regular.png,2048,2448,1.0
walnuts,train,/content/msila/src/data/walnuts/train/good/289_regular.png,2048,2448,1.0
walnuts,train,/content/msila/src/data/walnuts/train/good/171_regular.png,2048,2448,1.0
walnuts,train,/content/msila/src/data/walnuts/train/good/082_regular.png,2048,2448,1.0
walnuts,train,/content/msila/src/data/walnuts/train/good/363_regular.png,2048,2448,1.0
walnuts,train,/content/msila/src/data/walnuts/train/good/421_regular.png,2048,2448,1.0
walnuts,train,/content/msila/src/data/walnuts/train/good/244_regular.png,2048,2448,1.0
walnuts,train,/content/msila/src/data/walnuts/train/good/170_regular.png,2048,2448,1.0
walnuts,train,/content/msila/src/data/walnuts/train/good/340_regular.png,2048,2448,1.0
walnuts,train,/content/msila/src/data/walnuts/train/good/296_regular.png,2048,2448,1.0
walnuts,train,/content/msila/src/data/walnuts/train/good/009_regular.png,2048,2448,1.0
walnuts,train,/content/msila/src/data/walnuts/train/good/084_regular.png,2048,2448,1.0
walnuts,train,/content/msila/src/data/walnuts/train/good/264_regular.png,2048,2448,1.0
walnuts,train,/content/msila/src/data/walnuts/train/good/350_regular.png,2048,2448,1.0
walnuts,train,/content/msila/src/data/walnuts/train/good/188_regular.png,2048,2448,1.0
walnuts,train,/content/msila/src/data/walnuts/train/good/043_regular.png,2048,2448,1.0
walnuts,train,/content/msila/src/data/walnuts/train/good/395_regular.png,2048,2448,1.0
walnuts,train,/content/msila/src/data/walnuts/train/good/400_regular.png,2048,2448,1.0
walnuts,train,/content/msila/src/data/walnuts/train/good/070_regular.png,2048,2448,1.0
walnuts,train,/content/msila/src/data/walnuts/train/good/246_regular.png,2048,2448,1.0
walnuts,train,/content/msila/src/data/walnuts/train/good/181_regular.png,2048,2448,1.0
walnuts,train,/content/msila/src/data/walnuts/train/good/254_regular.png,2048,2448,1.0
walnuts,train,/content/msila/src/data/walnuts/train/good/311_regular.png,2048,2448,1.0
walnuts,train,/content/msila/src/data/walnuts/train/good/372_regular.png,2048,2448,1.0
walnuts,train,/content/msila/src/data/walnuts/train/good/108_regular.png,2048,2448,1.0
walnuts,train,/content/msila/src/data/walnuts/train/good/174_regular.png,2048,2448,1.0
walnuts,train,/content/msila/src/data/walnuts/train/good/256_regular.png,2048,2448,1.0
walnuts,train,/content/msila/src/data/walnuts/train/good/165_regular.png,2048,2448,1.0
walnuts,train,/content/msila/src/data/walnuts/train/good/331_regular.png,2048,2448,1.0
walnuts,train,/content/msila/src/data/walnuts/train/good/201_regular.png,2048,2448,1.0
walnuts,train,/content/msila/src/data/walnuts/train/good/203_regular.png,2048,2448,1.0
walnuts,train,/content/msila/src/data/walnuts/train/good/397_regular.png,2048,2448,1.0
walnuts,train,/content/msila/src/data/walnuts/train/good/135_regular.png,2048,2448,1.0
walnuts,train,/content/msila/src/data/walnuts/train/good/213_regular.png,2048,2448,1.0
walnuts,train,/content/msila/src/data/walnuts/train/good/111_regular.png,2048,2448,1.0
walnuts,train,/content/msila/src/data/walnuts/train/good/326_regular.png,2048,2448,1.0
walnuts,train,/content/msila/src/data/walnuts/train/good/390_regular.png,2048,2448,1.0
walnuts,train,/content/msila/src/data/walnuts/train/good/042_regular.png,2048,2448,1.0
walnuts,train,/content/msila/src/data/walnuts/train/good/103_regular.png,2048,2448,1.0
walnuts,train,/content/msila/src/data/walnuts/train/good/426_regular.png,2048,2448,1.0
walnuts,train,/content/msila/src/data/walnuts/train/good/199_regular.png,2048,2448,1.0
walnuts,train,/content/msila/src/data/walnuts/train/good/094_regular.png,2048,2448,1.0
walnuts,train,/content/msila/src/data/walnuts/train/good/105_regular.png,2048,2448,1.0
walnuts,train,/content/msila/src/data/walnuts/train/good/115_regular.png,2048,2448,1.0
walnuts,train,/content/msila/src/data/walnuts/train/good/038_regular.png,2048,2448,1.0
walnuts,train,/content/msila/src/data/walnuts/train/good/288_regular.png,2048,2448,1.0
walnuts,train,/content/msila/src/data/walnuts/train/good/067_regular.png,2048,2448,1.0
walnuts,train,/content/msila/src/data/walnuts/train/good/234_regular.png,2048,2448,1.0
walnuts,train,/content/msila/src/data/walnuts/train/good/309_regular.png,2048,2448,1.0
walnuts,train,/content/msila/src/data/walnuts/train/good/347_regular.png,2048,2448,1.0
walnuts,train,/content/msila/src/data/walnuts/train/good/099_regular.png,2048,2448,1.0
walnuts,train,/content/msila/src/data/walnuts/train/good/121_regular.png,2048,2448,1.0
walnuts,train,/content/msila/src/data/walnuts/train/good/063_regular.png,2048,2448,1.0
walnuts,train,/content/msila/src/data/walnuts/train/good/307_regular.png,2048,2448,1.0
walnuts,train,/content/msila/src/data/walnuts/train/good/194_regular.png,2048,2448,1.0
walnuts,train,/content/msila/src/data/walnuts/train/good/406_regular.png,2048,2448,1.0
walnuts,train,/content/msila/src/data/walnuts/train/good/335_regular.png,2048,2448,1.0
walnuts,train,/content/msila/src/data/walnuts/train/good/109_regular.png,2048,2448,1.0
walnuts,train,/content/msila/src/data/walnuts/train/good/077_regular.png,2048,2448,1.0
walnuts,train,/content/msila/src/data/walnuts/train/good/093_regular.png,2048,2448,1.0
walnuts,train,/content/msila/src/data/walnuts/train/good/367_regular.png,2048,2448,1.0
walnuts,train,/content/msila/src/data/walnuts/train/good/313_regular.png,2048,2448,1.0
walnuts,train,/content/msila/src/data/walnuts/train/good/389_regular.png,2048,2448,1.0
walnuts,train,/content/msila/src/data/walnuts/train/good/172_regular.png,2048,2448,1.0
walnuts,train,/content/msila/src/data/walnuts/train/good/130_regular.png,2048,2448,1.0
walnuts,train,/content/msila/src/data/walnuts/train/good/327_regular.png,2048,2448,1.0
walnuts,train,/content/msila/src/data/walnuts/train/good/407_regular.png,2048,2448,1.0
walnuts,train,/content/msila/src/data/walnuts/train/good/036_regular.png,2048,2448,1.0
walnuts,train,/content/msila/src/data/walnuts/train/good/119_regular.png,2048,2448,1.0
walnuts,train,/content/msila/src/data/walnuts/train/good/317_regular.png,2048,2448,1.0
walnuts,train,/content/msila/src/data/walnuts/train/good/381_regular.png,2048,2448,1.0
walnuts,train,/content/msila/src/data/walnuts/train/good/285_regular.png,2048,2448,1.0
walnuts,train,/content/msila/src/data/walnuts/train/good/269_regular.png,2048,2448,1.0
walnuts,train,/content/msila/src/data/walnuts/train/good/087_regular.png,2048,2448,1.0
walnuts,train,/content/msila/src/data/walnuts/train/good/255_regular.png,2048,2448,1.0
walnuts,train,/content/msila/src/data/walnuts/train/good/185_regular.png,2048,2448,1.0
walnuts,train,/content/msila/src/data/walnuts/train/good/410_regular.png,2048,2448,1.0
walnuts,train,/content/msila/src/data/walnuts/train/good/204_regular.png,2048,2448,1.0
walnuts,train,/content/msila/src/data/walnuts/train/good/315_regular.png,2048,2448,1.0
walnuts,train,/content/msila/src/data/walnuts/train/good/295_regular.png,2048,2448,1.0
walnuts,train,/content/msila/src/data/walnuts/train/good/073_regular.png,2048,2448,1.0
walnuts,train,/content/msila/src/data/walnuts/train/good/032_regular.png,2048,2448,1.0
walnuts,train,/content/msila/src/data/walnuts/train/good/013_regular.png,2048,2448,1.0
walnuts,train,/content/msila/src/data/walnuts/train/good/368_regular.png,2048,2448,1.0
walnuts,train,/content/msila/src/data/walnuts/train/good/409_regular.png,2048,2448,1.0
walnuts,train,/content/msila/src/data/walnuts/train/good/345_regular.png,2048,2448,1.0
walnuts,train,/content/msila/src/data/walnuts/train/good/265_regular.png,2048,2448,1.0
walnuts,train,/content/msila/src/data/walnuts/train/good/212_regular.png,2048,2448,1.0
walnuts,train,/content/msila/src/data/walnuts/train/good/423_regular.png,2048,2448,1.0
walnuts,train,/content/msila/src/data/walnuts/train/good/402_regular.png,2048,2448,1.0
walnuts,train,/content/msila/src/data/walnuts/train/good/157_regular.png,2048,2448,1.0
walnuts,train,/content/msila/src/data/walnuts/train/good/006_regular.png,2048,2448,1.0
walnuts,train,/content/msila/src/data/walnuts/train/good/040_regular.png,2048,2448,1.0
walnuts,train,/content/msila/src/data/walnuts/train/good/028_regular.png,2048,2448,1.0
walnuts,train,/content/msila/src/data/walnuts/train/good/235_regular.png,2048,2448,1.0
walnuts,train,/content/msila/src/data/walnuts/train/good/064_regular.png,2048,2448,1.0
walnuts,train,/content/msila/src/data/walnuts/train/good/190_regular.png,2048,2448,1.0
walnuts,train,/content/msila/src/data/walnuts/train/good/045_regular.png,2048,2448,1.0
walnuts,train,/content/msila/src/data/walnuts/train/good/270_regular.png,2048,2448,1.0
walnuts,train,/content/msila/src/data/walnuts/train/good/145_regular.png,2048,2448,1.0
walnuts,train,/content/msila/src/data/walnuts/train/good/098_regular.png,2048,2448,1.0
walnuts,train,/content/msila/src/data/walnuts/train/good/382_regular.png,2048,2448,1.0
walnuts,train,/content/msila/src/data/walnuts/train/good/262_regular.png,2048,2448,1.0
walnuts,train,/content/msila/src/data/walnuts/train/good/197_regular.png,2048,2448,1.0
walnuts,train,/content/msila/src/data/walnuts/train/good/238_regular.png,2048,2448,1.0
walnuts,train,/content/msila/src/data/walnuts/train/good/222_regular.png,2048,2448,1.0
walnuts,train,/content/msila/src/data/walnuts/train/good/034_regular.png,2048,2448,1.0
walnuts,train,/content/msila/src/data/walnuts/train/good/112_regular.png,2048,2448,1.0
walnuts,train,/content/msila/src/data/walnuts/train/good/415_regular.png,2048,2448,1.0
walnuts,train,/content/msila/src/data/walnuts/train/good/324_regular.png,2048,2448,1.0
walnuts,train,/content/msila/src/data/walnuts/train/good/175_regular.png,2048,2448,1.0
walnuts,train,/content/msila/src/data/walnuts/train/good/138_regular.png,2048,2448,1.0
walnuts,train,/content/msila/src/data/walnuts/train/good/411_regular.png,2048,2448,1.0
walnuts,train,/content/msila/src/data/walnuts/train/good/224_regular.png,2048,2448,1.0
walnuts,train,/content/msila/src/data/walnuts/train/good/086_regular.png,2048,2448,1.0
walnuts,train,/content/msila/src/data/walnuts/train/good/398_regular.png,2048,2448,1.0
walnuts,train,/content/msila/src/data/walnuts/train/good/353_regular.png,2048,2448,1.0
walnuts,train,/content/msila/src/data/walnuts/train/good/169_regular.png,2048,2448,1.0
walnuts,train,/content/msila/src/data/walnuts/train/good/191_regular.png,2048,2448,1.0
walnuts,train,/content/msila/src/data/walnuts/train/good/260_regular.png,2048,2448,1.0
walnuts,train,/content/msila/src/data/walnuts/train/good/298_regular.png,2048,2448,1.0
walnuts,train,/content/msila/src/data/walnuts/train/good/425_regular.png,2048,2448,1.0
walnuts,train,/content/msila/src/data/walnuts/train/good/147_regular.png,2048,2448,1.0
walnuts,train,/content/msila/src/data/walnuts/train/good/198_regular.png,2048,2448,1.0
walnuts,train,/content/msila/src/data/walnuts/train/good/102_regular.png,2048,2448,1.0
walnuts,train,/content/msila/src/data/walnuts/train/good/113_regular.png,2048,2448,1.0
walnuts,train,/content/msila/src/data/walnuts/train/good/218_regular.png,2048,2448,1.0
walnuts,train,/content/msila/src/data/walnuts/train/good/107_regular.png,2048,2448,1.0
walnuts,train,/content/msila/src/data/walnuts/train/good/365_regular.png,2048,2448,1.0
walnuts,train,/content/msila/src/data/walnuts/train/good/357_regular.png,2048,2448,1.0
walnuts,train,/content/msila/src/data/walnuts/train/good/149_regular.png,2048,2448,1.0
walnuts,train,/content/msila/src/data/walnuts/train/good/392_regular.png,2048,2448,1.0
walnuts,train,/content/msila/src/data/walnuts/train/good/279_regular.png,2048,2448,1.0
walnuts,train,/content/msila/src/data/walnuts/train/good/300_regular.png,2048,2448,1.0
walnuts,train,/content/msila/src/data/walnuts/train/good/360_regular.png,2048,2448,1.0
walnuts,train,/content/msila/src/data/walnuts/train/good/095_regular.png,2048,2448,1.0
walnuts,train,/content/msila/src/data/walnuts/train/good/101_regular.png,2048,2448,1.0
walnuts,train,/content/msila/src/data/walnuts/train/good/343_regular.png,2048,2448,1.0
walnuts,train,/content/msila/src/data/walnuts/train/good/305_regular.png,2048,2448,1.0
walnuts,train,/content/msila/src/data/walnuts/train/good/316_regular.png,2048,2448,1.0
walnuts,train,/content/msila/src/data/walnuts/train/good/168_regular.png,2048,2448,1.0
walnuts,train,/content/msila/src/data/walnuts/train/good/092_regular.png,2048,2448,1.0
walnuts,train,/content/msila/src/data/walnuts/train/good/323_regular.png,2048,2448,1.0
walnuts,train,/content/msila/src/data/walnuts/train/good/240_regular.png,2048,2448,1.0
walnuts,train,/content/msila/src/data/walnuts/train/good/047_regular.png,2048,2448,1.0
walnuts,train,/content/msila/src/data/walnuts/train/good/401_regular.png,2048,2448,1.0
walnuts,train,/content/msila/src/data/walnuts/train/good/053_regular.png,2048,2448,1.0
walnuts,train,/content/msila/src/data/walnuts/train/good/237_regular.png,2048,2448,1.0
walnuts,train,/content/msila/src/data/walnuts/train/good/021_regular.png,2048,2448,1.0
walnuts,train,/content/msila/src/data/walnuts/train/good/076_regular.png,2048,2448,1.0
walnuts,train,/content/msila/src/data/walnuts/train/good/302_regular.png,2048,2448,1.0
walnuts,train,/content/msila/src/data/walnuts/train/good/090_regular.png,2048,2448,1.0
walnuts,train,/content/msila/src/data/walnuts/train/good/271_regular.png,2048,2448,1.0
walnuts,train,/content/msila/src/data/walnuts/train/good/159_regular.png,2048,2448,1.0
walnuts,train,/content/msila/src/data/walnuts/train/good/187_regular.png,2048,2448,1.0
walnuts,train,/content/msila/src/data/walnuts/train/good/075_regular.png,2048,2448,1.0
walnuts,train,/content/msila/src/data/walnuts/train/good/163_regular.png,2048,2448,1.0
walnuts,train,/content/msila/src/data/walnuts/train/good/010_regular.png,2048,2448,1.0
walnuts,train,/content/msila/src/data/walnuts/train/good/388_regular.png,2048,2448,1.0
walnuts,train,/content/msila/src/data/walnuts/train/good/247_regular.png,2048,2448,1.0
walnuts,train,/content/msila/src/data/walnuts/train/good/049_regular.png,2048,2448,1.0
walnuts,train,/content/msila/src/data/walnuts/train/good/220_regular.png,2048,2448,1.0
walnuts,train,/content/msila/src/data/walnuts/train/good/015_regular.png,2048,2448,1.0
walnuts,train,/content/msila/src/data/walnuts/train/good/249_regular.png,2048,2448,1.0
walnuts,train,/content/msila/src/data/walnuts/train/good/005_regular.png,2048,2448,1.0
walnuts,train,/content/msila/src/data/walnuts/train/good/133_regular.png,2048,2448,1.0
walnuts,train,/content/msila/src/data/walnuts/train/good/030_regular.png,2048,2448,1.0
walnuts,train,/content/msila/src/data/walnuts/train/good/144_regular.png,2048,2448,1.0
walnuts,train,/content/msila/src/data/walnuts/train/good/124_regular.png,2048,2448,1.0
walnuts,train,/content/msila/src/data/walnuts/train/good/318_regular.png,2048,2448,1.0
walnuts,train,/content/msila/src/data/walnuts/train/good/022_regular.png,2048,2448,1.0
walnuts,train,/content/msila/src/data/walnuts/train/good/328_regular.png,2048,2448,1.0
walnuts,train,/content/msila/src/data/walnuts/train/good/223_regular.png,2048,2448,1.0
walnuts,train,/content/msila/src/data/walnuts/train/good/243_regular.png,2048,2448,1.0
walnuts,train,/content/msila/src/data/walnuts/train/good/404_regular.png,2048,2448,1.0
walnuts,train,/content/msila/src/data/walnuts/train/good/088_regular.png,2048,2448,1.0
walnuts,train,/content/msila/src/data/walnuts/train/good/414_regular.png,2048,2448,1.0
walnuts,train,/content/msila/src/data/walnuts/train/good/206_regular.png,2048,2448,1.0
walnuts,train,/content/msila/src/data/walnuts/train/good/336_regular.png,2048,2448,1.0
walnuts,train,/content/msila/src/data/walnuts/train/good/116_regular.png,2048,2448,1.0
walnuts,train,/content/msila/src/data/walnuts/train/good/391_regular.png,2048,2448,1.0
walnuts,train,/content/msila/src/data/walnuts/train/good/364_regular.png,2048,2448,1.0
walnuts,train,/content/msila/src/data/walnuts/train/good/014_regular.png,2048,2448,1.0
walnuts,train,/content/msila/src/data/walnuts/train/good/308_regular.png,2048,2448,1.0
walnuts,train,/content/msila/src/data/walnuts/train/good/018_regular.png,2048,2448,1.0
walnuts,train,/content/msila/src/data/walnuts/train/good/371_regular.png,2048,2448,1.0
walnuts,train,/content/msila/src/data/walnuts/train/good/122_regular.png,2048,2448,1.0
walnuts,train,/content/msila/src/data/walnuts/train/good/125_regular.png,2048,2448,1.0
walnuts,train,/content/msila/src/data/walnuts/train/good/319_regular.png,2048,2448,1.0
walnuts,train,/content/msila/src/data/walnuts/train/good/074_regular.png,2048,2448,1.0
walnuts,train,/content/msila/src/data/walnuts/train/good/002_regular.png,2048,2448,1.0
walnuts,train,/content/msila/src/data/walnuts/train/good/132_regular.png,2048,2448,1.0
walnuts,train,/content/msila/src/data/walnuts/train/good/051_regular.png,2048,2448,1.0
walnuts,train,/content/msila/src/data/walnuts/train/good/162_regular.png,2048,2448,1.0
walnuts,train,/content/msila/src/data/walnuts/train/good/123_regular.png,2048,2448,1.0
walnuts,train,/content/msila/src/data/walnuts/train/good/155_regular.png,2048,2448,1.0
walnuts,train,/content/msila/src/data/walnuts/train/good/282_regular.png,2048,2448,1.0
walnuts,train,/content/msila/src/data/walnuts/train/good/408_regular.png,2048,2448,1.0
walnuts,train,/content/msila/src/data/walnuts/train/good/257_regular.png,2048,2448,1.0
walnuts,train,/content/msila/src/data/walnuts/train/good/283_regular.png,2048,2448,1.0
walnuts,train,/content/msila/src/data/walnuts/train/good/152_regular.png,2048,2448,1.0
walnuts,train,/content/msila/src/data/walnuts/train/good/151_regular.png,2048,2448,1.0
walnuts,train,/content/msila/src/data/walnuts/train/good/079_regular.png,2048,2448,1.0
walnuts,train,/content/msila/src/data/walnuts/train/good/044_regular.png,2048,2448,1.0
walnuts,train,/content/msila/src/data/walnuts/train/good/226_regular.png,2048,2448,1.0
walnuts,train,/content/msila/src/data/walnuts/train/good/272_regular.png,2048,2448,1.0
walnuts,train,/content/msila/src/data/walnuts/train/good/280_regular.png,2048,2448,1.0
walnuts,train,/content/msila/src/data/walnuts/train/good/297_regular.png,2048,2448,1.0
walnuts,train,/content/msila/src/data/walnuts/train/good/416_regular.png,2048,2448,1.0
walnuts,train,/content/msila/src/data/walnuts/train/good/091_regular.png,2048,2448,1.0
walnuts,train,/content/msila/src/data/walnuts/train/good/239_regular.png,2048,2448,1.0
walnuts,train,/content/msila/src/data/walnuts/train/good/276_regular.png,2048,2448,1.0
walnuts,train,/content/msila/src/data/walnuts/train/good/134_regular.png,2048,2448,1.0
walnuts,train,/content/msila/src/data/walnuts/train/good/161_regular.png,2048,2448,1.0
walnuts,train,/content/msila/src/data/walnuts/train/good/325_regular.png,2048,2448,1.0
walnuts,train,/content/msila/src/data/walnuts/train/good/106_regular.png,2048,2448,1.0
walnuts,train,/content/msila/src/data/walnuts/train/good/167_regular.png,2048,2448,1.0
walnuts,train,/content/msila/src/data/walnuts/train/good/259_regular.png,2048,2448,1.0
walnuts,train,/content/msila/src/data/walnuts/train/good/374_regular.png,2048,2448,1.0
walnuts,train,/content/msila/src/data/walnuts/train/good/338_regular.png,2048,2448,1.0
walnuts,train,/content/msila/src/data/walnuts/train/good/337_regular.png,2048,2448,1.0
walnuts,train,/content/msila/src/data/walnuts/train/good/139_regular.png,2048,2448,1.0
walnuts,train,/content/msila/src/data/walnuts/train/good/253_regular.png,2048,2448,1.0
walnuts,train,/content/msila/src/data/walnuts/train/good/072_regular.png,2048,2448,1.0
walnuts,train,/content/msila/src/data/walnuts/train/good/245_regular.png,2048,2448,1.0
walnuts,train,/content/msila/src/data/walnuts/train/good/373_regular.png,2048,2448,1.0
walnuts,train,/content/msila/src/data/walnuts/train/good/418_regular.png,2048,2448,1.0
walnuts,train,/content/msila/src/data/walnuts/train/good/396_regular.png,2048,2448,1.0
walnuts,train,/content/msila/src/data/walnuts/train/good/380_regular.png,2048,2448,1.0
walnuts,train,/content/msila/src/data/walnuts/train/good/004_regular.png,2048,2448,1.0
walnuts,train,/content/msila/src/data/walnuts/train/good/055_regular.png,2048,2448,1.0
walnuts,train,/content/msila/src/data/walnuts/train/good/419_regular.png,2048,2448,1.0
walnuts,train,/content/msila/src/data/walnuts/train/good/352_regular.png,2048,2448,1.0
walnuts,train,/content/msila/src/data/walnuts/train/good/351_regular.png,2048,2448,1.0
walnuts,train,/content/msila/src/data/walnuts/train/good/100_regular.png,2048,2448,1.0
walnuts,train,/content/msila/src/data/walnuts/train/good/117_regular.png,2048,2448,1.0
walnuts,train,/content/msila/src/data/walnuts/train/good/228_regular.png,2048,2448,1.0
walnuts,train,/content/msila/src/data/walnuts/train/good/278_regular.png,2048,2448,1.0
walnuts,train,/content/msila/src/data/walnuts/train/good/184_regular.png,2048,2448,1.0
walnuts,train,/content/msila/src/data/walnuts/train/good/225_regular.png,2048,2448,1.0
walnuts,train,/content/msila/src/data/walnuts/train/good/150_regular.png,2048,2448,1.0
walnuts,train,/content/msila/src/data/walnuts/train/good/016_regular.png,2048,2448,1.0
walnuts,train,/content/msila/src/data/walnuts/train/good/358_regular.png,2048,2448,1.0
walnuts,train,/content/msila/src/data/walnuts/train/good/024_regular.png,2048,2448,1.0
walnuts,train,/content/msila/src/data/walnuts/train/good/310_regular.png,2048,2448,1.0
walnuts,train,/content/msila/src/data/walnuts/train/good/166_regular.png,2048,2448,1.0
walnuts,train,/content/msila/src/data/walnuts/train/good/342_regular.png,2048,2448,1.0
walnuts,train,/content/msila/src/data/walnuts/train/good/251_regular.png,2048,2448,1.0
walnuts,train,/content/msila/src/data/walnuts/train/good/266_regular.png,2048,2448,1.0
walnuts,train,/content/msila/src/data/walnuts/train/good/333_regular.png,2048,2448,1.0
walnuts,train,/content/msila/src/data/walnuts/train/good/294_regular.png,2048,2448,1.0
walnuts,train,/content/msila/src/data/walnuts/train/good/341_regular.png,2048,2448,1.0
walnuts,train,/content/msila/src/data/walnuts/train/good/039_regular.png,2048,2448,1.0
walnuts,train,/content/msila/src/data/walnuts/train/good/176_regular.png,2048,2448,1.0
walnuts,train,/content/msila/src/data/walnuts/train/good/211_regular.png,2048,2448,1.0
walnuts,train,/content/msila/src/data/walnuts/train/good/037_regular.png,2048,2448,1.0
walnuts,train,/content/msila/src/data/walnuts/train/good/011_regular.png,2048,2448,1.0
walnuts,train,/content/msila/src/data/walnuts/train/good/200_regular.png,2048,2448,1.0
walnuts,train,/content/msila/src/data/walnuts/train/good/104_regular.png,2048,2448,1.0
walnuts,train,/content/msila/src/data/walnuts/train/good/062_regular.png,2048,2448,1.0
walnuts,train,/content/msila/src/data/walnuts/train/good/366_regular.png,2048,2448,1.0
walnuts,train,/content/msila/src/data/walnuts/train/good/332_regular.png,2048,2448,1.0
walnuts,train,/content/msila/src/data/walnuts/train/good/154_regular.png,2048,2448,1.0
walnuts,train,/content/msila/src/data/walnuts/train/good/060_regular.png,2048,2448,1.0
walnuts,train,/content/msila/src/data/walnuts/train/good/027_regular.png,2048,2448,1.0
walnuts,train,/content/msila/src/data/walnuts/train/good/320_regular.png,2048,2448,1.0
walnuts,train,/content/msila/src/data/walnuts/train/good/029_regular.png,2048,2448,1.0
walnuts,train,/content/msila/src/data/walnuts/train/good/384_regular.png,2048,2448,1.0
walnuts,train,/content/msila/src/data/walnuts/train/good/148_regular.png,2048,2448,1.0
walnuts,train,/content/msila/src/data/walnuts/train/good/020_regular.png,2048,2448,1.0
walnuts,train,/content/msila/src/data/walnuts/train/good/355_regular.png,2048,2448,1.0
walnuts,train,/content/msila/src/data/walnuts/train/good/334_regular.png,2048,2448,1.0
walnuts,train,/content/msila/src/data/walnuts/train/good/221_regular.png,2048,2448,1.0
walnuts,train,/content/msila/src/data/walnuts/train/good/287_regular.png,2048,2448,1.0
walnuts,train,/content/msila/src/data/walnuts/train/good/120_regular.png,2048,2448,1.0
walnuts,train,/content/msila/src/data/walnuts/train/good/007_regular.png,2048,2448,1.0
walnuts,train,/content/msila/src/data/walnuts/train/good/274_regular.png,2048,2448,1.0
walnuts,train,/content/msila/src/data/walnuts/train/good/417_regular.png,2048,2448,1.0
walnuts,train,/content/msila/src/data/walnuts/train/good/424_regular.png,2048,2448,1.0
walnuts,train,/content/msila/src/data/walnuts/train/good/275_regular.png,2048,2448,1.0
walnuts,train,/content/msila/src/data/walnuts/train/good/322_regular.png,2048,2448,1.0
walnuts,train,/content/msila/src/data/walnuts/train/good/189_regular.png,2048,2448,1.0
walnuts,train,/content/msila/src/data/walnuts/train/good/286_regular.png,2048,2448,1.0
walnuts,train,/content/msila/src/data/walnuts/train/good/207_regular.png,2048,2448,1.0
walnuts,train,/content/msila/src/data/walnuts/train/good/242_regular.png,2048,2448,1.0
walnuts,train,/content/msila/src/data/walnuts/train/good/083_regular.png,2048,2448,1.0
walnuts,train,/content/msila/src/data/walnuts/train/good/183_regular.png,2048,2448,1.0
walnuts,train,/content/msila/src/data/walnuts/train/good/001_regular.png,2048,2448,1.0
walnuts,train,/content/msila/src/data/walnuts/train/good/066_regular.png,2048,2448,1.0
walnuts,train,/content/msila/src/data/walnuts/train/good/136_regular.png,2048,2448,1.0
walnuts,train,/content/msila/src/data/walnuts/train/good/393_regular.png,2048,2448,1.0
walnuts,train,/content/msila/src/data/walnuts/train/good/412_regular.png,2048,2448,1.0
walnuts,train,/content/msila/src/data/walnuts/train/good/026_regular.png,2048,2448,1.0
walnuts,train,/content/msila/src/data/walnuts/train/good/193_regular.png,2048,2448,1.0
walnuts,train,/content/msila/src/data/walnuts/train/good/387_regular.png,2048,2448,1.0
walnuts,train,/content/msila/src/data/walnuts/train/good/031_regular.png,2048,2448,1.0
walnuts,train,/content/msila/src/data/walnuts/train/good/303_regular.png,2048,2448,1.0
walnuts,train,/content/msila/src/data/walnuts/train/good/405_regular.png,2048,2448,1.0
walnuts,train,/content/msila/src/data/walnuts/train/good/361_regular.png,2048,2448,1.0
walnuts,train,/content/msila/src/data/walnuts/train/good/158_regular.png,2048,2448,1.0
walnuts,train,/content/msila/src/data/walnuts/train/good/385_regular.png,2048,2448,1.0
walnuts,train,/content/msila/src/data/walnuts/train/good/081_regular.png,2048,2448,1.0
walnuts,train,/content/msila/src/data/walnuts/train/good/141_regular.png,2048,2448,1.0
walnuts,train,/content/msila/src/data/walnuts/train/good/369_regular.png,2048,2448,1.0
walnuts,train,/content/msila/src/data/walnuts/train/good/208_regular.png,2048,2448,1.0
walnuts,train,/content/msila/src/data/walnuts/train/good/356_regular.png,2048,2448,1.0
walnuts,train,/content/msila/src/data/walnuts/train/good/035_regular.png,2048,2448,1.0
walnuts,train,/content/msila/src/data/walnuts/train/good/008_regular.png,2048,2448,1.0
walnuts,train,/content/msila/src/data/walnuts/train/good/137_regular.png,2048,2448,1.0
walnuts,train,/content/msila/src/data/walnuts/train/good/376_regular.png,2048,2448,1.0
walnuts,train,/content/msila/src/data/walnuts/train/good/346_regular.png,2048,2448,1.0
walnuts,train,/content/msila/src/data/walnuts/train/good/263_regular.png,2048,2448,1.0
walnuts,train,/content/msila/src/data/walnuts/train/good/378_regular.png,2048,2448,1.0
walnuts,train,/content/msila/src/data/walnuts/train/good/250_regular.png,2048,2448,1.0
walnuts,train,/content/msila/src/data/walnuts/train/good/210_regular.png,2048,2448,1.0
walnuts,train,/content/msila/src/data/walnuts/train/good/156_regular.png,2048,2448,1.0
walnuts,train,/content/msila/src/data/walnuts/train/good/058_regular.png,2048,2448,1.0
walnuts,train,/content/msila/src/data/walnuts/train/good/290_regular.png,2048,2448,1.0
walnuts,train,/content/msila/src/data/walnuts/train/good/420_regular.png,2048,2448,1.0
walnuts,train,/content/msila/src/data/walnuts/train/good/205_regular.png,2048,2448,1.0
walnuts,train,/content/msila/src/data/walnuts/train/good/236_regular.png,2048,2448,1.0
walnuts,train,/content/msila/src/data/walnuts/train/good/431_regular.png,2048,2448,1.0
walnuts,train,/content/msila/src/data/walnuts/train/good/291_regular.png,2048,2448,1.0
walnuts,train,/content/msila/src/data/walnuts/train/good/284_regular.png,2048,2448,1.0
walnuts,train,/content/msila/src/data/walnuts/train/good/186_regular.png,2048,2448,1.0
walnuts,train,/content/msila/src/data/walnuts/train/good/227_regular.png,2048,2448,1.0
walnuts,train,/content/msila/src/data/walnuts/train/good/321_regular.png,2048,2448,1.0
walnuts,train,/content/msila/src/data/walnuts/train/good/052_regular.png,2048,2448,1.0
walnuts,train,/content/msila/src/data/walnuts/train/good/131_regular.png,2048,2448,1.0
walnuts,train,/content/msila/src/data/walnuts/train/good/267_regular.png,2048,2448,1.0
walnuts,train,/content/msila/src/data/walnuts/train/good/214_regular.png,2048,2448,1.0
walnuts,train,/content/msila/src/data/walnuts/train/good/179_regular.png,2048,2448,1.0
walnuts,train,/content/msila/src/data/walnuts/train/good/202_regular.png,2048,2448,1.0
walnuts,train,/content/msila/src/data/walnuts/train/good/232_regular.png,2048,2448,1.0
walnuts,train,/content/msila/src/data/walnuts/train/good/071_regular.png,2048,2448,1.0
walnuts,train,/content/msila/src/data/walnuts/train/good/180_regular.png,2048,2448,1.0
walnuts,train,/content/msila/src/data/walnuts/train/good/089_regular.png,2048,2448,1.0
walnuts,train,/content/msila/src/data/walnuts/train/good/377_regular.png,2048,2448,1.0
walnuts,train,/content/msila/src/data/walnuts/train/good/061_regular.png,2048,2448,1.0
walnuts,train,/content/msila/src/data/walnuts/train/good/422_regular.png,2048,2448,1.0
walnuts,train,/content/msila/src/data/walnuts/train/good/068_regular.png,2048,2448,1.0
walnuts,train,/content/msila/src/data/walnuts/train/good/413_regular.png,2048,2448,1.0
walnuts,test_public,/content/msila/src/data/walnuts/test_public/bad/012_overexposed.png,2048,2448,1.0
walnuts,test_public,/content/msila/src/data/walnuts/test_public/bad/013_shift_1.png,2048,2448,1.0
walnuts,test_public,/content/msila/src/data/walnuts/test_public/bad/009_overexposed.png,2048,2448,1.0
walnuts,test_public,/content/msila/src/data/walnuts/test_public/bad/010_underexposed.png,2048,2448,1.0
walnuts,test_public,/content/msila/src/data/walnuts/test_public/bad/003_shift_1.png,2048,2448,1.0
walnuts,test_public,/content/msila/src/data/walnuts/test_public/bad/003_overexposed.png,2048,2448,1.0
walnuts,test_public,/content/msila/src/data/walnuts/test_public/bad/002_shift_3.png,2048,2448,1.0
walnuts,test_public,/content/msila/src/data/walnuts/test_public/bad/013_shift_2.png,2048,2448,1.0
walnuts,test_public,/content/msila/src/data/walnuts/test_public/bad/013_overexposed.png,2048,2448,1.0
walnuts,test_public,/content/msila/src/data/walnuts/test_public/bad/010_shift_1.png,2048,2448,1.0
walnuts,test_public,/content/msila/src/data/walnuts/test_public/bad/003_regular.png,2048,2448,1.0
walnuts,test_public,/content/msila/src/data/walnuts/test_public/bad/014_overexposed.png,2048,2448,1.0
walnuts,test_public,/content/msila/src/data/walnuts/test_public/bad/000_regular.png,2048,2448,1.0
walnuts,test_public,/content/msila/src/data/walnuts/test_public/bad/012_regular.png,2048,2448,1.0
walnuts,test_public,/content/msila/src/data/walnuts/test_public/bad/008_underexposed.png,2048,2448,1.0
walnuts,test_public,/content/msila/src/data/walnuts/test_public/bad/004_shift_2.png,2048,2448,1.0
walnuts,test_public,/content/msila/src/data/walnuts/test_public/bad/000_shift_3.png,2048,2448,1.0
walnuts,test_public,/content/msila/src/data/walnuts/test_public/bad/011_shift_2.png,2048,2448,1.0
walnuts,test_public,/content/msila/src/data/walnuts/test_public/bad/005_overexposed.png,2048,2448,1.0
walnuts,test_public,/content/msila/src/data/walnuts/test_public/bad/001_shift_1.png,2048,2448,1.0
walnuts,test_public,/content/msila/src/data/walnuts/test_public/bad/004_shift_1.png,2048,2448,1.0
walnuts,test_public,/content/msila/src/data/walnuts/test_public/bad/010_shift_2.png,2048,2448,1.0
walnuts,test_public,/content/msila/src/data/walnuts/test_public/bad/012_shift_2.png,2048,2448,1.0
walnuts,test_public,/content/msila/src/data/walnuts/test_public/bad/007_overexposed.png,2048,2448,1.0
walnuts,test_public,/content/msila/src/data/walnuts/test_public/bad/009_regular.png,2048,2448,1.0
walnuts,test_public,/content/msila/src/data/walnuts/test_public/bad/008_shift_3.png,2048,2448,1.0
walnuts,test_public,/content/msila/src/data/walnuts/test_public/bad/009_shift_3.png,2048,2448,1.0
walnuts,test_public,/content/msila/src/data/walnuts/test_public/bad/011_overexposed.png,2048,2448,1.0
walnuts,test_public,/content/msila/src/data/walnuts/test_public/bad/005_shift_1.png,2048,2448,1.0
walnuts,test_public,/content/msila/src/data/walnuts/test_public/bad/003_shift_3.png,2048,2448,1.0
walnuts,test_public,/content/msila/src/data/walnuts/test_public/bad/012_shift_1.png,2048,2448,1.0
walnuts,test_public,/content/msila/src/data/walnuts/test_public/bad/004_underexposed.png,2048,2448,1.0
walnuts,test_public,/content/msila/src/data/walnuts/test_public/bad/000_shift_2.png,2048,2448,1.0
walnuts,test_public,/content/msila/src/data/walnuts/test_public/bad/005_shift_2.png,2048,2448,1.0
walnuts,test_public,/content/msila/src/data/walnuts/test_public/bad/014_underexposed.png,2048,2448,1.0
walnuts,test_public,/content/msila/src/data/walnuts/test_public/bad/013_regular.png,2048,2448,1.0
walnuts,test_public,/content/msila/src/data/walnuts/test_public/bad/004_shift_3.png,2048,2448,1.0
walnuts,test_public,/content/msila/src/data/walnuts/test_public/bad/002_overexposed.png,2048,2448,1.0
walnuts,test_public,/content/msila/src/data/walnuts/test_public/bad/006_regular.png,2048,2448,1.0
walnuts,test_public,/content/msila/src/data/walnuts/test_public/bad/006_overexposed.png,2048,2448,1.0
walnuts,test_public,/content/msila/src/data/walnuts/test_public/bad/011_underexposed.png,2048,2448,1.0
walnuts,test_public,/content/msila/src/data/walnuts/test_public/bad/005_underexposed.png,2048,2448,1.0
walnuts,test_public,/content/msila/src/data/walnuts/test_public/bad/009_shift_2.png,2048,2448,1.0
walnuts,test_public,/content/msila/src/data/walnuts/test_public/bad/006_underexposed.png,2048,2448,1.0
walnuts,test_public,/content/msila/src/data/walnuts/test_public/bad/007_shift_1.png,2048,2448,1.0
walnuts,test_public,/content/msila/src/data/walnuts/test_public/bad/001_underexposed.png,2048,2448,1.0
walnuts,test_public,/content/msila/src/data/walnuts/test_public/bad/010_regular.png,2048,2448,1.0
walnuts,test_public,/content/msila/src/data/walnuts/test_public/bad/006_shift_3.png,2048,2448,1.0
walnuts,test_public,/content/msila/src/data/walnuts/test_public/bad/005_regular.png,2048,2448,1.0
walnuts,test_public,/content/msila/src/data/walnuts/test_public/bad/009_underexposed.png,2048,2448,1.0
walnuts,test_public,/content/msila/src/data/walnuts/test_public/bad/000_overexposed.png,2048,2448,1.0
walnuts,test_public,/content/msila/src/data/walnuts/test_public/bad/013_shift_3.png,2048,2448,1.0
walnuts,test_public,/content/msila/src/data/walnuts/test_public/bad/009_shift_1.png,2048,2448,1.0
walnuts,test_public,/content/msila/src/data/walnuts/test_public/bad/014_regular.png,2048,2448,1.0
walnuts,test_public,/content/msila/src/data/walnuts/test_public/bad/005_shift_3.png,2048,2448,1.0
walnuts,test_public,/content/msila/src/data/walnuts/test_public/bad/002_regular.png,2048,2448,1.0
walnuts,test_public,/content/msila/src/data/walnuts/test_public/bad/008_shift_2.png,2048,2448,1.0
walnuts,test_public,/content/msila/src/data/walnuts/test_public/bad/008_overexposed.png,2048,2448,1.0
walnuts,test_public,/content/msila/src/data/walnuts/test_public/bad/010_shift_3.png,2048,2448,1.0
walnuts,test_public,/content/msila/src/data/walnuts/test_public/bad/014_shift_1.png,2048,2448,1.0
walnuts,test_public,/content/msila/src/data/walnuts/test_public/bad/000_shift_1.png,2048,2448,1.0
walnuts,test_public,/content/msila/src/data/walnuts/test_public/bad/006_shift_1.png,2048,2448,1.0
walnuts,test_public,/content/msila/src/data/walnuts/test_public/bad/002_shift_1.png,2048,2448,1.0
walnuts,test_public,/content/msila/src/data/walnuts/test_public/bad/004_overexposed.png,2048,2448,1.0
walnuts,test_public,/content/msila/src/data/walnuts/test_public/bad/014_shift_2.png,2048,2448,1.0
walnuts,test_public,/content/msila/src/data/walnuts/test_public/bad/004_regular.png,2048,2448,1.0
walnuts,test_public,/content/msila/src/data/walnuts/test_public/bad/013_underexposed.png,2048,2448,1.0
walnuts,test_public,/content/msila/src/data/walnuts/test_public/bad/003_shift_2.png,2048,2448,1.0
walnuts,test_public,/content/msila/src/data/walnuts/test_public/bad/001_shift_2.png,2048,2448,1.0
walnuts,test_public,/content/msila/src/data/walnuts/test_public/bad/008_shift_1.png,2048,2448,1.0
walnuts,test_public,/content/msila/src/data/walnuts/test_public/bad/011_regular.png,2048,2448,1.0
walnuts,test_public,/content/msila/src/data/walnuts/test_public/bad/001_overexposed.png,2048,2448,1.0
walnuts,test_public,/content/msila/src/data/walnuts/test_public/bad/000_underexposed.png,2048,2448,1.0
walnuts,test_public,/content/msila/src/data/walnuts/test_public/bad/002_underexposed.png,2048,2448,1.0
walnuts,test_public,/content/msila/src/data/walnuts/test_public/bad/012_shift_3.png,2048,2448,1.0
walnuts,test_public,/content/msila/src/data/walnuts/test_public/bad/007_regular.png,2048,2448,1.0
walnuts,test_public,/content/msila/src/data/walnuts/test_public/bad/012_underexposed.png,2048,2448,1.0
walnuts,test_public,/content/msila/src/data/walnuts/test_public/bad/007_shift_3.png,2048,2448,1.0
walnuts,test_public,/content/msila/src/data/walnuts/test_public/bad/001_regular.png,2048,2448,1.0
walnuts,test_public,/content/msila/src/data/walnuts/test_public/bad/003_underexposed.png,2048,2448,1.0
walnuts,test_public,/content/msila/src/data/walnuts/test_public/bad/008_regular.png,2048,2448,1.0
walnuts,test_public,/content/msila/src/data/walnuts/test_public/bad/014_shift_3.png,2048,2448,1.0
walnuts,test_public,/content/msila/src/data/walnuts/test_public/bad/006_shift_2.png,2048,2448,1.0
walnuts,test_public,/content/msila/src/data/walnuts/test_public/bad/011_shift_1.png,2048,2448,1.0
walnuts,test_public,/content/msila/src/data/walnuts/test_public/bad/001_shift_3.png,2048,2448,1.0
walnuts,test_public,/content/msila/src/data/walnuts/test_public/bad/011_shift_3.png,2048,2448,1.0
walnuts,test_public,/content/msila/src/data/walnuts/test_public/bad/007_shift_2.png,2048,2448,1.0
walnuts,test_public,/content/msila/src/data/walnuts/test_public/bad/007_underexposed.png,2048,2448,1.0
walnuts,test_public,/content/msila/src/data/walnuts/test_public/bad/010_overexposed.png,2048,2448,1.0
walnuts,test_public,/content/msila/src/data/walnuts/test_public/bad/002_shift_2.png,2048,2448,1.0
walnuts,test_public,/content/msila/src/data/walnuts/test_public/good/009_overexposed.png,2048,2448,1.0
walnuts,test_public,/content/msila/src/data/walnuts/test_public/good/003_shift_1.png,2048,2448,1.0
walnuts,test_public,/content/msila/src/data/walnuts/test_public/good/003_overexposed.png,2048,2448,1.0
walnuts,test_public,/content/msila/src/data/walnuts/test_public/good/002_shift_3.png,2048,2448,1.0
walnuts,test_public,/content/msila/src/data/walnuts/test_public/good/003_regular.png,2048,2448,1.0
walnuts,test_public,/content/msila/src/data/walnuts/test_public/good/000_regular.png,2048,2448,1.0
walnuts,test_public,/content/msila/src/data/walnuts/test_public/good/008_underexposed.png,2048,2448,1.0
walnuts,test_public,/content/msila/src/data/walnuts/test_public/good/004_shift_2.png,2048,2448,1.0
walnuts,test_public,/content/msila/src/data/walnuts/test_public/good/000_shift_3.png,2048,2448,1.0
walnuts,test_public,/content/msila/src/data/walnuts/test_public/good/005_overexposed.png,2048,2448,1.0
walnuts,test_public,/content/msila/src/data/walnuts/test_public/good/001_shift_1.png,2048,2448,1.0
walnuts,test_public,/content/msila/src/data/walnuts/test_public/good/004_shift_1.png,2048,2448,1.0
walnuts,test_public,/content/msila/src/data/walnuts/test_public/good/007_overexposed.png,2048,2448,1.0
walnuts,test_public,/content/msila/src/data/walnuts/test_public/good/009_regular.png,2048,2448,1.0
walnuts,test_public,/content/msila/src/data/walnuts/test_public/good/008_shift_3.png,2048,2448,1.0
walnuts,test_public,/content/msila/src/data/walnuts/test_public/good/009_shift_3.png,2048,2448,1.0
walnuts,test_public,/content/msila/src/data/walnuts/test_public/good/005_shift_1.png,2048,2448,1.0
walnuts,test_public,/content/msila/src/data/walnuts/test_public/good/003_shift_3.png,2048,2448,1.0
walnuts,test_public,/content/msila/src/data/walnuts/test_public/good/004_underexposed.png,2048,2448,1.0
walnuts,test_public,/content/msila/src/data/walnuts/test_public/good/000_shift_2.png,2048,2448,1.0
walnuts,test_public,/content/msila/src/data/walnuts/test_public/good/005_shift_2.png,2048,2448,1.0
walnuts,test_public,/content/msila/src/data/walnuts/test_public/good/004_shift_3.png,2048,2448,1.0
walnuts,test_public,/content/msila/src/data/walnuts/test_public/good/002_overexposed.png,2048,2448,1.0
walnuts,test_public,/content/msila/src/data/walnuts/test_public/good/006_regular.png,2048,2448,1.0
walnuts,test_public,/content/msila/src/data/walnuts/test_public/good/006_overexposed.png,2048,2448,1.0
walnuts,test_public,/content/msila/src/data/walnuts/test_public/good/005_underexposed.png,2048,2448,1.0
walnuts,test_public,/content/msila/src/data/walnuts/test_public/good/009_shift_2.png,2048,2448,1.0
walnuts,test_public,/content/msila/src/data/walnuts/test_public/good/006_underexposed.png,2048,2448,1.0
walnuts,test_public,/content/msila/src/data/walnuts/test_public/good/007_shift_1.png,2048,2448,1.0
walnuts,test_public,/content/msila/src/data/walnuts/test_public/good/001_underexposed.png,2048,2448,1.0
walnuts,test_public,/content/msila/src/data/walnuts/test_public/good/006_shift_3.png,2048,2448,1.0
walnuts,test_public,/content/msila/src/data/walnuts/test_public/good/005_regular.png,2048,2448,1.0
walnuts,test_public,/content/msila/src/data/walnuts/test_public/good/009_underexposed.png,2048,2448,1.0
walnuts,test_public,/content/msila/src/data/walnuts/test_public/good/000_overexposed.png,2048,2448,1.0
walnuts,test_public,/content/msila/src/data/walnuts/test_public/good/009_shift_1.png,2048,2448,1.0
walnuts,test_public,/content/msila/src/data/walnuts/test_public/good/005_shift_3.png,2048,2448,1.0
walnuts,test_public,/content/msila/src/data/walnuts/test_public/good/002_regular.png,2048,2448,1.0
walnuts,test_public,/content/msila/src/data/walnuts/test_public/good/008_shift_2.png,2048,2448,1.0
walnuts,test_public,/content/msila/src/data/walnuts/test_public/good/008_overexposed.png,2048,2448,1.0
walnuts,test_public,/content/msila/src/data/walnuts/test_public/good/000_shift_1.png,2048,2448,1.0
walnuts,test_public,/content/msila/src/data/walnuts/test_public/good/006_shift_1.png,2048,2448,1.0
walnuts,test_public,/content/msila/src/data/walnuts/test_public/good/002_shift_1.png,2048,2448,1.0
walnuts,test_public,/content/msila/src/data/walnuts/test_public/good/004_overexposed.png,2048,2448,1.0
walnuts,test_public,/content/msila/src/data/walnuts/test_public/good/004_regular.png,2048,2448,1.0
walnuts,test_public,/content/msila/src/data/walnuts/test_public/good/003_shift_2.png,2048,2448,1.0
walnuts,test_public,/content/msila/src/data/walnuts/test_public/good/001_shift_2.png,2048,2448,1.0
walnuts,test_public,/content/msila/src/data/walnuts/test_public/good/008_shift_1.png,2048,2448,1.0
walnuts,test_public,/content/msila/src/data/walnuts/test_public/good/001_overexposed.png,2048,2448,1.0
walnuts,test_public,/content/msila/src/data/walnuts/test_public/good/000_underexposed.png,2048,2448,1.0
walnuts,test_public,/content/msila/src/data/walnuts/test_public/good/002_underexposed.png,2048,2448,1.0
walnuts,test_public,/content/msila/src/data/walnuts/test_public/good/007_regular.png,2048,2448,1.0
walnuts,test_public,/content/msila/src/data/walnuts/test_public/good/007_shift_3.png,2048,2448,1.0
walnuts,test_public,/content/msila/src/data/walnuts/test_public/good/001_regular.png,2048,2448,1.0
walnuts,test_public,/content/msila/src/data/walnuts/test_public/good/003_underexposed.png,2048,2448,1.0
walnuts,test_public,/content/msila/src/data/walnuts/test_public/good/008_regular.png,2048,2448,1.0
walnuts,test_public,/content/msila/src/data/walnuts/test_public/good/006_shift_2.png,2048,2448,1.0
walnuts,test_public,/content/msila/src/data/walnuts/test_public/good/001_shift_3.png,2048,2448,1.0
walnuts,test_public,/content/msila/src/data/walnuts/test_public/good/007_shift_2.png,2048,2448,1.0
walnuts,test_public,/content/msila/src/data/walnuts/test_public/good/007_underexposed.png,2048,2448,1.0
walnuts,test_public,/content/msila/src/data/walnuts/test_public/good/002_shift_2.png,2048,2448,1.0
fabric,test_private_mixed,/content/msila/src/data/fabric/test_private_mixed/098_mixed.png,2048,2448,1.0
fabric,test_private_mixed,/content/msila/src/data/fabric/test_private_mixed/055_mixed.png,2048,2448,1.0
fabric,test_private_mixed,/content/msila/src/data/fabric/test_private_mixed/268_mixed.png,2048,2448,1.0
fabric,test_private_mixed,/content/msila/src/data/fabric/test_private_mixed/159_mixed.png,2048,2448,1.0
fabric,test_private_mixed,/content/msila/src/data/fabric/test_private_mixed/084_mixed.png,2048,2448,1.0
fabric,test_private_mixed,/content/msila/src/data/fabric/test_private_mixed/015_mixed.png,2048,2448,1.0
fabric,test_private_mixed,/content/msila/src/data/fabric/test_private_mixed/311_mixed.png,2048,2448,1.0
fabric,test_private_mixed,/content/msila/src/data/fabric/test_private_mixed/027_mixed.png,2048,2448,1.0
fabric,test_private_mixed,/content/msila/src/data/fabric/test_private_mixed/170_mixed.png,2048,2448,1.0
fabric,test_private_mixed,/content/msila/src/data/fabric/test_private_mixed/277_mixed.png,2048,2448,1.0
fabric,test_private_mixed,/content/msila/src/data/fabric/test_private_mixed/147_mixed.png,2048,2448,1.0
fabric,test_private_mixed,/content/msila/src/data/fabric/test_private_mixed/156_mixed.png,2048,2448,1.0
fabric,test_private_mixed,/content/msila/src/data/fabric/test_private_mixed/184_mixed.png,2048,2448,1.0
fabric,test_private_mixed,/content/msila/src/data/fabric/test_private_mixed/044_mixed.png,2048,2448,1.0
fabric,test_private_mixed,/content/msila/src/data/fabric/test_private_mixed/018_mixed.png,2048,2448,1.0
fabric,test_private_mixed,/content/msila/src/data/fabric/test_private_mixed/020_mixed.png,2048,2448,1.0
fabric,test_private_mixed,/content/msila/src/data/fabric/test_private_mixed/067_mixed.png,2048,2448,1.0
fabric,test_private_mixed,/content/msila/src/data/fabric/test_private_mixed/080_mixed.png,2048,2448,1.0
fabric,test_private_mixed,/content/msila/src/data/fabric/test_private_mixed/295_mixed.png,2048,2448,1.0
fabric,test_private_mixed,/content/msila/src/data/fabric/test_private_mixed/298_mixed.png,2048,2448,1.0
fabric,test_private_mixed,/content/msila/src/data/fabric/test_private_mixed/275_mixed.png,2048,2448,1.0
fabric,test_private_mixed,/content/msila/src/data/fabric/test_private_mixed/272_mixed.png,2048,2448,1.0
fabric,test_private_mixed,/content/msila/src/data/fabric/test_private_mixed/285_mixed.png,2048,2448,1.0
fabric,test_private_mixed,/content/msila/src/data/fabric/test_private_mixed/310_mixed.png,2048,2448,1.0
fabric,test_private_mixed,/content/msila/src/data/fabric/test_private_mixed/092_mixed.png,2048,2448,1.0
fabric,test_private_mixed,/content/msila/src/data/fabric/test_private_mixed/237_mixed.png,2048,2448,1.0
fabric,test_private_mixed,/content/msila/src/data/fabric/test_private_mixed/066_mixed.png,2048,2448,1.0
fabric,test_private_mixed,/content/msila/src/data/fabric/test_private_mixed/187_mixed.png,2048,2448,1.0
fabric,test_private_mixed,/content/msila/src/data/fabric/test_private_mixed/070_mixed.png,2048,2448,1.0
fabric,test_private_mixed,/content/msila/src/data/fabric/test_private_mixed/243_mixed.png,2048,2448,1.0
fabric,test_private_mixed,/content/msila/src/data/fabric/test_private_mixed/231_mixed.png,2048,2448,1.0
fabric,test_private_mixed,/content/msila/src/data/fabric/test_private_mixed/308_mixed.png,2048,2448,1.0
fabric,test_private_mixed,/content/msila/src/data/fabric/test_private_mixed/218_mixed.png,2048,2448,1.0
fabric,test_private_mixed,/content/msila/src/data/fabric/test_private_mixed/074_mixed.png,2048,2448,1.0
fabric,test_private_mixed,/content/msila/src/data/fabric/test_private_mixed/069_mixed.png,2048,2448,1.0
fabric,test_private_mixed,/content/msila/src/data/fabric/test_private_mixed/154_mixed.png,2048,2448,1.0
fabric,test_private_mixed,/content/msila/src/data/fabric/test_private_mixed/016_mixed.png,2048,2448,1.0
fabric,test_private_mixed,/content/msila/src/data/fabric/test_private_mixed/118_mixed.png,2048,2448,1.0
fabric,test_private_mixed,/content/msila/src/data/fabric/test_private_mixed/234_mixed.png,2048,2448,1.0
fabric,test_private_mixed,/content/msila/src/data/fabric/test_private_mixed/198_mixed.png,2048,2448,1.0
fabric,test_private_mixed,/content/msila/src/data/fabric/test_private_mixed/248_mixed.png,2048,2448,1.0
fabric,test_private_mixed,/content/msila/src/data/fabric/test_private_mixed/037_mixed.png,2048,2448,1.0
fabric,test_private_mixed,/content/msila/src/data/fabric/test_private_mixed/161_mixed.png,2048,2448,1.0
fabric,test_private_mixed,/content/msila/src/data/fabric/test_private_mixed/167_mixed.png,2048,2448,1.0
fabric,test_private_mixed,/content/msila/src/data/fabric/test_private_mixed/247_mixed.png,2048,2448,1.0
fabric,test_private_mixed,/content/msila/src/data/fabric/test_private_mixed/079_mixed.png,2048,2448,1.0
fabric,test_private_mixed,/content/msila/src/data/fabric/test_private_mixed/000_mixed.png,2048,2448,1.0
fabric,test_private_mixed,/content/msila/src/data/fabric/test_private_mixed/081_mixed.png,2048,2448,1.0
fabric,test_private_mixed,/content/msila/src/data/fabric/test_private_mixed/082_mixed.png,2048,2448,1.0
fabric,test_private_mixed,/content/msila/src/data/fabric/test_private_mixed/039_mixed.png,2048,2448,1.0
fabric,test_private_mixed,/content/msila/src/data/fabric/test_private_mixed/126_mixed.png,2048,2448,1.0
fabric,test_private_mixed,/content/msila/src/data/fabric/test_private_mixed/191_mixed.png,2048,2448,1.0
fabric,test_private_mixed,/content/msila/src/data/fabric/test_private_mixed/150_mixed.png,2048,2448,1.0
fabric,test_private_mixed,/content/msila/src/data/fabric/test_private_mixed/264_mixed.png,2048,2448,1.0
fabric,test_private_mixed,/content/msila/src/data/fabric/test_private_mixed/059_mixed.png,2048,2448,1.0
fabric,test_private_mixed,/content/msila/src/data/fabric/test_private_mixed/035_mixed.png,2048,2448,1.0
fabric,test_private_mixed,/content/msila/src/data/fabric/test_private_mixed/294_mixed.png,2048,2448,1.0
fabric,test_private_mixed,/content/msila/src/data/fabric/test_private_mixed/116_mixed.png,2048,2448,1.0
fabric,test_private_mixed,/content/msila/src/data/fabric/test_private_mixed/302_mixed.png,2048,2448,1.0
fabric,test_private_mixed,/content/msila/src/data/fabric/test_private_mixed/062_mixed.png,2048,2448,1.0
fabric,test_private_mixed,/content/msila/src/data/fabric/test_private_mixed/182_mixed.png,2048,2448,1.0
fabric,test_private_mixed,/content/msila/src/data/fabric/test_private_mixed/296_mixed.png,2048,2448,1.0
fabric,test_private_mixed,/content/msila/src/data/fabric/test_private_mixed/138_mixed.png,2048,2448,1.0
fabric,test_private_mixed,/content/msila/src/data/fabric/test_private_mixed/252_mixed.png,2048,2448,1.0
fabric,test_private_mixed,/content/msila/src/data/fabric/test_private_mixed/291_mixed.png,2048,2448,1.0
fabric,test_private_mixed,/content/msila/src/data/fabric/test_private_mixed/158_mixed.png,2048,2448,1.0
fabric,test_private_mixed,/content/msila/src/data/fabric/test_private_mixed/028_mixed.png,2048,2448,1.0
fabric,test_private_mixed,/content/msila/src/data/fabric/test_private_mixed/205_mixed.png,2048,2448,1.0
fabric,test_private_mixed,/content/msila/src/data/fabric/test_private_mixed/012_mixed.png,2048,2448,1.0
fabric,test_private_mixed,/content/msila/src/data/fabric/test_private_mixed/071_mixed.png,2048,2448,1.0
fabric,test_private_mixed,/content/msila/src/data/fabric/test_private_mixed/309_mixed.png,2048,2448,1.0
fabric,test_private_mixed,/content/msila/src/data/fabric/test_private_mixed/297_mixed.png,2048,2448,1.0
fabric,test_private_mixed,/content/msila/src/data/fabric/test_private_mixed/242_mixed.png,2048,2448,1.0
fabric,test_private_mixed,/content/msila/src/data/fabric/test_private_mixed/017_mixed.png,2048,2448,1.0
fabric,test_private_mixed,/content/msila/src/data/fabric/test_private_mixed/175_mixed.png,2048,2448,1.0
fabric,test_private_mixed,/content/msila/src/data/fabric/test_private_mixed/188_mixed.png,2048,2448,1.0
fabric,test_private_mixed,/content/msila/src/data/fabric/test_private_mixed/006_mixed.png,2048,2448,1.0
fabric,test_private_mixed,/content/msila/src/data/fabric/test_private_mixed/222_mixed.png,2048,2448,1.0
fabric,test_private_mixed,/content/msila/src/data/fabric/test_private_mixed/244_mixed.png,2048,2448,1.0
fabric,test_private_mixed,/content/msila/src/data/fabric/test_private_mixed/146_mixed.png,2048,2448,1.0
fabric,test_private_mixed,/content/msila/src/data/fabric/test_private_mixed/217_mixed.png,2048,2448,1.0
fabric,test_private_mixed,/content/msila/src/data/fabric/test_private_mixed/163_mixed.png,2048,2448,1.0
fabric,test_private_mixed,/content/msila/src/data/fabric/test_private_mixed/260_mixed.png,2048,2448,1.0
fabric,test_private_mixed,/content/msila/src/data/fabric/test_private_mixed/301_mixed.png,2048,2448,1.0
fabric,test_private_mixed,/content/msila/src/data/fabric/test_private_mixed/047_mixed.png,2048,2448,1.0
fabric,test_private_mixed,/content/msila/src/data/fabric/test_private_mixed/232_mixed.png,2048,2448,1.0
fabric,test_private_mixed,/content/msila/src/data/fabric/test_private_mixed/155_mixed.png,2048,2448,1.0
fabric,test_private_mixed,/content/msila/src/data/fabric/test_private_mixed/169_mixed.png,2048,2448,1.0
fabric,test_private_mixed,/content/msila/src/data/fabric/test_private_mixed/189_mixed.png,2048,2448,1.0
fabric,test_private_mixed,/content/msila/src/data/fabric/test_private_mixed/050_mixed.png,2048,2448,1.0
fabric,test_private_mixed,/content/msila/src/data/fabric/test_private_mixed/119_mixed.png,2048,2448,1.0
fabric,test_private_mixed,/content/msila/src/data/fabric/test_private_mixed/262_mixed.png,2048,2448,1.0
fabric,test_private_mixed,/content/msila/src/data/fabric/test_private_mixed/259_mixed.png,2048,2448,1.0
fabric,test_private_mixed,/content/msila/src/data/fabric/test_private_mixed/196_mixed.png,2048,2448,1.0
fabric,test_private_mixed,/content/msila/src/data/fabric/test_private_mixed/236_mixed.png,2048,2448,1.0
fabric,test_private_mixed,/content/msila/src/data/fabric/test_private_mixed/106_mixed.png,2048,2448,1.0
fabric,test_private_mixed,/content/msila/src/data/fabric/test_private_mixed/034_mixed.png,2048,2448,1.0
fabric,test_private_mixed,/content/msila/src/data/fabric/test_private_mixed/104_mixed.png,2048,2448,1.0
fabric,test_private_mixed,/content/msila/src/data/fabric/test_private_mixed/091_mixed.png,2048,2448,1.0
fabric,test_private_mixed,/content/msila/src/data/fabric/test_private_mixed/246_mixed.png,2048,2448,1.0
fabric,test_private_mixed,/content/msila/src/data/fabric/test_private_mixed/086_mixed.png,2048,2448,1.0
fabric,test_private_mixed,/content/msila/src/data/fabric/test_private_mixed/178_mixed.png,2048,2448,1.0
fabric,test_private_mixed,/content/msila/src/data/fabric/test_private_mixed/166_mixed.png,2048,2448,1.0
fabric,test_private_mixed,/content/msila/src/data/fabric/test_private_mixed/127_mixed.png,2048,2448,1.0
fabric,test_private_mixed,/content/msila/src/data/fabric/test_private_mixed/123_mixed.png,2048,2448,1.0
fabric,test_private_mixed,/content/msila/src/data/fabric/test_private_mixed/194_mixed.png,2048,2448,1.0
fabric,test_private_mixed,/content/msila/src/data/fabric/test_private_mixed/193_mixed.png,2048,2448,1.0
fabric,test_private_mixed,/content/msila/src/data/fabric/test_private_mixed/206_mixed.png,2048,2448,1.0
fabric,test_private_mixed,/content/msila/src/data/fabric/test_private_mixed/148_mixed.png,2048,2448,1.0
fabric,test_private_mixed,/content/msila/src/data/fabric/test_private_mixed/278_mixed.png,2048,2448,1.0
fabric,test_private_mixed,/content/msila/src/data/fabric/test_private_mixed/162_mixed.png,2048,2448,1.0
fabric,test_private_mixed,/content/msila/src/data/fabric/test_private_mixed/002_mixed.png,2048,2448,1.0
fabric,test_private_mixed,/content/msila/src/data/fabric/test_private_mixed/130_mixed.png,2048,2448,1.0
fabric,test_private_mixed,/content/msila/src/data/fabric/test_private_mixed/210_mixed.png,2048,2448,1.0
fabric,test_private_mixed,/content/msila/src/data/fabric/test_private_mixed/251_mixed.png,2048,2448,1.0
fabric,test_private_mixed,/content/msila/src/data/fabric/test_private_mixed/048_mixed.png,2048,2448,1.0
fabric,test_private_mixed,/content/msila/src/data/fabric/test_private_mixed/290_mixed.png,2048,2448,1.0
fabric,test_private_mixed,/content/msila/src/data/fabric/test_private_mixed/157_mixed.png,2048,2448,1.0
fabric,test_private_mixed,/content/msila/src/data/fabric/test_private_mixed/266_mixed.png,2048,2448,1.0
fabric,test_private_mixed,/content/msila/src/data/fabric/test_private_mixed/008_mixed.png,2048,2448,1.0
fabric,test_private_mixed,/content/msila/src/data/fabric/test_private_mixed/239_mixed.png,2048,2448,1.0
fabric,test_private_mixed,/content/msila/src/data/fabric/test_private_mixed/013_mixed.png,2048,2448,1.0
fabric,test_private_mixed,/content/msila/src/data/fabric/test_private_mixed/137_mixed.png,2048,2448,1.0
fabric,test_private_mixed,/content/msila/src/data/fabric/test_private_mixed/177_mixed.png,2048,2448,1.0
fabric,test_private_mixed,/content/msila/src/data/fabric/test_private_mixed/061_mixed.png,2048,2448,1.0
fabric,test_private_mixed,/content/msila/src/data/fabric/test_private_mixed/313_mixed.png,2048,2448,1.0
fabric,test_private_mixed,/content/msila/src/data/fabric/test_private_mixed/122_mixed.png,2048,2448,1.0
fabric,test_private_mixed,/content/msila/src/data/fabric/test_private_mixed/179_mixed.png,2048,2448,1.0
fabric,test_private_mixed,/content/msila/src/data/fabric/test_private_mixed/230_mixed.png,2048,2448,1.0
fabric,test_private_mixed,/content/msila/src/data/fabric/test_private_mixed/226_mixed.png,2048,2448,1.0
fabric,test_private_mixed,/content/msila/src/data/fabric/test_private_mixed/113_mixed.png,2048,2448,1.0
fabric,test_private_mixed,/content/msila/src/data/fabric/test_private_mixed/273_mixed.png,2048,2448,1.0
fabric,test_private_mixed,/content/msila/src/data/fabric/test_private_mixed/095_mixed.png,2048,2448,1.0
fabric,test_private_mixed,/content/msila/src/data/fabric/test_private_mixed/060_mixed.png,2048,2448,1.0
fabric,test_private_mixed,/content/msila/src/data/fabric/test_private_mixed/181_mixed.png,2048,2448,1.0
fabric,test_private_mixed,/content/msila/src/data/fabric/test_private_mixed/168_mixed.png,2048,2448,1.0
fabric,test_private_mixed,/content/msila/src/data/fabric/test_private_mixed/192_mixed.png,2048,2448,1.0
fabric,test_private_mixed,/content/msila/src/data/fabric/test_private_mixed/292_mixed.png,2048,2448,1.0
fabric,test_private_mixed,/content/msila/src/data/fabric/test_private_mixed/078_mixed.png,2048,2448,1.0
fabric,test_private_mixed,/content/msila/src/data/fabric/test_private_mixed/117_mixed.png,2048,2448,1.0
fabric,test_private_mixed,/content/msila/src/data/fabric/test_private_mixed/289_mixed.png,2048,2448,1.0
fabric,test_private_mixed,/content/msila/src/data/fabric/test_private_mixed/089_mixed.png,2048,2448,1.0
fabric,test_private_mixed,/content/msila/src/data/fabric/test_private_mixed/279_mixed.png,2048,2448,1.0
fabric,test_private_mixed,/content/msila/src/data/fabric/test_private_mixed/058_mixed.png,2048,2448,1.0
fabric,test_private_mixed,/content/msila/src/data/fabric/test_private_mixed/133_mixed.png,2048,2448,1.0
fabric,test_private_mixed,/content/msila/src/data/fabric/test_private_mixed/263_mixed.png,2048,2448,1.0
fabric,test_private_mixed,/content/msila/src/data/fabric/test_private_mixed/254_mixed.png,2048,2448,1.0
fabric,test_private_mixed,/content/msila/src/data/fabric/test_private_mixed/208_mixed.png,2048,2448,1.0
fabric,test_private_mixed,/content/msila/src/data/fabric/test_private_mixed/173_mixed.png,2048,2448,1.0
fabric,test_private_mixed,/content/msila/src/data/fabric/test_private_mixed/054_mixed.png,2048,2448,1.0
fabric,test_private_mixed,/content/msila/src/data/fabric/test_private_mixed/250_mixed.png,2048,2448,1.0
fabric,test_private_mixed,/content/msila/src/data/fabric/test_private_mixed/134_mixed.png,2048,2448,1.0
fabric,test_private_mixed,/content/msila/src/data/fabric/test_private_mixed/124_mixed.png,2048,2448,1.0
fabric,test_private_mixed,/content/msila/src/data/fabric/test_private_mixed/219_mixed.png,2048,2448,1.0
fabric,test_private_mixed,/content/msila/src/data/fabric/test_private_mixed/270_mixed.png,2048,2448,1.0
fabric,test_private_mixed,/content/msila/src/data/fabric/test_private_mixed/303_mixed.png,2048,2448,1.0
fabric,test_private_mixed,/content/msila/src/data/fabric/test_private_mixed/019_mixed.png,2048,2448,1.0
fabric,test_private_mixed,/content/msila/src/data/fabric/test_private_mixed/029_mixed.png,2048,2448,1.0
fabric,test_private_mixed,/content/msila/src/data/fabric/test_private_mixed/287_mixed.png,2048,2448,1.0
fabric,test_private_mixed,/content/msila/src/data/fabric/test_private_mixed/203_mixed.png,2048,2448,1.0
fabric,test_private_mixed,/content/msila/src/data/fabric/test_private_mixed/149_mixed.png,2048,2448,1.0
fabric,test_private_mixed,/content/msila/src/data/fabric/test_private_mixed/209_mixed.png,2048,2448,1.0
fabric,test_private_mixed,/content/msila/src/data/fabric/test_private_mixed/087_mixed.png,2048,2448,1.0
fabric,test_private_mixed,/content/msila/src/data/fabric/test_private_mixed/129_mixed.png,2048,2448,1.0
fabric,test_private_mixed,/content/msila/src/data/fabric/test_private_mixed/099_mixed.png,2048,2448,1.0
fabric,test_private_mixed,/content/msila/src/data/fabric/test_private_mixed/213_mixed.png,2048,2448,1.0
fabric,test_private_mixed,/content/msila/src/data/fabric/test_private_mixed/041_mixed.png,2048,2448,1.0
fabric,test_private_mixed,/content/msila/src/data/fabric/test_private_mixed/036_mixed.png,2048,2448,1.0
fabric,test_private_mixed,/content/msila/src/data/fabric/test_private_mixed/100_mixed.png,2048,2448,1.0
fabric,test_private_mixed,/content/msila/src/data/fabric/test_private_mixed/245_mixed.png,2048,2448,1.0
fabric,test_private_mixed,/content/msila/src/data/fabric/test_private_mixed/076_mixed.png,2048,2448,1.0
fabric,test_private_mixed,/content/msila/src/data/fabric/test_private_mixed/240_mixed.png,2048,2448,1.0
fabric,test_private_mixed,/content/msila/src/data/fabric/test_private_mixed/235_mixed.png,2048,2448,1.0
fabric,test_private_mixed,/content/msila/src/data/fabric/test_private_mixed/228_mixed.png,2048,2448,1.0
fabric,test_private_mixed,/content/msila/src/data/fabric/test_private_mixed/108_mixed.png,2048,2448,1.0
fabric,test_private_mixed,/content/msila/src/data/fabric/test_private_mixed/152_mixed.png,2048,2448,1.0
fabric,test_private_mixed,/content/msila/src/data/fabric/test_private_mixed/052_mixed.png,2048,2448,1.0
fabric,test_private_mixed,/content/msila/src/data/fabric/test_private_mixed/051_mixed.png,2048,2448,1.0
fabric,test_private_mixed,/content/msila/src/data/fabric/test_private_mixed/097_mixed.png,2048,2448,1.0
fabric,test_private_mixed,/content/msila/src/data/fabric/test_private_mixed/101_mixed.png,2048,2448,1.0
fabric,test_private_mixed,/content/msila/src/data/fabric/test_private_mixed/183_mixed.png,2048,2448,1.0
fabric,test_private_mixed,/content/msila/src/data/fabric/test_private_mixed/145_mixed.png,2048,2448,1.0
fabric,test_private_mixed,/content/msila/src/data/fabric/test_private_mixed/211_mixed.png,2048,2448,1.0
fabric,test_private_mixed,/content/msila/src/data/fabric/test_private_mixed/286_mixed.png,2048,2448,1.0
fabric,test_private_mixed,/content/msila/src/data/fabric/test_private_mixed/171_mixed.png,2048,2448,1.0
fabric,test_private_mixed,/content/msila/src/data/fabric/test_private_mixed/033_mixed.png,2048,2448,1.0
fabric,test_private_mixed,/content/msila/src/data/fabric/test_private_mixed/212_mixed.png,2048,2448,1.0
fabric,test_private_mixed,/content/msila/src/data/fabric/test_private_mixed/085_mixed.png,2048,2448,1.0
fabric,test_private_mixed,/content/msila/src/data/fabric/test_private_mixed/269_mixed.png,2048,2448,1.0
fabric,test_private_mixed,/content/msila/src/data/fabric/test_private_mixed/139_mixed.png,2048,2448,1.0
fabric,test_private_mixed,/content/msila/src/data/fabric/test_private_mixed/111_mixed.png,2048,2448,1.0
fabric,test_private_mixed,/content/msila/src/data/fabric/test_private_mixed/032_mixed.png,2048,2448,1.0
fabric,test_private_mixed,/content/msila/src/data/fabric/test_private_mixed/075_mixed.png,2048,2448,1.0
fabric,test_private_mixed,/content/msila/src/data/fabric/test_private_mixed/011_mixed.png,2048,2448,1.0
fabric,test_private_mixed,/content/msila/src/data/fabric/test_private_mixed/107_mixed.png,2048,2448,1.0
fabric,test_private_mixed,/content/msila/src/data/fabric/test_private_mixed/215_mixed.png,2048,2448,1.0
fabric,test_private_mixed,/content/msila/src/data/fabric/test_private_mixed/214_mixed.png,2048,2448,1.0
fabric,test_private_mixed,/content/msila/src/data/fabric/test_private_mixed/202_mixed.png,2048,2448,1.0
fabric,test_private_mixed,/content/msila/src/data/fabric/test_private_mixed/221_mixed.png,2048,2448,1.0
fabric,test_private_mixed,/content/msila/src/data/fabric/test_private_mixed/049_mixed.png,2048,2448,1.0
fabric,test_private_mixed,/content/msila/src/data/fabric/test_private_mixed/128_mixed.png,2048,2448,1.0
fabric,test_private_mixed,/content/msila/src/data/fabric/test_private_mixed/102_mixed.png,2048,2448,1.0
fabric,test_private_mixed,/content/msila/src/data/fabric/test_private_mixed/176_mixed.png,2048,2448,1.0
fabric,test_private_mixed,/content/msila/src/data/fabric/test_private_mixed/281_mixed.png,2048,2448,1.0
fabric,test_private_mixed,/content/msila/src/data/fabric/test_private_mixed/200_mixed.png,2048,2448,1.0
fabric,test_private_mixed,/content/msila/src/data/fabric/test_private_mixed/185_mixed.png,2048,2448,1.0
fabric,test_private_mixed,/content/msila/src/data/fabric/test_private_mixed/190_mixed.png,2048,2448,1.0
fabric,test_private_mixed,/content/msila/src/data/fabric/test_private_mixed/064_mixed.png,2048,2448,1.0
fabric,test_private_mixed,/content/msila/src/data/fabric/test_private_mixed/010_mixed.png,2048,2448,1.0
fabric,test_private_mixed,/content/msila/src/data/fabric/test_private_mixed/083_mixed.png,2048,2448,1.0
fabric,test_private_mixed,/content/msila/src/data/fabric/test_private_mixed/172_mixed.png,2048,2448,1.0
fabric,test_private_mixed,/content/msila/src/data/fabric/test_private_mixed/005_mixed.png,2048,2448,1.0
fabric,test_private_mixed,/content/msila/src/data/fabric/test_private_mixed/046_mixed.png,2048,2448,1.0
fabric,test_private_mixed,/content/msila/src/data/fabric/test_private_mixed/238_mixed.png,2048,2448,1.0
fabric,test_private_mixed,/content/msila/src/data/fabric/test_private_mixed/022_mixed.png,2048,2448,1.0
fabric,test_private_mixed,/content/msila/src/data/fabric/test_private_mixed/026_mixed.png,2048,2448,1.0
fabric,test_private_mixed,/content/msila/src/data/fabric/test_private_mixed/256_mixed.png,2048,2448,1.0
fabric,test_private_mixed,/content/msila/src/data/fabric/test_private_mixed/204_mixed.png,2048,2448,1.0
fabric,test_private_mixed,/content/msila/src/data/fabric/test_private_mixed/274_mixed.png,2048,2448,1.0
fabric,test_private_mixed,/content/msila/src/data/fabric/test_private_mixed/040_mixed.png,2048,2448,1.0
fabric,test_private_mixed,/content/msila/src/data/fabric/test_private_mixed/195_mixed.png,2048,2448,1.0
fabric,test_private_mixed,/content/msila/src/data/fabric/test_private_mixed/073_mixed.png,2048,2448,1.0
fabric,test_private_mixed,/content/msila/src/data/fabric/test_private_mixed/004_mixed.png,2048,2448,1.0
fabric,test_private_mixed,/content/msila/src/data/fabric/test_private_mixed/057_mixed.png,2048,2448,1.0
fabric,test_private_mixed,/content/msila/src/data/fabric/test_private_mixed/174_mixed.png,2048,2448,1.0
fabric,test_private_mixed,/content/msila/src/data/fabric/test_private_mixed/143_mixed.png,2048,2448,1.0
fabric,test_private_mixed,/content/msila/src/data/fabric/test_private_mixed/068_mixed.png,2048,2448,1.0
fabric,test_private_mixed,/content/msila/src/data/fabric/test_private_mixed/038_mixed.png,2048,2448,1.0
fabric,test_private_mixed,/content/msila/src/data/fabric/test_private_mixed/165_mixed.png,2048,2448,1.0
fabric,test_private_mixed,/content/msila/src/data/fabric/test_private_mixed/114_mixed.png,2048,2448,1.0
fabric,test_private_mixed,/content/msila/src/data/fabric/test_private_mixed/151_mixed.png,2048,2448,1.0
fabric,test_private_mixed,/content/msila/src/data/fabric/test_private_mixed/105_mixed.png,2048,2448,1.0
fabric,test_private_mixed,/content/msila/src/data/fabric/test_private_mixed/021_mixed.png,2048,2448,1.0
fabric,test_private_mixed,/content/msila/src/data/fabric/test_private_mixed/307_mixed.png,2048,2448,1.0
fabric,test_private_mixed,/content/msila/src/data/fabric/test_private_mixed/090_mixed.png,2048,2448,1.0
fabric,test_private_mixed,/content/msila/src/data/fabric/test_private_mixed/271_mixed.png,2048,2448,1.0
fabric,test_private_mixed,/content/msila/src/data/fabric/test_private_mixed/199_mixed.png,2048,2448,1.0
fabric,test_private_mixed,/content/msila/src/data/fabric/test_private_mixed/300_mixed.png,2048,2448,1.0
fabric,test_private_mixed,/content/msila/src/data/fabric/test_private_mixed/306_mixed.png,2048,2448,1.0
fabric,test_private_mixed,/content/msila/src/data/fabric/test_private_mixed/056_mixed.png,2048,2448,1.0
fabric,test_private_mixed,/content/msila/src/data/fabric/test_private_mixed/135_mixed.png,2048,2448,1.0
fabric,test_private_mixed,/content/msila/src/data/fabric/test_private_mixed/024_mixed.png,2048,2448,1.0
fabric,test_private_mixed,/content/msila/src/data/fabric/test_private_mixed/227_mixed.png,2048,2448,1.0
fabric,test_private_mixed,/content/msila/src/data/fabric/test_private_mixed/072_mixed.png,2048,2448,1.0
fabric,test_private_mixed,/content/msila/src/data/fabric/test_private_mixed/030_mixed.png,2048,2448,1.0
fabric,test_private_mixed,/content/msila/src/data/fabric/test_private_mixed/140_mixed.png,2048,2448,1.0
fabric,test_private_mixed,/content/msila/src/data/fabric/test_private_mixed/312_mixed.png,2048,2448,1.0
fabric,test_private_mixed,/content/msila/src/data/fabric/test_private_mixed/216_mixed.png,2048,2448,1.0
fabric,test_private_mixed,/content/msila/src/data/fabric/test_private_mixed/261_mixed.png,2048,2448,1.0
fabric,test_private_mixed,/content/msila/src/data/fabric/test_private_mixed/180_mixed.png,2048,2448,1.0
fabric,test_private_mixed,/content/msila/src/data/fabric/test_private_mixed/110_mixed.png,2048,2448,1.0
fabric,test_private_mixed,/content/msila/src/data/fabric/test_private_mixed/201_mixed.png,2048,2448,1.0
fabric,test_private_mixed,/content/msila/src/data/fabric/test_private_mixed/229_mixed.png,2048,2448,1.0
fabric,test_private_mixed,/content/msila/src/data/fabric/test_private_mixed/267_mixed.png,2048,2448,1.0
fabric,test_private_mixed,/content/msila/src/data/fabric/test_private_mixed/025_mixed.png,2048,2448,1.0
fabric,test_private_mixed,/content/msila/src/data/fabric/test_private_mixed/007_mixed.png,2048,2448,1.0
fabric,test_private_mixed,/content/msila/src/data/fabric/test_private_mixed/253_mixed.png,2048,2448,1.0
fabric,test_private_mixed,/content/msila/src/data/fabric/test_private_mixed/014_mixed.png,2048,2448,1.0
fabric,test_private_mixed,/content/msila/src/data/fabric/test_private_mixed/121_mixed.png,2048,2448,1.0
fabric,test_private_mixed,/content/msila/src/data/fabric/test_private_mixed/160_mixed.png,2048,2448,1.0
fabric,test_private_mixed,/content/msila/src/data/fabric/test_private_mixed/153_mixed.png,2048,2448,1.0
fabric,test_private_mixed,/content/msila/src/data/fabric/test_private_mixed/288_mixed.png,2048,2448,1.0
fabric,test_private_mixed,/content/msila/src/data/fabric/test_private_mixed/042_mixed.png,2048,2448,1.0
fabric,test_private_mixed,/content/msila/src/data/fabric/test_private_mixed/233_mixed.png,2048,2448,1.0
fabric,test_private_mixed,/content/msila/src/data/fabric/test_private_mixed/282_mixed.png,2048,2448,1.0
fabric,test_private_mixed,/content/msila/src/data/fabric/test_private_mixed/009_mixed.png,2048,2448,1.0
fabric,test_private_mixed,/content/msila/src/data/fabric/test_private_mixed/276_mixed.png,2048,2448,1.0
fabric,test_private_mixed,/content/msila/src/data/fabric/test_private_mixed/120_mixed.png,2048,2448,1.0
fabric,test_private_mixed,/content/msila/src/data/fabric/test_private_mixed/304_mixed.png,2048,2448,1.0
fabric,test_private_mixed,/content/msila/src/data/fabric/test_private_mixed/224_mixed.png,2048,2448,1.0
fabric,test_private_mixed,/content/msila/src/data/fabric/test_private_mixed/063_mixed.png,2048,2448,1.0
fabric,test_private_mixed,/content/msila/src/data/fabric/test_private_mixed/109_mixed.png,2048,2448,1.0
fabric,test_private_mixed,/content/msila/src/data/fabric/test_private_mixed/280_mixed.png,2048,2448,1.0
fabric,test_private_mixed,/content/msila/src/data/fabric/test_private_mixed/186_mixed.png,2048,2448,1.0
fabric,test_private_mixed,/content/msila/src/data/fabric/test_private_mixed/284_mixed.png,2048,2448,1.0
fabric,test_private_mixed,/content/msila/src/data/fabric/test_private_mixed/141_mixed.png,2048,2448,1.0
fabric,test_private_mixed,/content/msila/src/data/fabric/test_private_mixed/305_mixed.png,2048,2448,1.0
fabric,test_private_mixed,/content/msila/src/data/fabric/test_private_mixed/164_mixed.png,2048,2448,1.0
fabric,test_private_mixed,/content/msila/src/data/fabric/test_private_mixed/144_mixed.png,2048,2448,1.0
fabric,test_private_mixed,/content/msila/src/data/fabric/test_private_mixed/125_mixed.png,2048,2448,1.0
fabric,test_private_mixed,/content/msila/src/data/fabric/test_private_mixed/045_mixed.png,2048,2448,1.0
fabric,test_private_mixed,/content/msila/src/data/fabric/test_private_mixed/223_mixed.png,2048,2448,1.0
fabric,test_private_mixed,/content/msila/src/data/fabric/test_private_mixed/065_mixed.png,2048,2448,1.0
fabric,test_private_mixed,/content/msila/src/data/fabric/test_private_mixed/293_mixed.png,2048,2448,1.0
fabric,test_private_mixed,/content/msila/src/data/fabric/test_private_mixed/299_mixed.png,2048,2448,1.0
fabric,test_private_mixed,/content/msila/src/data/fabric/test_private_mixed/136_mixed.png,2048,2448,1.0
fabric,test_private_mixed,/content/msila/src/data/fabric/test_private_mixed/132_mixed.png,2048,2448,1.0
fabric,test_private_mixed,/content/msila/src/data/fabric/test_private_mixed/197_mixed.png,2048,2448,1.0
fabric,test_private_mixed,/content/msila/src/data/fabric/test_private_mixed/258_mixed.png,2048,2448,1.0
fabric,test_private_mixed,/content/msila/src/data/fabric/test_private_mixed/255_mixed.png,2048,2448,1.0
fabric,test_private_mixed,/content/msila/src/data/fabric/test_private_mixed/093_mixed.png,2048,2448,1.0
fabric,test_private_mixed,/content/msila/src/data/fabric/test_private_mixed/257_mixed.png,2048,2448,1.0
fabric,test_private_mixed,/content/msila/src/data/fabric/test_private_mixed/103_mixed.png,2048,2448,1.0
fabric,test_private_mixed,/content/msila/src/data/fabric/test_private_mixed/031_mixed.png,2048,2448,1.0
fabric,test_private_mixed,/content/msila/src/data/fabric/test_private_mixed/001_mixed.png,2048,2448,1.0
fabric,test_private_mixed,/content/msila/src/data/fabric/test_private_mixed/283_mixed.png,2048,2448,1.0
fabric,test_private_mixed,/content/msila/src/data/fabric/test_private_mixed/241_mixed.png,2048,2448,1.0
fabric,test_private_mixed,/content/msila/src/data/fabric/test_private_mixed/077_mixed.png,2048,2448,1.0
fabric,test_private_mixed,/content/msila/src/data/fabric/test_private_mixed/249_mixed.png,2048,2448,1.0
fabric,test_private_mixed,/content/msila/src/data/fabric/test_private_mixed/220_mixed.png,2048,2448,1.0
fabric,test_private_mixed,/content/msila/src/data/fabric/test_private_mixed/265_mixed.png,2048,2448,1.0
fabric,test_private_mixed,/content/msila/src/data/fabric/test_private_mixed/112_mixed.png,2048,2448,1.0
fabric,test_private_mixed,/content/msila/src/data/fabric/test_private_mixed/088_mixed.png,2048,2448,1.0
fabric,test_private_mixed,/content/msila/src/data/fabric/test_private_mixed/023_mixed.png,2048,2448,1.0
fabric,test_private_mixed,/content/msila/src/data/fabric/test_private_mixed/043_mixed.png,2048,2448,1.0
fabric,test_private_mixed,/content/msila/src/data/fabric/test_private_mixed/096_mixed.png,2048,2448,1.0
fabric,test_private_mixed,/content/msila/src/data/fabric/test_private_mixed/207_mixed.png,2048,2448,1.0
fabric,test_private_mixed,/content/msila/src/data/fabric/test_private_mixed/115_mixed.png,2048,2448,1.0
fabric,test_private_mixed,/content/msila/src/data/fabric/test_private_mixed/225_mixed.png,2048,2448,1.0
fabric,test_private_mixed,/content/msila/src/data/fabric/test_private_mixed/131_mixed.png,2048,2448,1.0
fabric,test_private_mixed,/content/msila/src/data/fabric/test_private_mixed/053_mixed.png,2048,2448,1.0
fabric,test_private_mixed,/content/msila/src/data/fabric/test_private_mixed/003_mixed.png,2048,2448,1.0
fabric,test_private_mixed,/content/msila/src/data/fabric/test_private_mixed/142_mixed.png,2048,2448,1.0
fabric,test_private_mixed,/content/msila/src/data/fabric/test_private_mixed/094_mixed.png,2048,2448,1.0
fabric,test_private,/content/msila/src/data/fabric/test_private/126_regular.png,2048,2448,1.0
fabric,test_private,/content/msila/src/data/fabric/test_private/160_regular.png,2048,2448,1.0
fabric,test_private,/content/msila/src/data/fabric/test_private/306_regular.png,2048,2448,1.0
fabric,test_private,/content/msila/src/data/fabric/test_private/023_regular.png,2048,2448,1.0
fabric,test_private,/content/msila/src/data/fabric/test_private/057_regular.png,2048,2448,1.0
fabric,test_private,/content/msila/src/data/fabric/test_private/140_regular.png,2048,2448,1.0
fabric,test_private,/content/msila/src/data/fabric/test_private/019_regular.png,2048,2448,1.0
fabric,test_private,/content/msila/src/data/fabric/test_private/146_regular.png,2048,2448,1.0
fabric,test_private,/content/msila/src/data/fabric/test_private/217_regular.png,2048,2448,1.0
fabric,test_private,/content/msila/src/data/fabric/test_private/258_regular.png,2048,2448,1.0
fabric,test_private,/content/msila/src/data/fabric/test_private/128_regular.png,2048,2448,1.0
fabric,test_private,/content/msila/src/data/fabric/test_private/233_regular.png,2048,2448,1.0
fabric,test_private,/content/msila/src/data/fabric/test_private/041_regular.png,2048,2448,1.0
fabric,test_private,/content/msila/src/data/fabric/test_private/069_regular.png,2048,2448,1.0
fabric,test_private,/content/msila/src/data/fabric/test_private/216_regular.png,2048,2448,1.0
fabric,test_private,/content/msila/src/data/fabric/test_private/209_regular.png,2048,2448,1.0
fabric,test_private,/content/msila/src/data/fabric/test_private/164_regular.png,2048,2448,1.0
fabric,test_private,/content/msila/src/data/fabric/test_private/142_regular.png,2048,2448,1.0
fabric,test_private,/content/msila/src/data/fabric/test_private/085_regular.png,2048,2448,1.0
fabric,test_private,/content/msila/src/data/fabric/test_private/046_regular.png,2048,2448,1.0
fabric,test_private,/content/msila/src/data/fabric/test_private/219_regular.png,2048,2448,1.0
fabric,test_private,/content/msila/src/data/fabric/test_private/056_regular.png,2048,2448,1.0
fabric,test_private,/content/msila/src/data/fabric/test_private/229_regular.png,2048,2448,1.0
fabric,test_private,/content/msila/src/data/fabric/test_private/304_regular.png,2048,2448,1.0
fabric,test_private,/content/msila/src/data/fabric/test_private/261_regular.png,2048,2448,1.0
fabric,test_private,/content/msila/src/data/fabric/test_private/178_regular.png,2048,2448,1.0
fabric,test_private,/content/msila/src/data/fabric/test_private/143_regular.png,2048,2448,1.0
fabric,test_private,/content/msila/src/data/fabric/test_private/248_regular.png,2048,2448,1.0
fabric,test_private,/content/msila/src/data/fabric/test_private/017_regular.png,2048,2448,1.0
fabric,test_private,/content/msila/src/data/fabric/test_private/301_regular.png,2048,2448,1.0
fabric,test_private,/content/msila/src/data/fabric/test_private/048_regular.png,2048,2448,1.0
fabric,test_private,/content/msila/src/data/fabric/test_private/118_regular.png,2048,2448,1.0
fabric,test_private,/content/msila/src/data/fabric/test_private/312_regular.png,2048,2448,1.0
fabric,test_private,/content/msila/src/data/fabric/test_private/195_regular.png,2048,2448,1.0
fabric,test_private,/content/msila/src/data/fabric/test_private/025_regular.png,2048,2448,1.0
fabric,test_private,/content/msila/src/data/fabric/test_private/230_regular.png,2048,2448,1.0
fabric,test_private,/content/msila/src/data/fabric/test_private/129_regular.png,2048,2448,1.0
fabric,test_private,/content/msila/src/data/fabric/test_private/215_regular.png,2048,2448,1.0
fabric,test_private,/content/msila/src/data/fabric/test_private/003_regular.png,2048,2448,1.0
fabric,test_private,/content/msila/src/data/fabric/test_private/182_regular.png,2048,2448,1.0
fabric,test_private,/content/msila/src/data/fabric/test_private/299_regular.png,2048,2448,1.0
fabric,test_private,/content/msila/src/data/fabric/test_private/059_regular.png,2048,2448,1.0
fabric,test_private,/content/msila/src/data/fabric/test_private/000_regular.png,2048,2448,1.0
fabric,test_private,/content/msila/src/data/fabric/test_private/054_regular.png,2048,2448,1.0
fabric,test_private,/content/msila/src/data/fabric/test_private/281_regular.png,2048,2448,1.0
fabric,test_private,/content/msila/src/data/fabric/test_private/012_regular.png,2048,2448,1.0
fabric,test_private,/content/msila/src/data/fabric/test_private/293_regular.png,2048,2448,1.0
fabric,test_private,/content/msila/src/data/fabric/test_private/114_regular.png,2048,2448,1.0
fabric,test_private,/content/msila/src/data/fabric/test_private/050_regular.png,2048,2448,1.0
fabric,test_private,/content/msila/src/data/fabric/test_private/078_regular.png,2048,2448,1.0
fabric,test_private,/content/msila/src/data/fabric/test_private/252_regular.png,2048,2448,1.0
fabric,test_private,/content/msila/src/data/fabric/test_private/196_regular.png,2048,2448,1.0
fabric,test_private,/content/msila/src/data/fabric/test_private/192_regular.png,2048,2448,1.0
fabric,test_private,/content/msila/src/data/fabric/test_private/127_regular.png,2048,2448,1.0
fabric,test_private,/content/msila/src/data/fabric/test_private/277_regular.png,2048,2448,1.0
fabric,test_private,/content/msila/src/data/fabric/test_private/080_regular.png,2048,2448,1.0
fabric,test_private,/content/msila/src/data/fabric/test_private/097_regular.png,2048,2448,1.0
fabric,test_private,/content/msila/src/data/fabric/test_private/033_regular.png,2048,2448,1.0
fabric,test_private,/content/msila/src/data/fabric/test_private/177_regular.png,2048,2448,1.0
fabric,test_private,/content/msila/src/data/fabric/test_private/110_regular.png,2048,2448,1.0
fabric,test_private,/content/msila/src/data/fabric/test_private/273_regular.png,2048,2448,1.0
fabric,test_private,/content/msila/src/data/fabric/test_private/231_regular.png,2048,2448,1.0
fabric,test_private,/content/msila/src/data/fabric/test_private/173_regular.png,2048,2448,1.0
fabric,test_private,/content/msila/src/data/fabric/test_private/153_regular.png,2048,2448,1.0
fabric,test_private,/content/msila/src/data/fabric/test_private/065_regular.png,2048,2448,1.0
fabric,test_private,/content/msila/src/data/fabric/test_private/241_regular.png,2048,2448,1.0
fabric,test_private,/content/msila/src/data/fabric/test_private/096_regular.png,2048,2448,1.0
fabric,test_private,/content/msila/src/data/fabric/test_private/268_regular.png,2048,2448,1.0
fabric,test_private,/content/msila/src/data/fabric/test_private/292_regular.png,2048,2448,1.0
fabric,test_private,/content/msila/src/data/fabric/test_private/289_regular.png,2048,2448,1.0
fabric,test_private,/content/msila/src/data/fabric/test_private/171_regular.png,2048,2448,1.0
fabric,test_private,/content/msila/src/data/fabric/test_private/082_regular.png,2048,2448,1.0
fabric,test_private,/content/msila/src/data/fabric/test_private/244_regular.png,2048,2448,1.0
fabric,test_private,/content/msila/src/data/fabric/test_private/170_regular.png,2048,2448,1.0
fabric,test_private,/content/msila/src/data/fabric/test_private/296_regular.png,2048,2448,1.0
fabric,test_private,/content/msila/src/data/fabric/test_private/009_regular.png,2048,2448,1.0
fabric,test_private,/content/msila/src/data/fabric/test_private/084_regular.png,2048,2448,1.0
fabric,test_private,/content/msila/src/data/fabric/test_private/264_regular.png,2048,2448,1.0
fabric,test_private,/content/msila/src/data/fabric/test_private/188_regular.png,2048,2448,1.0
fabric,test_private,/content/msila/src/data/fabric/test_private/043_regular.png,2048,2448,1.0
fabric,test_private,/content/msila/src/data/fabric/test_private/070_regular.png,2048,2448,1.0
fabric,test_private,/content/msila/src/data/fabric/test_private/246_regular.png,2048,2448,1.0
fabric,test_private,/content/msila/src/data/fabric/test_private/181_regular.png,2048,2448,1.0
fabric,test_private,/content/msila/src/data/fabric/test_private/254_regular.png,2048,2448,1.0
fabric,test_private,/content/msila/src/data/fabric/test_private/311_regular.png,2048,2448,1.0
fabric,test_private,/content/msila/src/data/fabric/test_private/108_regular.png,2048,2448,1.0
fabric,test_private,/content/msila/src/data/fabric/test_private/174_regular.png,2048,2448,1.0
fabric,test_private,/content/msila/src/data/fabric/test_private/256_regular.png,2048,2448,1.0
fabric,test_private,/content/msila/src/data/fabric/test_private/165_regular.png,2048,2448,1.0
fabric,test_private,/content/msila/src/data/fabric/test_private/201_regular.png,2048,2448,1.0
fabric,test_private,/content/msila/src/data/fabric/test_private/203_regular.png,2048,2448,1.0
fabric,test_private,/content/msila/src/data/fabric/test_private/135_regular.png,2048,2448,1.0
fabric,test_private,/content/msila/src/data/fabric/test_private/213_regular.png,2048,2448,1.0
fabric,test_private,/content/msila/src/data/fabric/test_private/111_regular.png,2048,2448,1.0
fabric,test_private,/content/msila/src/data/fabric/test_private/042_regular.png,2048,2448,1.0
fabric,test_private,/content/msila/src/data/fabric/test_private/103_regular.png,2048,2448,1.0
fabric,test_private,/content/msila/src/data/fabric/test_private/199_regular.png,2048,2448,1.0
fabric,test_private,/content/msila/src/data/fabric/test_private/094_regular.png,2048,2448,1.0
fabric,test_private,/content/msila/src/data/fabric/test_private/105_regular.png,2048,2448,1.0
fabric,test_private,/content/msila/src/data/fabric/test_private/115_regular.png,2048,2448,1.0
fabric,test_private,/content/msila/src/data/fabric/test_private/038_regular.png,2048,2448,1.0
fabric,test_private,/content/msila/src/data/fabric/test_private/288_regular.png,2048,2448,1.0
fabric,test_private,/content/msila/src/data/fabric/test_private/067_regular.png,2048,2448,1.0
fabric,test_private,/content/msila/src/data/fabric/test_private/234_regular.png,2048,2448,1.0
fabric,test_private,/content/msila/src/data/fabric/test_private/309_regular.png,2048,2448,1.0
fabric,test_private,/content/msila/src/data/fabric/test_private/099_regular.png,2048,2448,1.0
fabric,test_private,/content/msila/src/data/fabric/test_private/121_regular.png,2048,2448,1.0
fabric,test_private,/content/msila/src/data/fabric/test_private/063_regular.png,2048,2448,1.0
fabric,test_private,/content/msila/src/data/fabric/test_private/307_regular.png,2048,2448,1.0
fabric,test_private,/content/msila/src/data/fabric/test_private/194_regular.png,2048,2448,1.0
fabric,test_private,/content/msila/src/data/fabric/test_private/109_regular.png,2048,2448,1.0
fabric,test_private,/content/msila/src/data/fabric/test_private/077_regular.png,2048,2448,1.0
fabric,test_private,/content/msila/src/data/fabric/test_private/093_regular.png,2048,2448,1.0
fabric,test_private,/content/msila/src/data/fabric/test_private/313_regular.png,2048,2448,1.0
fabric,test_private,/content/msila/src/data/fabric/test_private/172_regular.png,2048,2448,1.0
fabric,test_private,/content/msila/src/data/fabric/test_private/130_regular.png,2048,2448,1.0
fabric,test_private,/content/msila/src/data/fabric/test_private/036_regular.png,2048,2448,1.0
fabric,test_private,/content/msila/src/data/fabric/test_private/119_regular.png,2048,2448,1.0
fabric,test_private,/content/msila/src/data/fabric/test_private/285_regular.png,2048,2448,1.0
fabric,test_private,/content/msila/src/data/fabric/test_private/269_regular.png,2048,2448,1.0
fabric,test_private,/content/msila/src/data/fabric/test_private/087_regular.png,2048,2448,1.0
fabric,test_private,/content/msila/src/data/fabric/test_private/255_regular.png,2048,2448,1.0
fabric,test_private,/content/msila/src/data/fabric/test_private/185_regular.png,2048,2448,1.0
fabric,test_private,/content/msila/src/data/fabric/test_private/204_regular.png,2048,2448,1.0
fabric,test_private,/content/msila/src/data/fabric/test_private/295_regular.png,2048,2448,1.0
fabric,test_private,/content/msila/src/data/fabric/test_private/073_regular.png,2048,2448,1.0
fabric,test_private,/content/msila/src/data/fabric/test_private/032_regular.png,2048,2448,1.0
fabric,test_private,/content/msila/src/data/fabric/test_private/013_regular.png,2048,2448,1.0
fabric,test_private,/content/msila/src/data/fabric/test_private/265_regular.png,2048,2448,1.0
fabric,test_private,/content/msila/src/data/fabric/test_private/212_regular.png,2048,2448,1.0
fabric,test_private,/content/msila/src/data/fabric/test_private/157_regular.png,2048,2448,1.0
fabric,test_private,/content/msila/src/data/fabric/test_private/006_regular.png,2048,2448,1.0
fabric,test_private,/content/msila/src/data/fabric/test_private/040_regular.png,2048,2448,1.0
fabric,test_private,/content/msila/src/data/fabric/test_private/028_regular.png,2048,2448,1.0
fabric,test_private,/content/msila/src/data/fabric/test_private/235_regular.png,2048,2448,1.0
fabric,test_private,/content/msila/src/data/fabric/test_private/064_regular.png,2048,2448,1.0
fabric,test_private,/content/msila/src/data/fabric/test_private/190_regular.png,2048,2448,1.0
fabric,test_private,/content/msila/src/data/fabric/test_private/045_regular.png,2048,2448,1.0
fabric,test_private,/content/msila/src/data/fabric/test_private/270_regular.png,2048,2448,1.0
fabric,test_private,/content/msila/src/data/fabric/test_private/145_regular.png,2048,2448,1.0
fabric,test_private,/content/msila/src/data/fabric/test_private/098_regular.png,2048,2448,1.0
fabric,test_private,/content/msila/src/data/fabric/test_private/262_regular.png,2048,2448,1.0
fabric,test_private,/content/msila/src/data/fabric/test_private/197_regular.png,2048,2448,1.0
fabric,test_private,/content/msila/src/data/fabric/test_private/238_regular.png,2048,2448,1.0
fabric,test_private,/content/msila/src/data/fabric/test_private/222_regular.png,2048,2448,1.0
fabric,test_private,/content/msila/src/data/fabric/test_private/034_regular.png,2048,2448,1.0
fabric,test_private,/content/msila/src/data/fabric/test_private/112_regular.png,2048,2448,1.0
fabric,test_private,/content/msila/src/data/fabric/test_private/175_regular.png,2048,2448,1.0
fabric,test_private,/content/msila/src/data/fabric/test_private/138_regular.png,2048,2448,1.0
fabric,test_private,/content/msila/src/data/fabric/test_private/224_regular.png,2048,2448,1.0
fabric,test_private,/content/msila/src/data/fabric/test_private/086_regular.png,2048,2448,1.0
fabric,test_private,/content/msila/src/data/fabric/test_private/169_regular.png,2048,2448,1.0
fabric,test_private,/content/msila/src/data/fabric/test_private/191_regular.png,2048,2448,1.0
fabric,test_private,/content/msila/src/data/fabric/test_private/260_regular.png,2048,2448,1.0
fabric,test_private,/content/msila/src/data/fabric/test_private/298_regular.png,2048,2448,1.0
fabric,test_private,/content/msila/src/data/fabric/test_private/147_regular.png,2048,2448,1.0
fabric,test_private,/content/msila/src/data/fabric/test_private/198_regular.png,2048,2448,1.0
fabric,test_private,/content/msila/src/data/fabric/test_private/102_regular.png,2048,2448,1.0
fabric,test_private,/content/msila/src/data/fabric/test_private/113_regular.png,2048,2448,1.0
fabric,test_private,/content/msila/src/data/fabric/test_private/218_regular.png,2048,2448,1.0
fabric,test_private,/content/msila/src/data/fabric/test_private/107_regular.png,2048,2448,1.0
fabric,test_private,/content/msila/src/data/fabric/test_private/149_regular.png,2048,2448,1.0
fabric,test_private,/content/msila/src/data/fabric/test_private/279_regular.png,2048,2448,1.0
fabric,test_private,/content/msila/src/data/fabric/test_private/300_regular.png,2048,2448,1.0
fabric,test_private,/content/msila/src/data/fabric/test_private/095_regular.png,2048,2448,1.0
fabric,test_private,/content/msila/src/data/fabric/test_private/101_regular.png,2048,2448,1.0
fabric,test_private,/content/msila/src/data/fabric/test_private/305_regular.png,2048,2448,1.0
fabric,test_private,/content/msila/src/data/fabric/test_private/168_regular.png,2048,2448,1.0
fabric,test_private,/content/msila/src/data/fabric/test_private/092_regular.png,2048,2448,1.0
fabric,test_private,/content/msila/src/data/fabric/test_private/240_regular.png,2048,2448,1.0
fabric,test_private,/content/msila/src/data/fabric/test_private/047_regular.png,2048,2448,1.0
fabric,test_private,/content/msila/src/data/fabric/test_private/053_regular.png,2048,2448,1.0
fabric,test_private,/content/msila/src/data/fabric/test_private/237_regular.png,2048,2448,1.0
fabric,test_private,/content/msila/src/data/fabric/test_private/021_regular.png,2048,2448,1.0
fabric,test_private,/content/msila/src/data/fabric/test_private/076_regular.png,2048,2448,1.0
fabric,test_private,/content/msila/src/data/fabric/test_private/302_regular.png,2048,2448,1.0
fabric,test_private,/content/msila/src/data/fabric/test_private/090_regular.png,2048,2448,1.0
fabric,test_private,/content/msila/src/data/fabric/test_private/271_regular.png,2048,2448,1.0
fabric,test_private,/content/msila/src/data/fabric/test_private/159_regular.png,2048,2448,1.0
fabric,test_private,/content/msila/src/data/fabric/test_private/187_regular.png,2048,2448,1.0
fabric,test_private,/content/msila/src/data/fabric/test_private/075_regular.png,2048,2448,1.0
fabric,test_private,/content/msila/src/data/fabric/test_private/163_regular.png,2048,2448,1.0
fabric,test_private,/content/msila/src/data/fabric/test_private/010_regular.png,2048,2448,1.0
fabric,test_private,/content/msila/src/data/fabric/test_private/247_regular.png,2048,2448,1.0
fabric,test_private,/content/msila/src/data/fabric/test_private/049_regular.png,2048,2448,1.0
fabric,test_private,/content/msila/src/data/fabric/test_private/220_regular.png,2048,2448,1.0
fabric,test_private,/content/msila/src/data/fabric/test_private/015_regular.png,2048,2448,1.0
fabric,test_private,/content/msila/src/data/fabric/test_private/249_regular.png,2048,2448,1.0
fabric,test_private,/content/msila/src/data/fabric/test_private/005_regular.png,2048,2448,1.0
fabric,test_private,/content/msila/src/data/fabric/test_private/133_regular.png,2048,2448,1.0
fabric,test_private,/content/msila/src/data/fabric/test_private/030_regular.png,2048,2448,1.0
fabric,test_private,/content/msila/src/data/fabric/test_private/144_regular.png,2048,2448,1.0
fabric,test_private,/content/msila/src/data/fabric/test_private/124_regular.png,2048,2448,1.0
fabric,test_private,/content/msila/src/data/fabric/test_private/022_regular.png,2048,2448,1.0
fabric,test_private,/content/msila/src/data/fabric/test_private/223_regular.png,2048,2448,1.0
fabric,test_private,/content/msila/src/data/fabric/test_private/243_regular.png,2048,2448,1.0
fabric,test_private,/content/msila/src/data/fabric/test_private/088_regular.png,2048,2448,1.0
fabric,test_private,/content/msila/src/data/fabric/test_private/206_regular.png,2048,2448,1.0
fabric,test_private,/content/msila/src/data/fabric/test_private/116_regular.png,2048,2448,1.0
fabric,test_private,/content/msila/src/data/fabric/test_private/014_regular.png,2048,2448,1.0
fabric,test_private,/content/msila/src/data/fabric/test_private/308_regular.png,2048,2448,1.0
fabric,test_private,/content/msila/src/data/fabric/test_private/018_regular.png,2048,2448,1.0
fabric,test_private,/content/msila/src/data/fabric/test_private/122_regular.png,2048,2448,1.0
fabric,test_private,/content/msila/src/data/fabric/test_private/125_regular.png,2048,2448,1.0
fabric,test_private,/content/msila/src/data/fabric/test_private/074_regular.png,2048,2448,1.0
fabric,test_private,/content/msila/src/data/fabric/test_private/002_regular.png,2048,2448,1.0
fabric,test_private,/content/msila/src/data/fabric/test_private/132_regular.png,2048,2448,1.0
fabric,test_private,/content/msila/src/data/fabric/test_private/051_regular.png,2048,2448,1.0
fabric,test_private,/content/msila/src/data/fabric/test_private/162_regular.png,2048,2448,1.0
fabric,test_private,/content/msila/src/data/fabric/test_private/123_regular.png,2048,2448,1.0
fabric,test_private,/content/msila/src/data/fabric/test_private/155_regular.png,2048,2448,1.0
fabric,test_private,/content/msila/src/data/fabric/test_private/282_regular.png,2048,2448,1.0
fabric,test_private,/content/msila/src/data/fabric/test_private/257_regular.png,2048,2448,1.0
fabric,test_private,/content/msila/src/data/fabric/test_private/283_regular.png,2048,2448,1.0
fabric,test_private,/content/msila/src/data/fabric/test_private/152_regular.png,2048,2448,1.0
fabric,test_private,/content/msila/src/data/fabric/test_private/151_regular.png,2048,2448,1.0
fabric,test_private,/content/msila/src/data/fabric/test_private/079_regular.png,2048,2448,1.0
fabric,test_private,/content/msila/src/data/fabric/test_private/044_regular.png,2048,2448,1.0
fabric,test_private,/content/msila/src/data/fabric/test_private/226_regular.png,2048,2448,1.0
fabric,test_private,/content/msila/src/data/fabric/test_private/272_regular.png,2048,2448,1.0
fabric,test_private,/content/msila/src/data/fabric/test_private/280_regular.png,2048,2448,1.0
fabric,test_private,/content/msila/src/data/fabric/test_private/297_regular.png,2048,2448,1.0
fabric,test_private,/content/msila/src/data/fabric/test_private/091_regular.png,2048,2448,1.0
fabric,test_private,/content/msila/src/data/fabric/test_private/239_regular.png,2048,2448,1.0
fabric,test_private,/content/msila/src/data/fabric/test_private/276_regular.png,2048,2448,1.0
fabric,test_private,/content/msila/src/data/fabric/test_private/134_regular.png,2048,2448,1.0
fabric,test_private,/content/msila/src/data/fabric/test_private/161_regular.png,2048,2448,1.0
fabric,test_private,/content/msila/src/data/fabric/test_private/106_regular.png,2048,2448,1.0
fabric,test_private,/content/msila/src/data/fabric/test_private/167_regular.png,2048,2448,1.0
fabric,test_private,/content/msila/src/data/fabric/test_private/259_regular.png,2048,2448,1.0
fabric,test_private,/content/msila/src/data/fabric/test_private/139_regular.png,2048,2448,1.0
fabric,test_private,/content/msila/src/data/fabric/test_private/253_regular.png,2048,2448,1.0
fabric,test_private,/content/msila/src/data/fabric/test_private/072_regular.png,2048,2448,1.0
fabric,test_private,/content/msila/src/data/fabric/test_private/245_regular.png,2048,2448,1.0
fabric,test_private,/content/msila/src/data/fabric/test_private/004_regular.png,2048,2448,1.0
fabric,test_private,/content/msila/src/data/fabric/test_private/055_regular.png,2048,2448,1.0
fabric,test_private,/content/msila/src/data/fabric/test_private/100_regular.png,2048,2448,1.0
fabric,test_private,/content/msila/src/data/fabric/test_private/117_regular.png,2048,2448,1.0
fabric,test_private,/content/msila/src/data/fabric/test_private/228_regular.png,2048,2448,1.0
fabric,test_private,/content/msila/src/data/fabric/test_private/278_regular.png,2048,2448,1.0
fabric,test_private,/content/msila/src/data/fabric/test_private/184_regular.png,2048,2448,1.0
fabric,test_private,/content/msila/src/data/fabric/test_private/225_regular.png,2048,2448,1.0
fabric,test_private,/content/msila/src/data/fabric/test_private/150_regular.png,2048,2448,1.0
fabric,test_private,/content/msila/src/data/fabric/test_private/016_regular.png,2048,2448,1.0
fabric,test_private,/content/msila/src/data/fabric/test_private/024_regular.png,2048,2448,1.0
fabric,test_private,/content/msila/src/data/fabric/test_private/310_regular.png,2048,2448,1.0
fabric,test_private,/content/msila/src/data/fabric/test_private/166_regular.png,2048,2448,1.0
fabric,test_private,/content/msila/src/data/fabric/test_private/251_regular.png,2048,2448,1.0
fabric,test_private,/content/msila/src/data/fabric/test_private/266_regular.png,2048,2448,1.0
fabric,test_private,/content/msila/src/data/fabric/test_private/294_regular.png,2048,2448,1.0
fabric,test_private,/content/msila/src/data/fabric/test_private/039_regular.png,2048,2448,1.0
fabric,test_private,/content/msila/src/data/fabric/test_private/176_regular.png,2048,2448,1.0
fabric,test_private,/content/msila/src/data/fabric/test_private/211_regular.png,2048,2448,1.0
fabric,test_private,/content/msila/src/data/fabric/test_private/037_regular.png,2048,2448,1.0
fabric,test_private,/content/msila/src/data/fabric/test_private/011_regular.png,2048,2448,1.0
fabric,test_private,/content/msila/src/data/fabric/test_private/200_regular.png,2048,2448,1.0
fabric,test_private,/content/msila/src/data/fabric/test_private/104_regular.png,2048,2448,1.0
fabric,test_private,/content/msila/src/data/fabric/test_private/062_regular.png,2048,2448,1.0
fabric,test_private,/content/msila/src/data/fabric/test_private/154_regular.png,2048,2448,1.0
fabric,test_private,/content/msila/src/data/fabric/test_private/060_regular.png,2048,2448,1.0
fabric,test_private,/content/msila/src/data/fabric/test_private/027_regular.png,2048,2448,1.0
fabric,test_private,/content/msila/src/data/fabric/test_private/029_regular.png,2048,2448,1.0
fabric,test_private,/content/msila/src/data/fabric/test_private/148_regular.png,2048,2448,1.0
fabric,test_private,/content/msila/src/data/fabric/test_private/020_regular.png,2048,2448,1.0
fabric,test_private,/content/msila/src/data/fabric/test_private/221_regular.png,2048,2448,1.0
fabric,test_private,/content/msila/src/data/fabric/test_private/287_regular.png,2048,2448,1.0
fabric,test_private,/content/msila/src/data/fabric/test_private/120_regular.png,2048,2448,1.0
fabric,test_private,/content/msila/src/data/fabric/test_private/007_regular.png,2048,2448,1.0
fabric,test_private,/content/msila/src/data/fabric/test_private/274_regular.png,2048,2448,1.0
fabric,test_private,/content/msila/src/data/fabric/test_private/275_regular.png,2048,2448,1.0
fabric,test_private,/content/msila/src/data/fabric/test_private/189_regular.png,2048,2448,1.0
fabric,test_private,/content/msila/src/data/fabric/test_private/286_regular.png,2048,2448,1.0
fabric,test_private,/content/msila/src/data/fabric/test_private/207_regular.png,2048,2448,1.0
fabric,test_private,/content/msila/src/data/fabric/test_private/242_regular.png,2048,2448,1.0
fabric,test_private,/content/msila/src/data/fabric/test_private/083_regular.png,2048,2448,1.0
fabric,test_private,/content/msila/src/data/fabric/test_private/183_regular.png,2048,2448,1.0
fabric,test_private,/content/msila/src/data/fabric/test_private/001_regular.png,2048,2448,1.0
fabric,test_private,/content/msila/src/data/fabric/test_private/066_regular.png,2048,2448,1.0
fabric,test_private,/content/msila/src/data/fabric/test_private/136_regular.png,2048,2448,1.0
fabric,test_private,/content/msila/src/data/fabric/test_private/026_regular.png,2048,2448,1.0
fabric,test_private,/content/msila/src/data/fabric/test_private/193_regular.png,2048,2448,1.0
fabric,test_private,/content/msila/src/data/fabric/test_private/031_regular.png,2048,2448,1.0
fabric,test_private,/content/msila/src/data/fabric/test_private/303_regular.png,2048,2448,1.0
fabric,test_private,/content/msila/src/data/fabric/test_private/158_regular.png,2048,2448,1.0
fabric,test_private,/content/msila/src/data/fabric/test_private/081_regular.png,2048,2448,1.0
fabric,test_private,/content/msila/src/data/fabric/test_private/141_regular.png,2048,2448,1.0
fabric,test_private,/content/msila/src/data/fabric/test_private/208_regular.png,2048,2448,1.0
fabric,test_private,/content/msila/src/data/fabric/test_private/035_regular.png,2048,2448,1.0
fabric,test_private,/content/msila/src/data/fabric/test_private/008_regular.png,2048,2448,1.0
fabric,test_private,/content/msila/src/data/fabric/test_private/137_regular.png,2048,2448,1.0
fabric,test_private,/content/msila/src/data/fabric/test_private/263_regular.png,2048,2448,1.0
fabric,test_private,/content/msila/src/data/fabric/test_private/250_regular.png,2048,2448,1.0
fabric,test_private,/content/msila/src/data/fabric/test_private/210_regular.png,2048,2448,1.0
fabric,test_private,/content/msila/src/data/fabric/test_private/156_regular.png,2048,2448,1.0
fabric,test_private,/content/msila/src/data/fabric/test_private/058_regular.png,2048,2448,1.0
fabric,test_private,/content/msila/src/data/fabric/test_private/290_regular.png,2048,2448,1.0
fabric,test_private,/content/msila/src/data/fabric/test_private/205_regular.png,2048,2448,1.0
fabric,test_private,/content/msila/src/data/fabric/test_private/236_regular.png,2048,2448,1.0
fabric,test_private,/content/msila/src/data/fabric/test_private/291_regular.png,2048,2448,1.0
fabric,test_private,/content/msila/src/data/fabric/test_private/284_regular.png,2048,2448,1.0
fabric,test_private,/content/msila/src/data/fabric/test_private/186_regular.png,2048,2448,1.0
fabric,test_private,/content/msila/src/data/fabric/test_private/227_regular.png,2048,2448,1.0
fabric,test_private,/content/msila/src/data/fabric/test_private/052_regular.png,2048,2448,1.0
fabric,test_private,/content/msila/src/data/fabric/test_private/131_regular.png,2048,2448,1.0
fabric,test_private,/content/msila/src/data/fabric/test_private/267_regular.png,2048,2448,1.0
fabric,test_private,/content/msila/src/data/fabric/test_private/214_regular.png,2048,2448,1.0
fabric,test_private,/content/msila/src/data/fabric/test_private/179_regular.png,2048,2448,1.0
fabric,test_private,/content/msila/src/data/fabric/test_private/202_regular.png,2048,2448,1.0
fabric,test_private,/content/msila/src/data/fabric/test_private/232_regular.png,2048,2448,1.0
fabric,test_private,/content/msila/src/data/fabric/test_private/071_regular.png,2048,2448,1.0
fabric,test_private,/content/msila/src/data/fabric/test_private/180_regular.png,2048,2448,1.0
fabric,test_private,/content/msila/src/data/fabric/test_private/089_regular.png,2048,2448,1.0
fabric,test_private,/content/msila/src/data/fabric/test_private/061_regular.png,2048,2448,1.0
fabric,test_private,/content/msila/src/data/fabric/test_private/068_regular.png,2048,2448,1.0
fabric,validation,/content/msila/src/data/fabric/validation/good/023_regular.png,2048,2448,1.0
fabric,validation,/content/msila/src/data/fabric/validation/good/019_regular.png,2048,2448,1.0
fabric,validation,/content/msila/src/data/fabric/validation/good/041_regular.png,2048,2448,1.0
fabric,validation,/content/msila/src/data/fabric/validation/good/017_regular.png,2048,2448,1.0
fabric,validation,/content/msila/src/data/fabric/validation/good/025_regular.png,2048,2448,1.0
fabric,validation,/content/msila/src/data/fabric/validation/good/003_regular.png,2048,2448,1.0
fabric,validation,/content/msila/src/data/fabric/validation/good/000_regular.png,2048,2448,1.0
fabric,validation,/content/msila/src/data/fabric/validation/good/012_regular.png,2048,2448,1.0
fabric,validation,/content/msila/src/data/fabric/validation/good/033_regular.png,2048,2448,1.0
fabric,validation,/content/msila/src/data/fabric/validation/good/009_regular.png,2048,2448,1.0
fabric,validation,/content/msila/src/data/fabric/validation/good/042_regular.png,2048,2448,1.0
fabric,validation,/content/msila/src/data/fabric/validation/good/038_regular.png,2048,2448,1.0
fabric,validation,/content/msila/src/data/fabric/validation/good/036_regular.png,2048,2448,1.0
fabric,validation,/content/msila/src/data/fabric/validation/good/032_regular.png,2048,2448,1.0
fabric,validation,/content/msila/src/data/fabric/validation/good/013_regular.png,2048,2448,1.0
fabric,validation,/content/msila/src/data/fabric/validation/good/006_regular.png,2048,2448,1.0
fabric,validation,/content/msila/src/data/fabric/validation/good/040_regular.png,2048,2448,1.0
fabric,validation,/content/msila/src/data/fabric/validation/good/028_regular.png,2048,2448,1.0
fabric,validation,/content/msila/src/data/fabric/validation/good/034_regular.png,2048,2448,1.0
fabric,validation,/content/msila/src/data/fabric/validation/good/021_regular.png,2048,2448,1.0
fabric,validation,/content/msila/src/data/fabric/validation/good/010_regular.png,2048,2448,1.0
fabric,validation,/content/msila/src/data/fabric/validation/good/015_regular.png,2048,2448,1.0
fabric,validation,/content/msila/src/data/fabric/validation/good/005_regular.png,2048,2448,1.0
fabric,validation,/content/msila/src/data/fabric/validation/good/030_regular.png,2048,2448,1.0
fabric,validation,/content/msila/src/data/fabric/validation/good/022_regular.png,2048,2448,1.0
fabric,validation,/content/msila/src/data/fabric/validation/good/014_regular.png,2048,2448,1.0
fabric,validation,/content/msila/src/data/fabric/validation/good/018_regular.png,2048,2448,1.0
fabric,validation,/content/msila/src/data/fabric/validation/good/002_regular.png,2048,2448,1.0
fabric,validation,/content/msila/src/data/fabric/validation/good/004_regular.png,2048,2448,1.0
fabric,validation,/content/msila/src/data/fabric/validation/good/016_regular.png,2048,2448,1.0
fabric,validation,/content/msila/src/data/fabric/validation/good/024_regular.png,2048,2448,1.0
fabric,validation,/content/msila/src/data/fabric/validation/good/039_regular.png,2048,2448,1.0
fabric,validation,/content/msila/src/data/fabric/validation/good/037_regular.png,2048,2448,1.0
fabric,validation,/content/msila/src/data/fabric/validation/good/011_regular.png,2048,2448,1.0
fabric,validation,/content/msila/src/data/fabric/validation/good/027_regular.png,2048,2448,1.0
fabric,validation,/content/msila/src/data/fabric/validation/good/029_regular.png,2048,2448,1.0
fabric,validation,/content/msila/src/data/fabric/validation/good/020_regular.png,2048,2448,1.0
fabric,validation,/content/msila/src/data/fabric/validation/good/007_regular.png,2048,2448,1.0
fabric,validation,/content/msila/src/data/fabric/validation/good/001_regular.png,2048,2448,1.0
fabric,validation,/content/msila/src/data/fabric/validation/good/026_regular.png,2048,2448,1.0
fabric,validation,/content/msila/src/data/fabric/validation/good/031_regular.png,2048,2448,1.0
fabric,validation,/content/msila/src/data/fabric/validation/good/035_regular.png,2048,2448,1.0
fabric,validation,/content/msila/src/data/fabric/validation/good/008_regular.png,2048,2448,1.0
fabric,train,/content/msila/src/data/fabric/train/good/126_regular.png,2048,2448,1.0
fabric,train,/content/msila/src/data/fabric/train/good/160_regular.png,2048,2448,1.0
fabric,train,/content/msila/src/data/fabric/train/good/306_regular.png,2048,2448,1.0
fabric,train,/content/msila/src/data/fabric/train/good/023_regular.png,2048,2448,1.0
fabric,train,/content/msila/src/data/fabric/train/good/348_regular.png,2048,2448,1.0
fabric,train,/content/msila/src/data/fabric/train/good/057_regular.png,2048,2448,1.0
fabric,train,/content/msila/src/data/fabric/train/good/370_regular.png,2048,2448,1.0
fabric,train,/content/msila/src/data/fabric/train/good/140_regular.png,2048,2448,1.0
fabric,train,/content/msila/src/data/fabric/train/good/019_regular.png,2048,2448,1.0
fabric,train,/content/msila/src/data/fabric/train/good/359_regular.png,2048,2448,1.0
fabric,train,/content/msila/src/data/fabric/train/good/146_regular.png,2048,2448,1.0
fabric,train,/content/msila/src/data/fabric/train/good/217_regular.png,2048,2448,1.0
fabric,train,/content/msila/src/data/fabric/train/good/258_regular.png,2048,2448,1.0
fabric,train,/content/msila/src/data/fabric/train/good/128_regular.png,2048,2448,1.0
fabric,train,/content/msila/src/data/fabric/train/good/339_regular.png,2048,2448,1.0
fabric,train,/content/msila/src/data/fabric/train/good/233_regular.png,2048,2448,1.0
fabric,train,/content/msila/src/data/fabric/train/good/041_regular.png,2048,2448,1.0
fabric,train,/content/msila/src/data/fabric/train/good/069_regular.png,2048,2448,1.0
fabric,train,/content/msila/src/data/fabric/train/good/216_regular.png,2048,2448,1.0
fabric,train,/content/msila/src/data/fabric/train/good/209_regular.png,2048,2448,1.0
fabric,train,/content/msila/src/data/fabric/train/good/164_regular.png,2048,2448,1.0
fabric,train,/content/msila/src/data/fabric/train/good/142_regular.png,2048,2448,1.0
fabric,train,/content/msila/src/data/fabric/train/good/085_regular.png,2048,2448,1.0
fabric,train,/content/msila/src/data/fabric/train/good/046_regular.png,2048,2448,1.0
fabric,train,/content/msila/src/data/fabric/train/good/354_regular.png,2048,2448,1.0
fabric,train,/content/msila/src/data/fabric/train/good/219_regular.png,2048,2448,1.0
fabric,train,/content/msila/src/data/fabric/train/good/056_regular.png,2048,2448,1.0
fabric,train,/content/msila/src/data/fabric/train/good/229_regular.png,2048,2448,1.0
fabric,train,/content/msila/src/data/fabric/train/good/304_regular.png,2048,2448,1.0
fabric,train,/content/msila/src/data/fabric/train/good/362_regular.png,2048,2448,1.0
fabric,train,/content/msila/src/data/fabric/train/good/261_regular.png,2048,2448,1.0
fabric,train,/content/msila/src/data/fabric/train/good/178_regular.png,2048,2448,1.0
fabric,train,/content/msila/src/data/fabric/train/good/143_regular.png,2048,2448,1.0
fabric,train,/content/msila/src/data/fabric/train/good/248_regular.png,2048,2448,1.0
fabric,train,/content/msila/src/data/fabric/train/good/017_regular.png,2048,2448,1.0
fabric,train,/content/msila/src/data/fabric/train/good/301_regular.png,2048,2448,1.0
fabric,train,/content/msila/src/data/fabric/train/good/048_regular.png,2048,2448,1.0
fabric,train,/content/msila/src/data/fabric/train/good/379_regular.png,2048,2448,1.0
fabric,train,/content/msila/src/data/fabric/train/good/118_regular.png,2048,2448,1.0
fabric,train,/content/msila/src/data/fabric/train/good/312_regular.png,2048,2448,1.0
fabric,train,/content/msila/src/data/fabric/train/good/195_regular.png,2048,2448,1.0
fabric,train,/content/msila/src/data/fabric/train/good/025_regular.png,2048,2448,1.0
fabric,train,/content/msila/src/data/fabric/train/good/230_regular.png,2048,2448,1.0
fabric,train,/content/msila/src/data/fabric/train/good/129_regular.png,2048,2448,1.0
fabric,train,/content/msila/src/data/fabric/train/good/215_regular.png,2048,2448,1.0
fabric,train,/content/msila/src/data/fabric/train/good/003_regular.png,2048,2448,1.0
fabric,train,/content/msila/src/data/fabric/train/good/182_regular.png,2048,2448,1.0
fabric,train,/content/msila/src/data/fabric/train/good/299_regular.png,2048,2448,1.0
fabric,train,/content/msila/src/data/fabric/train/good/059_regular.png,2048,2448,1.0
fabric,train,/content/msila/src/data/fabric/train/good/386_regular.png,2048,2448,1.0
fabric,train,/content/msila/src/data/fabric/train/good/000_regular.png,2048,2448,1.0
fabric,train,/content/msila/src/data/fabric/train/good/054_regular.png,2048,2448,1.0
fabric,train,/content/msila/src/data/fabric/train/good/281_regular.png,2048,2448,1.0
fabric,train,/content/msila/src/data/fabric/train/good/012_regular.png,2048,2448,1.0
fabric,train,/content/msila/src/data/fabric/train/good/293_regular.png,2048,2448,1.0
fabric,train,/content/msila/src/data/fabric/train/good/114_regular.png,2048,2448,1.0
fabric,train,/content/msila/src/data/fabric/train/good/344_regular.png,2048,2448,1.0
fabric,train,/content/msila/src/data/fabric/train/good/050_regular.png,2048,2448,1.0
fabric,train,/content/msila/src/data/fabric/train/good/349_regular.png,2048,2448,1.0
fabric,train,/content/msila/src/data/fabric/train/good/375_regular.png,2048,2448,1.0
fabric,train,/content/msila/src/data/fabric/train/good/078_regular.png,2048,2448,1.0
fabric,train,/content/msila/src/data/fabric/train/good/252_regular.png,2048,2448,1.0
fabric,train,/content/msila/src/data/fabric/train/good/196_regular.png,2048,2448,1.0
fabric,train,/content/msila/src/data/fabric/train/good/192_regular.png,2048,2448,1.0
fabric,train,/content/msila/src/data/fabric/train/good/329_regular.png,2048,2448,1.0
fabric,train,/content/msila/src/data/fabric/train/good/127_regular.png,2048,2448,1.0
fabric,train,/content/msila/src/data/fabric/train/good/383_regular.png,2048,2448,1.0
fabric,train,/content/msila/src/data/fabric/train/good/277_regular.png,2048,2448,1.0
fabric,train,/content/msila/src/data/fabric/train/good/080_regular.png,2048,2448,1.0
fabric,train,/content/msila/src/data/fabric/train/good/097_regular.png,2048,2448,1.0
fabric,train,/content/msila/src/data/fabric/train/good/033_regular.png,2048,2448,1.0
fabric,train,/content/msila/src/data/fabric/train/good/330_regular.png,2048,2448,1.0
fabric,train,/content/msila/src/data/fabric/train/good/177_regular.png,2048,2448,1.0
fabric,train,/content/msila/src/data/fabric/train/good/314_regular.png,2048,2448,1.0
fabric,train,/content/msila/src/data/fabric/train/good/110_regular.png,2048,2448,1.0
fabric,train,/content/msila/src/data/fabric/train/good/273_regular.png,2048,2448,1.0
fabric,train,/content/msila/src/data/fabric/train/good/231_regular.png,2048,2448,1.0
fabric,train,/content/msila/src/data/fabric/train/good/173_regular.png,2048,2448,1.0
fabric,train,/content/msila/src/data/fabric/train/good/153_regular.png,2048,2448,1.0
fabric,train,/content/msila/src/data/fabric/train/good/065_regular.png,2048,2448,1.0
fabric,train,/content/msila/src/data/fabric/train/good/241_regular.png,2048,2448,1.0
fabric,train,/content/msila/src/data/fabric/train/good/096_regular.png,2048,2448,1.0
fabric,train,/content/msila/src/data/fabric/train/good/268_regular.png,2048,2448,1.0
fabric,train,/content/msila/src/data/fabric/train/good/292_regular.png,2048,2448,1.0
fabric,train,/content/msila/src/data/fabric/train/good/289_regular.png,2048,2448,1.0
fabric,train,/content/msila/src/data/fabric/train/good/171_regular.png,2048,2448,1.0
fabric,train,/content/msila/src/data/fabric/train/good/082_regular.png,2048,2448,1.0
fabric,train,/content/msila/src/data/fabric/train/good/363_regular.png,2048,2448,1.0
fabric,train,/content/msila/src/data/fabric/train/good/244_regular.png,2048,2448,1.0
fabric,train,/content/msila/src/data/fabric/train/good/170_regular.png,2048,2448,1.0
fabric,train,/content/msila/src/data/fabric/train/good/340_regular.png,2048,2448,1.0
fabric,train,/content/msila/src/data/fabric/train/good/296_regular.png,2048,2448,1.0
fabric,train,/content/msila/src/data/fabric/train/good/009_regular.png,2048,2448,1.0
fabric,train,/content/msila/src/data/fabric/train/good/084_regular.png,2048,2448,1.0
fabric,train,/content/msila/src/data/fabric/train/good/264_regular.png,2048,2448,1.0
fabric,train,/content/msila/src/data/fabric/train/good/350_regular.png,2048,2448,1.0
fabric,train,/content/msila/src/data/fabric/train/good/188_regular.png,2048,2448,1.0
fabric,train,/content/msila/src/data/fabric/train/good/043_regular.png,2048,2448,1.0
fabric,train,/content/msila/src/data/fabric/train/good/070_regular.png,2048,2448,1.0
fabric,train,/content/msila/src/data/fabric/train/good/246_regular.png,2048,2448,1.0
fabric,train,/content/msila/src/data/fabric/train/good/181_regular.png,2048,2448,1.0
fabric,train,/content/msila/src/data/fabric/train/good/254_regular.png,2048,2448,1.0
fabric,train,/content/msila/src/data/fabric/train/good/311_regular.png,2048,2448,1.0
fabric,train,/content/msila/src/data/fabric/train/good/372_regular.png,2048,2448,1.0
fabric,train,/content/msila/src/data/fabric/train/good/108_regular.png,2048,2448,1.0
fabric,train,/content/msila/src/data/fabric/train/good/174_regular.png,2048,2448,1.0
fabric,train,/content/msila/src/data/fabric/train/good/256_regular.png,2048,2448,1.0
fabric,train,/content/msila/src/data/fabric/train/good/165_regular.png,2048,2448,1.0
fabric,train,/content/msila/src/data/fabric/train/good/331_regular.png,2048,2448,1.0
fabric,train,/content/msila/src/data/fabric/train/good/201_regular.png,2048,2448,1.0
fabric,train,/content/msila/src/data/fabric/train/good/203_regular.png,2048,2448,1.0
fabric,train,/content/msila/src/data/fabric/train/good/135_regular.png,2048,2448,1.0
fabric,train,/content/msila/src/data/fabric/train/good/213_regular.png,2048,2448,1.0
fabric,train,/content/msila/src/data/fabric/train/good/111_regular.png,2048,2448,1.0
fabric,train,/content/msila/src/data/fabric/train/good/326_regular.png,2048,2448,1.0
fabric,train,/content/msila/src/data/fabric/train/good/042_regular.png,2048,2448,1.0
fabric,train,/content/msila/src/data/fabric/train/good/103_regular.png,2048,2448,1.0
fabric,train,/content/msila/src/data/fabric/train/good/199_regular.png,2048,2448,1.0
fabric,train,/content/msila/src/data/fabric/train/good/094_regular.png,2048,2448,1.0
fabric,train,/content/msila/src/data/fabric/train/good/105_regular.png,2048,2448,1.0
fabric,train,/content/msila/src/data/fabric/train/good/115_regular.png,2048,2448,1.0
fabric,train,/content/msila/src/data/fabric/train/good/038_regular.png,2048,2448,1.0
fabric,train,/content/msila/src/data/fabric/train/good/288_regular.png,2048,2448,1.0
fabric,train,/content/msila/src/data/fabric/train/good/067_regular.png,2048,2448,1.0
fabric,train,/content/msila/src/data/fabric/train/good/234_regular.png,2048,2448,1.0
fabric,train,/content/msila/src/data/fabric/train/good/309_regular.png,2048,2448,1.0
fabric,train,/content/msila/src/data/fabric/train/good/347_regular.png,2048,2448,1.0
fabric,train,/content/msila/src/data/fabric/train/good/099_regular.png,2048,2448,1.0
fabric,train,/content/msila/src/data/fabric/train/good/121_regular.png,2048,2448,1.0
fabric,train,/content/msila/src/data/fabric/train/good/063_regular.png,2048,2448,1.0
fabric,train,/content/msila/src/data/fabric/train/good/307_regular.png,2048,2448,1.0
fabric,train,/content/msila/src/data/fabric/train/good/194_regular.png,2048,2448,1.0
fabric,train,/content/msila/src/data/fabric/train/good/335_regular.png,2048,2448,1.0
fabric,train,/content/msila/src/data/fabric/train/good/109_regular.png,2048,2448,1.0
fabric,train,/content/msila/src/data/fabric/train/good/077_regular.png,2048,2448,1.0
fabric,train,/content/msila/src/data/fabric/train/good/093_regular.png,2048,2448,1.0
fabric,train,/content/msila/src/data/fabric/train/good/367_regular.png,2048,2448,1.0
fabric,train,/content/msila/src/data/fabric/train/good/313_regular.png,2048,2448,1.0
fabric,train,/content/msila/src/data/fabric/train/good/172_regular.png,2048,2448,1.0
fabric,train,/content/msila/src/data/fabric/train/good/130_regular.png,2048,2448,1.0
fabric,train,/content/msila/src/data/fabric/train/good/327_regular.png,2048,2448,1.0
fabric,train,/content/msila/src/data/fabric/train/good/036_regular.png,2048,2448,1.0
fabric,train,/content/msila/src/data/fabric/train/good/119_regular.png,2048,2448,1.0
fabric,train,/content/msila/src/data/fabric/train/good/317_regular.png,2048,2448,1.0
fabric,train,/content/msila/src/data/fabric/train/good/381_regular.png,2048,2448,1.0
fabric,train,/content/msila/src/data/fabric/train/good/285_regular.png,2048,2448,1.0
fabric,train,/content/msila/src/data/fabric/train/good/269_regular.png,2048,2448,1.0
fabric,train,/content/msila/src/data/fabric/train/good/087_regular.png,2048,2448,1.0
fabric,train,/content/msila/src/data/fabric/train/good/255_regular.png,2048,2448,1.0
fabric,train,/content/msila/src/data/fabric/train/good/185_regular.png,2048,2448,1.0
fabric,train,/content/msila/src/data/fabric/train/good/204_regular.png,2048,2448,1.0
fabric,train,/content/msila/src/data/fabric/train/good/315_regular.png,2048,2448,1.0
fabric,train,/content/msila/src/data/fabric/train/good/295_regular.png,2048,2448,1.0
fabric,train,/content/msila/src/data/fabric/train/good/073_regular.png,2048,2448,1.0
fabric,train,/content/msila/src/data/fabric/train/good/032_regular.png,2048,2448,1.0
fabric,train,/content/msila/src/data/fabric/train/good/013_regular.png,2048,2448,1.0
fabric,train,/content/msila/src/data/fabric/train/good/368_regular.png,2048,2448,1.0
fabric,train,/content/msila/src/data/fabric/train/good/345_regular.png,2048,2448,1.0
fabric,train,/content/msila/src/data/fabric/train/good/265_regular.png,2048,2448,1.0
fabric,train,/content/msila/src/data/fabric/train/good/212_regular.png,2048,2448,1.0
fabric,train,/content/msila/src/data/fabric/train/good/157_regular.png,2048,2448,1.0
fabric,train,/content/msila/src/data/fabric/train/good/006_regular.png,2048,2448,1.0
fabric,train,/content/msila/src/data/fabric/train/good/040_regular.png,2048,2448,1.0
fabric,train,/content/msila/src/data/fabric/train/good/028_regular.png,2048,2448,1.0
fabric,train,/content/msila/src/data/fabric/train/good/235_regular.png,2048,2448,1.0
fabric,train,/content/msila/src/data/fabric/train/good/064_regular.png,2048,2448,1.0
fabric,train,/content/msila/src/data/fabric/train/good/190_regular.png,2048,2448,1.0
fabric,train,/content/msila/src/data/fabric/train/good/045_regular.png,2048,2448,1.0
fabric,train,/content/msila/src/data/fabric/train/good/270_regular.png,2048,2448,1.0
fabric,train,/content/msila/src/data/fabric/train/good/145_regular.png,2048,2448,1.0
fabric,train,/content/msila/src/data/fabric/train/good/098_regular.png,2048,2448,1.0
fabric,train,/content/msila/src/data/fabric/train/good/382_regular.png,2048,2448,1.0
fabric,train,/content/msila/src/data/fabric/train/good/262_regular.png,2048,2448,1.0
fabric,train,/content/msila/src/data/fabric/train/good/197_regular.png,2048,2448,1.0
fabric,train,/content/msila/src/data/fabric/train/good/238_regular.png,2048,2448,1.0
fabric,train,/content/msila/src/data/fabric/train/good/222_regular.png,2048,2448,1.0
fabric,train,/content/msila/src/data/fabric/train/good/034_regular.png,2048,2448,1.0
fabric,train,/content/msila/src/data/fabric/train/good/112_regular.png,2048,2448,1.0
fabric,train,/content/msila/src/data/fabric/train/good/324_regular.png,2048,2448,1.0
fabric,train,/content/msila/src/data/fabric/train/good/175_regular.png,2048,2448,1.0
fabric,train,/content/msila/src/data/fabric/train/good/138_regular.png,2048,2448,1.0
fabric,train,/content/msila/src/data/fabric/train/good/224_regular.png,2048,2448,1.0
fabric,train,/content/msila/src/data/fabric/train/good/086_regular.png,2048,2448,1.0
fabric,train,/content/msila/src/data/fabric/train/good/353_regular.png,2048,2448,1.0
fabric,train,/content/msila/src/data/fabric/train/good/169_regular.png,2048,2448,1.0
fabric,train,/content/msila/src/data/fabric/train/good/191_regular.png,2048,2448,1.0
fabric,train,/content/msila/src/data/fabric/train/good/260_regular.png,2048,2448,1.0
fabric,train,/content/msila/src/data/fabric/train/good/298_regular.png,2048,2448,1.0
fabric,train,/content/msila/src/data/fabric/train/good/147_regular.png,2048,2448,1.0
fabric,train,/content/msila/src/data/fabric/train/good/198_regular.png,2048,2448,1.0
fabric,train,/content/msila/src/data/fabric/train/good/102_regular.png,2048,2448,1.0
fabric,train,/content/msila/src/data/fabric/train/good/113_regular.png,2048,2448,1.0
fabric,train,/content/msila/src/data/fabric/train/good/218_regular.png,2048,2448,1.0
fabric,train,/content/msila/src/data/fabric/train/good/107_regular.png,2048,2448,1.0
fabric,train,/content/msila/src/data/fabric/train/good/365_regular.png,2048,2448,1.0
fabric,train,/content/msila/src/data/fabric/train/good/357_regular.png,2048,2448,1.0
fabric,train,/content/msila/src/data/fabric/train/good/149_regular.png,2048,2448,1.0
fabric,train,/content/msila/src/data/fabric/train/good/279_regular.png,2048,2448,1.0
fabric,train,/content/msila/src/data/fabric/train/good/300_regular.png,2048,2448,1.0
fabric,train,/content/msila/src/data/fabric/train/good/360_regular.png,2048,2448,1.0
fabric,train,/content/msila/src/data/fabric/train/good/095_regular.png,2048,2448,1.0
fabric,train,/content/msila/src/data/fabric/train/good/101_regular.png,2048,2448,1.0
fabric,train,/content/msila/src/data/fabric/train/good/343_regular.png,2048,2448,1.0
fabric,train,/content/msila/src/data/fabric/train/good/305_regular.png,2048,2448,1.0
fabric,train,/content/msila/src/data/fabric/train/good/316_regular.png,2048,2448,1.0
fabric,train,/content/msila/src/data/fabric/train/good/168_regular.png,2048,2448,1.0
fabric,train,/content/msila/src/data/fabric/train/good/092_regular.png,2048,2448,1.0
fabric,train,/content/msila/src/data/fabric/train/good/323_regular.png,2048,2448,1.0
fabric,train,/content/msila/src/data/fabric/train/good/240_regular.png,2048,2448,1.0
fabric,train,/content/msila/src/data/fabric/train/good/047_regular.png,2048,2448,1.0
fabric,train,/content/msila/src/data/fabric/train/good/053_regular.png,2048,2448,1.0
fabric,train,/content/msila/src/data/fabric/train/good/237_regular.png,2048,2448,1.0
fabric,train,/content/msila/src/data/fabric/train/good/021_regular.png,2048,2448,1.0
fabric,train,/content/msila/src/data/fabric/train/good/076_regular.png,2048,2448,1.0
fabric,train,/content/msila/src/data/fabric/train/good/302_regular.png,2048,2448,1.0
fabric,train,/content/msila/src/data/fabric/train/good/090_regular.png,2048,2448,1.0
fabric,train,/content/msila/src/data/fabric/train/good/271_regular.png,2048,2448,1.0
fabric,train,/content/msila/src/data/fabric/train/good/159_regular.png,2048,2448,1.0
fabric,train,/content/msila/src/data/fabric/train/good/187_regular.png,2048,2448,1.0
fabric,train,/content/msila/src/data/fabric/train/good/075_regular.png,2048,2448,1.0
fabric,train,/content/msila/src/data/fabric/train/good/163_regular.png,2048,2448,1.0
fabric,train,/content/msila/src/data/fabric/train/good/010_regular.png,2048,2448,1.0
fabric,train,/content/msila/src/data/fabric/train/good/247_regular.png,2048,2448,1.0
fabric,train,/content/msila/src/data/fabric/train/good/049_regular.png,2048,2448,1.0
fabric,train,/content/msila/src/data/fabric/train/good/220_regular.png,2048,2448,1.0
fabric,train,/content/msila/src/data/fabric/train/good/015_regular.png,2048,2448,1.0
fabric,train,/content/msila/src/data/fabric/train/good/249_regular.png,2048,2448,1.0
fabric,train,/content/msila/src/data/fabric/train/good/005_regular.png,2048,2448,1.0
fabric,train,/content/msila/src/data/fabric/train/good/133_regular.png,2048,2448,1.0
fabric,train,/content/msila/src/data/fabric/train/good/030_regular.png,2048,2448,1.0
fabric,train,/content/msila/src/data/fabric/train/good/144_regular.png,2048,2448,1.0
fabric,train,/content/msila/src/data/fabric/train/good/124_regular.png,2048,2448,1.0
fabric,train,/content/msila/src/data/fabric/train/good/318_regular.png,2048,2448,1.0
fabric,train,/content/msila/src/data/fabric/train/good/022_regular.png,2048,2448,1.0
fabric,train,/content/msila/src/data/fabric/train/good/328_regular.png,2048,2448,1.0
fabric,train,/content/msila/src/data/fabric/train/good/223_regular.png,2048,2448,1.0
fabric,train,/content/msila/src/data/fabric/train/good/243_regular.png,2048,2448,1.0
fabric,train,/content/msila/src/data/fabric/train/good/088_regular.png,2048,2448,1.0
fabric,train,/content/msila/src/data/fabric/train/good/206_regular.png,2048,2448,1.0
fabric,train,/content/msila/src/data/fabric/train/good/336_regular.png,2048,2448,1.0
fabric,train,/content/msila/src/data/fabric/train/good/116_regular.png,2048,2448,1.0
fabric,train,/content/msila/src/data/fabric/train/good/364_regular.png,2048,2448,1.0
fabric,train,/content/msila/src/data/fabric/train/good/014_regular.png,2048,2448,1.0
fabric,train,/content/msila/src/data/fabric/train/good/308_regular.png,2048,2448,1.0
fabric,train,/content/msila/src/data/fabric/train/good/018_regular.png,2048,2448,1.0
fabric,train,/content/msila/src/data/fabric/train/good/371_regular.png,2048,2448,1.0
fabric,train,/content/msila/src/data/fabric/train/good/122_regular.png,2048,2448,1.0
fabric,train,/content/msila/src/data/fabric/train/good/125_regular.png,2048,2448,1.0
fabric,train,/content/msila/src/data/fabric/train/good/319_regular.png,2048,2448,1.0
fabric,train,/content/msila/src/data/fabric/train/good/074_regular.png,2048,2448,1.0
fabric,train,/content/msila/src/data/fabric/train/good/002_regular.png,2048,2448,1.0
fabric,train,/content/msila/src/data/fabric/train/good/132_regular.png,2048,2448,1.0
fabric,train,/content/msila/src/data/fabric/train/good/051_regular.png,2048,2448,1.0
fabric,train,/content/msila/src/data/fabric/train/good/162_regular.png,2048,2448,1.0
fabric,train,/content/msila/src/data/fabric/train/good/123_regular.png,2048,2448,1.0
fabric,train,/content/msila/src/data/fabric/train/good/155_regular.png,2048,2448,1.0
fabric,train,/content/msila/src/data/fabric/train/good/282_regular.png,2048,2448,1.0
fabric,train,/content/msila/src/data/fabric/train/good/257_regular.png,2048,2448,1.0
fabric,train,/content/msila/src/data/fabric/train/good/283_regular.png,2048,2448,1.0
fabric,train,/content/msila/src/data/fabric/train/good/152_regular.png,2048,2448,1.0
fabric,train,/content/msila/src/data/fabric/train/good/151_regular.png,2048,2448,1.0
fabric,train,/content/msila/src/data/fabric/train/good/079_regular.png,2048,2448,1.0
fabric,train,/content/msila/src/data/fabric/train/good/044_regular.png,2048,2448,1.0
fabric,train,/content/msila/src/data/fabric/train/good/226_regular.png,2048,2448,1.0
fabric,train,/content/msila/src/data/fabric/train/good/272_regular.png,2048,2448,1.0
fabric,train,/content/msila/src/data/fabric/train/good/280_regular.png,2048,2448,1.0
fabric,train,/content/msila/src/data/fabric/train/good/297_regular.png,2048,2448,1.0
fabric,train,/content/msila/src/data/fabric/train/good/091_regular.png,2048,2448,1.0
fabric,train,/content/msila/src/data/fabric/train/good/239_regular.png,2048,2448,1.0
fabric,train,/content/msila/src/data/fabric/train/good/276_regular.png,2048,2448,1.0
fabric,train,/content/msila/src/data/fabric/train/good/134_regular.png,2048,2448,1.0
fabric,train,/content/msila/src/data/fabric/train/good/161_regular.png,2048,2448,1.0
fabric,train,/content/msila/src/data/fabric/train/good/325_regular.png,2048,2448,1.0
fabric,train,/content/msila/src/data/fabric/train/good/106_regular.png,2048,2448,1.0
fabric,train,/content/msila/src/data/fabric/train/good/167_regular.png,2048,2448,1.0
fabric,train,/content/msila/src/data/fabric/train/good/259_regular.png,2048,2448,1.0
fabric,train,/content/msila/src/data/fabric/train/good/374_regular.png,2048,2448,1.0
fabric,train,/content/msila/src/data/fabric/train/good/338_regular.png,2048,2448,1.0
fabric,train,/content/msila/src/data/fabric/train/good/337_regular.png,2048,2448,1.0
fabric,train,/content/msila/src/data/fabric/train/good/139_regular.png,2048,2448,1.0
fabric,train,/content/msila/src/data/fabric/train/good/253_regular.png,2048,2448,1.0
fabric,train,/content/msila/src/data/fabric/train/good/072_regular.png,2048,2448,1.0
fabric,train,/content/msila/src/data/fabric/train/good/245_regular.png,2048,2448,1.0
fabric,train,/content/msila/src/data/fabric/train/good/373_regular.png,2048,2448,1.0
fabric,train,/content/msila/src/data/fabric/train/good/380_regular.png,2048,2448,1.0
fabric,train,/content/msila/src/data/fabric/train/good/004_regular.png,2048,2448,1.0
fabric,train,/content/msila/src/data/fabric/train/good/055_regular.png,2048,2448,1.0
fabric,train,/content/msila/src/data/fabric/train/good/352_regular.png,2048,2448,1.0
fabric,train,/content/msila/src/data/fabric/train/good/351_regular.png,2048,2448,1.0
fabric,train,/content/msila/src/data/fabric/train/good/100_regular.png,2048,2448,1.0
fabric,train,/content/msila/src/data/fabric/train/good/117_regular.png,2048,2448,1.0
fabric,train,/content/msila/src/data/fabric/train/good/228_regular.png,2048,2448,1.0
fabric,train,/content/msila/src/data/fabric/train/good/278_regular.png,2048,2448,1.0
fabric,train,/content/msila/src/data/fabric/train/good/184_regular.png,2048,2448,1.0
fabric,train,/content/msila/src/data/fabric/train/good/225_regular.png,2048,2448,1.0
fabric,train,/content/msila/src/data/fabric/train/good/150_regular.png,2048,2448,1.0
fabric,train,/content/msila/src/data/fabric/train/good/016_regular.png,2048,2448,1.0
fabric,train,/content/msila/src/data/fabric/train/good/358_regular.png,2048,2448,1.0
fabric,train,/content/msila/src/data/fabric/train/good/024_regular.png,2048,2448,1.0
fabric,train,/content/msila/src/data/fabric/train/good/310_regular.png,2048,2448,1.0
fabric,train,/content/msila/src/data/fabric/train/good/166_regular.png,2048,2448,1.0
fabric,train,/content/msila/src/data/fabric/train/good/342_regular.png,2048,2448,1.0
fabric,train,/content/msila/src/data/fabric/train/good/251_regular.png,2048,2448,1.0
fabric,train,/content/msila/src/data/fabric/train/good/266_regular.png,2048,2448,1.0
fabric,train,/content/msila/src/data/fabric/train/good/333_regular.png,2048,2448,1.0
fabric,train,/content/msila/src/data/fabric/train/good/294_regular.png,2048,2448,1.0
fabric,train,/content/msila/src/data/fabric/train/good/341_regular.png,2048,2448,1.0
fabric,train,/content/msila/src/data/fabric/train/good/039_regular.png,2048,2448,1.0
fabric,train,/content/msila/src/data/fabric/train/good/176_regular.png,2048,2448,1.0
fabric,train,/content/msila/src/data/fabric/train/good/211_regular.png,2048,2448,1.0
fabric,train,/content/msila/src/data/fabric/train/good/037_regular.png,2048,2448,1.0
fabric,train,/content/msila/src/data/fabric/train/good/011_regular.png,2048,2448,1.0
fabric,train,/content/msila/src/data/fabric/train/good/200_regular.png,2048,2448,1.0
fabric,train,/content/msila/src/data/fabric/train/good/104_regular.png,2048,2448,1.0
fabric,train,/content/msila/src/data/fabric/train/good/062_regular.png,2048,2448,1.0
fabric,train,/content/msila/src/data/fabric/train/good/366_regular.png,2048,2448,1.0
fabric,train,/content/msila/src/data/fabric/train/good/332_regular.png,2048,2448,1.0
fabric,train,/content/msila/src/data/fabric/train/good/154_regular.png,2048,2448,1.0
fabric,train,/content/msila/src/data/fabric/train/good/060_regular.png,2048,2448,1.0
fabric,train,/content/msila/src/data/fabric/train/good/027_regular.png,2048,2448,1.0
fabric,train,/content/msila/src/data/fabric/train/good/320_regular.png,2048,2448,1.0
fabric,train,/content/msila/src/data/fabric/train/good/029_regular.png,2048,2448,1.0
fabric,train,/content/msila/src/data/fabric/train/good/384_regular.png,2048,2448,1.0
fabric,train,/content/msila/src/data/fabric/train/good/148_regular.png,2048,2448,1.0
fabric,train,/content/msila/src/data/fabric/train/good/020_regular.png,2048,2448,1.0
fabric,train,/content/msila/src/data/fabric/train/good/355_regular.png,2048,2448,1.0
fabric,train,/content/msila/src/data/fabric/train/good/334_regular.png,2048,2448,1.0
fabric,train,/content/msila/src/data/fabric/train/good/221_regular.png,2048,2448,1.0
fabric,train,/content/msila/src/data/fabric/train/good/287_regular.png,2048,2448,1.0
fabric,train,/content/msila/src/data/fabric/train/good/120_regular.png,2048,2448,1.0
fabric,train,/content/msila/src/data/fabric/train/good/007_regular.png,2048,2448,1.0
fabric,train,/content/msila/src/data/fabric/train/good/274_regular.png,2048,2448,1.0
fabric,train,/content/msila/src/data/fabric/train/good/275_regular.png,2048,2448,1.0
fabric,train,/content/msila/src/data/fabric/train/good/322_regular.png,2048,2448,1.0
fabric,train,/content/msila/src/data/fabric/train/good/189_regular.png,2048,2448,1.0
fabric,train,/content/msila/src/data/fabric/train/good/286_regular.png,2048,2448,1.0
fabric,train,/content/msila/src/data/fabric/train/good/207_regular.png,2048,2448,1.0
fabric,train,/content/msila/src/data/fabric/train/good/242_regular.png,2048,2448,1.0
fabric,train,/content/msila/src/data/fabric/train/good/083_regular.png,2048,2448,1.0
fabric,train,/content/msila/src/data/fabric/train/good/183_regular.png,2048,2448,1.0
fabric,train,/content/msila/src/data/fabric/train/good/001_regular.png,2048,2448,1.0
fabric,train,/content/msila/src/data/fabric/train/good/066_regular.png,2048,2448,1.0
fabric,train,/content/msila/src/data/fabric/train/good/136_regular.png,2048,2448,1.0
fabric,train,/content/msila/src/data/fabric/train/good/026_regular.png,2048,2448,1.0
fabric,train,/content/msila/src/data/fabric/train/good/193_regular.png,2048,2448,1.0
fabric,train,/content/msila/src/data/fabric/train/good/031_regular.png,2048,2448,1.0
fabric,train,/content/msila/src/data/fabric/train/good/303_regular.png,2048,2448,1.0
fabric,train,/content/msila/src/data/fabric/train/good/361_regular.png,2048,2448,1.0
fabric,train,/content/msila/src/data/fabric/train/good/158_regular.png,2048,2448,1.0
fabric,train,/content/msila/src/data/fabric/train/good/385_regular.png,2048,2448,1.0
fabric,train,/content/msila/src/data/fabric/train/good/081_regular.png,2048,2448,1.0
fabric,train,/content/msila/src/data/fabric/train/good/141_regular.png,2048,2448,1.0
fabric,train,/content/msila/src/data/fabric/train/good/369_regular.png,2048,2448,1.0
fabric,train,/content/msila/src/data/fabric/train/good/208_regular.png,2048,2448,1.0
fabric,train,/content/msila/src/data/fabric/train/good/356_regular.png,2048,2448,1.0
fabric,train,/content/msila/src/data/fabric/train/good/035_regular.png,2048,2448,1.0
fabric,train,/content/msila/src/data/fabric/train/good/008_regular.png,2048,2448,1.0
fabric,train,/content/msila/src/data/fabric/train/good/137_regular.png,2048,2448,1.0
fabric,train,/content/msila/src/data/fabric/train/good/376_regular.png,2048,2448,1.0
fabric,train,/content/msila/src/data/fabric/train/good/346_regular.png,2048,2448,1.0
fabric,train,/content/msila/src/data/fabric/train/good/263_regular.png,2048,2448,1.0
fabric,train,/content/msila/src/data/fabric/train/good/378_regular.png,2048,2448,1.0
fabric,train,/content/msila/src/data/fabric/train/good/250_regular.png,2048,2448,1.0
fabric,train,/content/msila/src/data/fabric/train/good/210_regular.png,2048,2448,1.0
fabric,train,/content/msila/src/data/fabric/train/good/156_regular.png,2048,2448,1.0
fabric,train,/content/msila/src/data/fabric/train/good/058_regular.png,2048,2448,1.0
fabric,train,/content/msila/src/data/fabric/train/good/290_regular.png,2048,2448,1.0
fabric,train,/content/msila/src/data/fabric/train/good/205_regular.png,2048,2448,1.0
fabric,train,/content/msila/src/data/fabric/train/good/236_regular.png,2048,2448,1.0
fabric,train,/content/msila/src/data/fabric/train/good/291_regular.png,2048,2448,1.0
fabric,train,/content/msila/src/data/fabric/train/good/284_regular.png,2048,2448,1.0
fabric,train,/content/msila/src/data/fabric/train/good/186_regular.png,2048,2448,1.0
fabric,train,/content/msila/src/data/fabric/train/good/227_regular.png,2048,2448,1.0
fabric,train,/content/msila/src/data/fabric/train/good/321_regular.png,2048,2448,1.0
fabric,train,/content/msila/src/data/fabric/train/good/052_regular.png,2048,2448,1.0
fabric,train,/content/msila/src/data/fabric/train/good/131_regular.png,2048,2448,1.0
fabric,train,/content/msila/src/data/fabric/train/good/267_regular.png,2048,2448,1.0
fabric,train,/content/msila/src/data/fabric/train/good/214_regular.png,2048,2448,1.0
fabric,train,/content/msila/src/data/fabric/train/good/179_regular.png,2048,2448,1.0
fabric,train,/content/msila/src/data/fabric/train/good/202_regular.png,2048,2448,1.0
fabric,train,/content/msila/src/data/fabric/train/good/232_regular.png,2048,2448,1.0
fabric,train,/content/msila/src/data/fabric/train/good/071_regular.png,2048,2448,1.0
fabric,train,/content/msila/src/data/fabric/train/good/180_regular.png,2048,2448,1.0
fabric,train,/content/msila/src/data/fabric/train/good/089_regular.png,2048,2448,1.0
fabric,train,/content/msila/src/data/fabric/train/good/377_regular.png,2048,2448,1.0
fabric,train,/content/msila/src/data/fabric/train/good/061_regular.png,2048,2448,1.0
fabric,train,/content/msila/src/data/fabric/train/good/068_regular.png,2048,2448,1.0
fabric,test_public,/content/msila/src/data/fabric/test_public/bad/012_overexposed.png,2048,2448,1.0
fabric,test_public,/content/msila/src/data/fabric/test_public/bad/013_shift_1.png,2048,2448,1.0
fabric,test_public,/content/msila/src/data/fabric/test_public/bad/009_overexposed.png,2048,2448,1.0
fabric,test_public,/content/msila/src/data/fabric/test_public/bad/010_underexposed.png,2048,2448,1.0
fabric,test_public,/content/msila/src/data/fabric/test_public/bad/003_shift_1.png,2048,2448,1.0
fabric,test_public,/content/msila/src/data/fabric/test_public/bad/003_overexposed.png,2048,2448,1.0
fabric,test_public,/content/msila/src/data/fabric/test_public/bad/002_shift_3.png,2048,2448,1.0
fabric,test_public,/content/msila/src/data/fabric/test_public/bad/013_shift_2.png,2048,2448,1.0
fabric,test_public,/content/msila/src/data/fabric/test_public/bad/013_overexposed.png,2048,2448,1.0
fabric,test_public,/content/msila/src/data/fabric/test_public/bad/010_shift_1.png,2048,2448,1.0
fabric,test_public,/content/msila/src/data/fabric/test_public/bad/003_regular.png,2048,2448,1.0
fabric,test_public,/content/msila/src/data/fabric/test_public/bad/014_overexposed.png,2048,2448,1.0
fabric,test_public,/content/msila/src/data/fabric/test_public/bad/000_regular.png,2048,2448,1.0
fabric,test_public,/content/msila/src/data/fabric/test_public/bad/012_regular.png,2048,2448,1.0
fabric,test_public,/content/msila/src/data/fabric/test_public/bad/008_underexposed.png,2048,2448,1.0
fabric,test_public,/content/msila/src/data/fabric/test_public/bad/004_shift_2.png,2048,2448,1.0
fabric,test_public,/content/msila/src/data/fabric/test_public/bad/000_shift_3.png,2048,2448,1.0
fabric,test_public,/content/msila/src/data/fabric/test_public/bad/011_shift_2.png,2048,2448,1.0
fabric,test_public,/content/msila/src/data/fabric/test_public/bad/005_overexposed.png,2048,2448,1.0
fabric,test_public,/content/msila/src/data/fabric/test_public/bad/001_shift_1.png,2048,2448,1.0
fabric,test_public,/content/msila/src/data/fabric/test_public/bad/004_shift_1.png,2048,2448,1.0
fabric,test_public,/content/msila/src/data/fabric/test_public/bad/010_shift_2.png,2048,2448,1.0
fabric,test_public,/content/msila/src/data/fabric/test_public/bad/012_shift_2.png,2048,2448,1.0
fabric,test_public,/content/msila/src/data/fabric/test_public/bad/007_overexposed.png,2048,2448,1.0
fabric,test_public,/content/msila/src/data/fabric/test_public/bad/009_regular.png,2048,2448,1.0
fabric,test_public,/content/msila/src/data/fabric/test_public/bad/008_shift_3.png,2048,2448,1.0
fabric,test_public,/content/msila/src/data/fabric/test_public/bad/009_shift_3.png,2048,2448,1.0
fabric,test_public,/content/msila/src/data/fabric/test_public/bad/011_overexposed.png,2048,2448,1.0
fabric,test_public,/content/msila/src/data/fabric/test_public/bad/005_shift_1.png,2048,2448,1.0
fabric,test_public,/content/msila/src/data/fabric/test_public/bad/003_shift_3.png,2048,2448,1.0
fabric,test_public,/content/msila/src/data/fabric/test_public/bad/012_shift_1.png,2048,2448,1.0
fabric,test_public,/content/msila/src/data/fabric/test_public/bad/004_underexposed.png,2048,2448,1.0
fabric,test_public,/content/msila/src/data/fabric/test_public/bad/000_shift_2.png,2048,2448,1.0
fabric,test_public,/content/msila/src/data/fabric/test_public/bad/005_shift_2.png,2048,2448,1.0
fabric,test_public,/content/msila/src/data/fabric/test_public/bad/014_underexposed.png,2048,2448,1.0
fabric,test_public,/content/msila/src/data/fabric/test_public/bad/013_regular.png,2048,2448,1.0
fabric,test_public,/content/msila/src/data/fabric/test_public/bad/004_shift_3.png,2048,2448,1.0
fabric,test_public,/content/msila/src/data/fabric/test_public/bad/002_overexposed.png,2048,2448,1.0
fabric,test_public,/content/msila/src/data/fabric/test_public/bad/006_regular.png,2048,2448,1.0
fabric,test_public,/content/msila/src/data/fabric/test_public/bad/006_overexposed.png,2048,2448,1.0
fabric,test_public,/content/msila/src/data/fabric/test_public/bad/011_underexposed.png,2048,2448,1.0
fabric,test_public,/content/msila/src/data/fabric/test_public/bad/005_underexposed.png,2048,2448,1.0
fabric,test_public,/content/msila/src/data/fabric/test_public/bad/009_shift_2.png,2048,2448,1.0
fabric,test_public,/content/msila/src/data/fabric/test_public/bad/006_underexposed.png,2048,2448,1.0
fabric,test_public,/content/msila/src/data/fabric/test_public/bad/007_shift_1.png,2048,2448,1.0
fabric,test_public,/content/msila/src/data/fabric/test_public/bad/001_underexposed.png,2048,2448,1.0
fabric,test_public,/content/msila/src/data/fabric/test_public/bad/010_regular.png,2048,2448,1.0
fabric,test_public,/content/msila/src/data/fabric/test_public/bad/006_shift_3.png,2048,2448,1.0
fabric,test_public,/content/msila/src/data/fabric/test_public/bad/005_regular.png,2048,2448,1.0
fabric,test_public,/content/msila/src/data/fabric/test_public/bad/009_underexposed.png,2048,2448,1.0
fabric,test_public,/content/msila/src/data/fabric/test_public/bad/000_overexposed.png,2048,2448,1.0
fabric,test_public,/content/msila/src/data/fabric/test_public/bad/013_shift_3.png,2048,2448,1.0
fabric,test_public,/content/msila/src/data/fabric/test_public/bad/009_shift_1.png,2048,2448,1.0
fabric,test_public,/content/msila/src/data/fabric/test_public/bad/014_regular.png,2048,2448,1.0
fabric,test_public,/content/msila/src/data/fabric/test_public/bad/005_shift_3.png,2048,2448,1.0
fabric,test_public,/content/msila/src/data/fabric/test_public/bad/002_regular.png,2048,2448,1.0
fabric,test_public,/content/msila/src/data/fabric/test_public/bad/008_shift_2.png,2048,2448,1.0
fabric,test_public,/content/msila/src/data/fabric/test_public/bad/008_overexposed.png,2048,2448,1.0
fabric,test_public,/content/msila/src/data/fabric/test_public/bad/010_shift_3.png,2048,2448,1.0
fabric,test_public,/content/msila/src/data/fabric/test_public/bad/014_shift_1.png,2048,2448,1.0
fabric,test_public,/content/msila/src/data/fabric/test_public/bad/000_shift_1.png,2048,2448,1.0
fabric,test_public,/content/msila/src/data/fabric/test_public/bad/006_shift_1.png,2048,2448,1.0
fabric,test_public,/content/msila/src/data/fabric/test_public/bad/002_shift_1.png,2048,2448,1.0
fabric,test_public,/content/msila/src/data/fabric/test_public/bad/004_overexposed.png,2048,2448,1.0
fabric,test_public,/content/msila/src/data/fabric/test_public/bad/014_shift_2.png,2048,2448,1.0
fabric,test_public,/content/msila/src/data/fabric/test_public/bad/004_regular.png,2048,2448,1.0
fabric,test_public,/content/msila/src/data/fabric/test_public/bad/013_underexposed.png,2048,2448,1.0
fabric,test_public,/content/msila/src/data/fabric/test_public/bad/003_shift_2.png,2048,2448,1.0
fabric,test_public,/content/msila/src/data/fabric/test_public/bad/001_shift_2.png,2048,2448,1.0
fabric,test_public,/content/msila/src/data/fabric/test_public/bad/008_shift_1.png,2048,2448,1.0
fabric,test_public,/content/msila/src/data/fabric/test_public/bad/011_regular.png,2048,2448,1.0
fabric,test_public,/content/msila/src/data/fabric/test_public/bad/001_overexposed.png,2048,2448,1.0
fabric,test_public,/content/msila/src/data/fabric/test_public/bad/000_underexposed.png,2048,2448,1.0
fabric,test_public,/content/msila/src/data/fabric/test_public/bad/002_underexposed.png,2048,2448,1.0
fabric,test_public,/content/msila/src/data/fabric/test_public/bad/012_shift_3.png,2048,2448,1.0
fabric,test_public,/content/msila/src/data/fabric/test_public/bad/007_regular.png,2048,2448,1.0
fabric,test_public,/content/msila/src/data/fabric/test_public/bad/012_underexposed.png,2048,2448,1.0
fabric,test_public,/content/msila/src/data/fabric/test_public/bad/007_shift_3.png,2048,2448,1.0
fabric,test_public,/content/msila/src/data/fabric/test_public/bad/001_regular.png,2048,2448,1.0
fabric,test_public,/content/msila/src/data/fabric/test_public/bad/003_underexposed.png,2048,2448,1.0
fabric,test_public,/content/msila/src/data/fabric/test_public/bad/008_regular.png,2048,2448,1.0
fabric,test_public,/content/msila/src/data/fabric/test_public/bad/014_shift_3.png,2048,2448,1.0
fabric,test_public,/content/msila/src/data/fabric/test_public/bad/006_shift_2.png,2048,2448,1.0
fabric,test_public,/content/msila/src/data/fabric/test_public/bad/011_shift_1.png,2048,2448,1.0
fabric,test_public,/content/msila/src/data/fabric/test_public/bad/001_shift_3.png,2048,2448,1.0
fabric,test_public,/content/msila/src/data/fabric/test_public/bad/011_shift_3.png,2048,2448,1.0
fabric,test_public,/content/msila/src/data/fabric/test_public/bad/007_shift_2.png,2048,2448,1.0
fabric,test_public,/content/msila/src/data/fabric/test_public/bad/007_underexposed.png,2048,2448,1.0
fabric,test_public,/content/msila/src/data/fabric/test_public/bad/010_overexposed.png,2048,2448,1.0
fabric,test_public,/content/msila/src/data/fabric/test_public/bad/002_shift_2.png,2048,2448,1.0
fabric,test_public,/content/msila/src/data/fabric/test_public/good/009_overexposed.png,2048,2448,1.0
fabric,test_public,/content/msila/src/data/fabric/test_public/good/010_underexposed.png,2048,2448,1.0
fabric,test_public,/content/msila/src/data/fabric/test_public/good/003_shift_1.png,2048,2448,1.0
fabric,test_public,/content/msila/src/data/fabric/test_public/good/003_overexposed.png,2048,2448,1.0
fabric,test_public,/content/msila/src/data/fabric/test_public/good/002_shift_3.png,2048,2448,1.0
fabric,test_public,/content/msila/src/data/fabric/test_public/good/010_shift_1.png,2048,2448,1.0
fabric,test_public,/content/msila/src/data/fabric/test_public/good/003_regular.png,2048,2448,1.0
fabric,test_public,/content/msila/src/data/fabric/test_public/good/000_regular.png,2048,2448,1.0
fabric,test_public,/content/msila/src/data/fabric/test_public/good/008_underexposed.png,2048,2448,1.0
fabric,test_public,/content/msila/src/data/fabric/test_public/good/004_shift_2.png,2048,2448,1.0
fabric,test_public,/content/msila/src/data/fabric/test_public/good/000_shift_3.png,2048,2448,1.0
fabric,test_public,/content/msila/src/data/fabric/test_public/good/005_overexposed.png,2048,2448,1.0
fabric,test_public,/content/msila/src/data/fabric/test_public/good/001_shift_1.png,2048,2448,1.0
fabric,test_public,/content/msila/src/data/fabric/test_public/good/004_shift_1.png,2048,2448,1.0
fabric,test_public,/content/msila/src/data/fabric/test_public/good/010_shift_2.png,2048,2448,1.0
fabric,test_public,/content/msila/src/data/fabric/test_public/good/007_overexposed.png,2048,2448,1.0
fabric,test_public,/content/msila/src/data/fabric/test_public/good/009_regular.png,2048,2448,1.0
fabric,test_public,/content/msila/src/data/fabric/test_public/good/008_shift_3.png,2048,2448,1.0
fabric,test_public,/content/msila/src/data/fabric/test_public/good/009_shift_3.png,2048,2448,1.0
fabric,test_public,/content/msila/src/data/fabric/test_public/good/005_shift_1.png,2048,2448,1.0
fabric,test_public,/content/msila/src/data/fabric/test_public/good/003_shift_3.png,2048,2448,1.0
fabric,test_public,/content/msila/src/data/fabric/test_public/good/004_underexposed.png,2048,2448,1.0
fabric,test_public,/content/msila/src/data/fabric/test_public/good/000_shift_2.png,2048,2448,1.0
fabric,test_public,/content/msila/src/data/fabric/test_public/good/005_shift_2.png,2048,2448,1.0
fabric,test_public,/content/msila/src/data/fabric/test_public/good/004_shift_3.png,2048,2448,1.0
fabric,test_public,/content/msila/src/data/fabric/test_public/good/002_overexposed.png,2048,2448,1.0
fabric,test_public,/content/msila/src/data/fabric/test_public/good/006_regular.png,2048,2448,1.0
fabric,test_public,/content/msila/src/data/fabric/test_public/good/006_overexposed.png,2048,2448,1.0
fabric,test_public,/content/msila/src/data/fabric/test_public/good/005_underexposed.png,2048,2448,1.0
fabric,test_public,/content/msila/src/data/fabric/test_public/good/009_shift_2.png,2048,2448,1.0
fabric,test_public,/content/msila/src/data/fabric/test_public/good/006_underexposed.png,2048,2448,1.0
fabric,test_public,/content/msila/src/data/fabric/test_public/good/007_shift_1.png,2048,2448,1.0
fabric,test_public,/content/msila/src/data/fabric/test_public/good/001_underexposed.png,2048,2448,1.0
fabric,test_public,/content/msila/src/data/fabric/test_public/good/010_regular.png,2048,2448,1.0
fabric,test_public,/content/msila/src/data/fabric/test_public/good/006_shift_3.png,2048,2448,1.0
fabric,test_public,/content/msila/src/data/fabric/test_public/good/005_regular.png,2048,2448,1.0
fabric,test_public,/content/msila/src/data/fabric/test_public/good/009_underexposed.png,2048,2448,1.0
fabric,test_public,/content/msila/src/data/fabric/test_public/good/000_overexposed.png,2048,2448,1.0
fabric,test_public,/content/msila/src/data/fabric/test_public/good/009_shift_1.png,2048,2448,1.0
fabric,test_public,/content/msila/src/data/fabric/test_public/good/005_shift_3.png,2048,2448,1.0
fabric,test_public,/content/msila/src/data/fabric/test_public/good/002_regular.png,2048,2448,1.0
fabric,test_public,/content/msila/src/data/fabric/test_public/good/008_shift_2.png,2048,2448,1.0
fabric,test_public,/content/msila/src/data/fabric/test_public/good/008_overexposed.png,2048,2448,1.0
fabric,test_public,/content/msila/src/data/fabric/test_public/good/010_shift_3.png,2048,2448,1.0
fabric,test_public,/content/msila/src/data/fabric/test_public/good/000_shift_1.png,2048,2448,1.0
fabric,test_public,/content/msila/src/data/fabric/test_public/good/006_shift_1.png,2048,2448,1.0
fabric,test_public,/content/msila/src/data/fabric/test_public/good/002_shift_1.png,2048,2448,1.0
fabric,test_public,/content/msila/src/data/fabric/test_public/good/004_overexposed.png,2048,2448,1.0
fabric,test_public,/content/msila/src/data/fabric/test_public/good/004_regular.png,2048,2448,1.0
fabric,test_public,/content/msila/src/data/fabric/test_public/good/003_shift_2.png,2048,2448,1.0
fabric,test_public,/content/msila/src/data/fabric/test_public/good/001_shift_2.png,2048,2448,1.0
fabric,test_public,/content/msila/src/data/fabric/test_public/good/008_shift_1.png,2048,2448,1.0
fabric,test_public,/content/msila/src/data/fabric/test_public/good/001_overexposed.png,2048,2448,1.0
fabric,test_public,/content/msila/src/data/fabric/test_public/good/000_underexposed.png,2048,2448,1.0
fabric,test_public,/content/msila/src/data/fabric/test_public/good/002_underexposed.png,2048,2448,1.0
fabric,test_public,/content/msila/src/data/fabric/test_public/good/007_regular.png,2048,2448,1.0
fabric,test_public,/content/msila/src/data/fabric/test_public/good/007_shift_3.png,2048,2448,1.0
fabric,test_public,/content/msila/src/data/fabric/test_public/good/001_regular.png,2048,2448,1.0
fabric,test_public,/content/msila/src/data/fabric/test_public/good/003_underexposed.png,2048,2448,1.0
fabric,test_public,/content/msila/src/data/fabric/test_public/good/008_regular.png,2048,2448,1.0
fabric,test_public,/content/msila/src/data/fabric/test_public/good/006_shift_2.png,2048,2448,1.0
fabric,test_public,/content/msila/src/data/fabric/test_public/good/001_shift_3.png,2048,2448,1.0
fabric,test_public,/content/msila/src/data/fabric/test_public/good/007_shift_2.png,2048,2448,1.0
fabric,test_public,/content/msila/src/data/fabric/test_public/good/007_underexposed.png,2048,2448,1.0
fabric,test_public,/content/msila/src/data/fabric/test_public/good/010_overexposed.png,2048,2448,1.0
fabric,test_public,/content/msila/src/data/fabric/test_public/good/002_shift_2.png,2048,2448,1.0
wallplugs,test_private_mixed,/content/msila/src/data/wallplugs/test_private_mixed/098_mixed.png,2048,2448,1.0
wallplugs,test_private_mixed,/content/msila/src/data/wallplugs/test_private_mixed/055_mixed.png,2048,2448,1.0
wallplugs,test_private_mixed,/content/msila/src/data/wallplugs/test_private_mixed/159_mixed.png,2048,2448,1.0
wallplugs,test_private_mixed,/content/msila/src/data/wallplugs/test_private_mixed/084_mixed.png,2048,2448,1.0
wallplugs,test_private_mixed,/content/msila/src/data/wallplugs/test_private_mixed/015_mixed.png,2048,2448,1.0
wallplugs,test_private_mixed,/content/msila/src/data/wallplugs/test_private_mixed/027_mixed.png,2048,2448,1.0
wallplugs,test_private_mixed,/content/msila/src/data/wallplugs/test_private_mixed/170_mixed.png,2048,2448,1.0
wallplugs,test_private_mixed,/content/msila/src/data/wallplugs/test_private_mixed/147_mixed.png,2048,2448,1.0
wallplugs,test_private_mixed,/content/msila/src/data/wallplugs/test_private_mixed/156_mixed.png,2048,2448,1.0
wallplugs,test_private_mixed,/content/msila/src/data/wallplugs/test_private_mixed/184_mixed.png,2048,2448,1.0
wallplugs,test_private_mixed,/content/msila/src/data/wallplugs/test_private_mixed/044_mixed.png,2048,2448,1.0
wallplugs,test_private_mixed,/content/msila/src/data/wallplugs/test_private_mixed/018_mixed.png,2048,2448,1.0
wallplugs,test_private_mixed,/content/msila/src/data/wallplugs/test_private_mixed/020_mixed.png,2048,2448,1.0
wallplugs,test_private_mixed,/content/msila/src/data/wallplugs/test_private_mixed/067_mixed.png,2048,2448,1.0
wallplugs,test_private_mixed,/content/msila/src/data/wallplugs/test_private_mixed/080_mixed.png,2048,2448,1.0
wallplugs,test_private_mixed,/content/msila/src/data/wallplugs/test_private_mixed/092_mixed.png,2048,2448,1.0
wallplugs,test_private_mixed,/content/msila/src/data/wallplugs/test_private_mixed/066_mixed.png,2048,2448,1.0
wallplugs,test_private_mixed,/content/msila/src/data/wallplugs/test_private_mixed/187_mixed.png,2048,2448,1.0
wallplugs,test_private_mixed,/content/msila/src/data/wallplugs/test_private_mixed/070_mixed.png,2048,2448,1.0
wallplugs,test_private_mixed,/content/msila/src/data/wallplugs/test_private_mixed/231_mixed.png,2048,2448,1.0
wallplugs,test_private_mixed,/content/msila/src/data/wallplugs/test_private_mixed/218_mixed.png,2048,2448,1.0
wallplugs,test_private_mixed,/content/msila/src/data/wallplugs/test_private_mixed/074_mixed.png,2048,2448,1.0
wallplugs,test_private_mixed,/content/msila/src/data/wallplugs/test_private_mixed/069_mixed.png,2048,2448,1.0
wallplugs,test_private_mixed,/content/msila/src/data/wallplugs/test_private_mixed/154_mixed.png,2048,2448,1.0
wallplugs,test_private_mixed,/content/msila/src/data/wallplugs/test_private_mixed/016_mixed.png,2048,2448,1.0
wallplugs,test_private_mixed,/content/msila/src/data/wallplugs/test_private_mixed/118_mixed.png,2048,2448,1.0
wallplugs,test_private_mixed,/content/msila/src/data/wallplugs/test_private_mixed/198_mixed.png,2048,2448,1.0
wallplugs,test_private_mixed,/content/msila/src/data/wallplugs/test_private_mixed/037_mixed.png,2048,2448,1.0
wallplugs,test_private_mixed,/content/msila/src/data/wallplugs/test_private_mixed/161_mixed.png,2048,2448,1.0
wallplugs,test_private_mixed,/content/msila/src/data/wallplugs/test_private_mixed/167_mixed.png,2048,2448,1.0
wallplugs,test_private_mixed,/content/msila/src/data/wallplugs/test_private_mixed/079_mixed.png,2048,2448,1.0
wallplugs,test_private_mixed,/content/msila/src/data/wallplugs/test_private_mixed/000_mixed.png,2048,2448,1.0
wallplugs,test_private_mixed,/content/msila/src/data/wallplugs/test_private_mixed/081_mixed.png,2048,2448,1.0
wallplugs,test_private_mixed,/content/msila/src/data/wallplugs/test_private_mixed/082_mixed.png,2048,2448,1.0
wallplugs,test_private_mixed,/content/msila/src/data/wallplugs/test_private_mixed/039_mixed.png,2048,2448,1.0
wallplugs,test_private_mixed,/content/msila/src/data/wallplugs/test_private_mixed/126_mixed.png,2048,2448,1.0
wallplugs,test_private_mixed,/content/msila/src/data/wallplugs/test_private_mixed/191_mixed.png,2048,2448,1.0
wallplugs,test_private_mixed,/content/msila/src/data/wallplugs/test_private_mixed/150_mixed.png,2048,2448,1.0
wallplugs,test_private_mixed,/content/msila/src/data/wallplugs/test_private_mixed/059_mixed.png,2048,2448,1.0
wallplugs,test_private_mixed,/content/msila/src/data/wallplugs/test_private_mixed/035_mixed.png,2048,2448,1.0
wallplugs,test_private_mixed,/content/msila/src/data/wallplugs/test_private_mixed/116_mixed.png,2048,2448,1.0
wallplugs,test_private_mixed,/content/msila/src/data/wallplugs/test_private_mixed/062_mixed.png,2048,2448,1.0
wallplugs,test_private_mixed,/content/msila/src/data/wallplugs/test_private_mixed/182_mixed.png,2048,2448,1.0
wallplugs,test_private_mixed,/content/msila/src/data/wallplugs/test_private_mixed/138_mixed.png,2048,2448,1.0
wallplugs,test_private_mixed,/content/msila/src/data/wallplugs/test_private_mixed/158_mixed.png,2048,2448,1.0
wallplugs,test_private_mixed,/content/msila/src/data/wallplugs/test_private_mixed/028_mixed.png,2048,2448,1.0
wallplugs,test_private_mixed,/content/msila/src/data/wallplugs/test_private_mixed/205_mixed.png,2048,2448,1.0
wallplugs,test_private_mixed,/content/msila/src/data/wallplugs/test_private_mixed/012_mixed.png,2048,2448,1.0
wallplugs,test_private_mixed,/content/msila/src/data/wallplugs/test_private_mixed/071_mixed.png,2048,2448,1.0
wallplugs,test_private_mixed,/content/msila/src/data/wallplugs/test_private_mixed/017_mixed.png,2048,2448,1.0
wallplugs,test_private_mixed,/content/msila/src/data/wallplugs/test_private_mixed/175_mixed.png,2048,2448,1.0
wallplugs,test_private_mixed,/content/msila/src/data/wallplugs/test_private_mixed/188_mixed.png,2048,2448,1.0
wallplugs,test_private_mixed,/content/msila/src/data/wallplugs/test_private_mixed/006_mixed.png,2048,2448,1.0
wallplugs,test_private_mixed,/content/msila/src/data/wallplugs/test_private_mixed/222_mixed.png,2048,2448,1.0
wallplugs,test_private_mixed,/content/msila/src/data/wallplugs/test_private_mixed/146_mixed.png,2048,2448,1.0
wallplugs,test_private_mixed,/content/msila/src/data/wallplugs/test_private_mixed/217_mixed.png,2048,2448,1.0
wallplugs,test_private_mixed,/content/msila/src/data/wallplugs/test_private_mixed/163_mixed.png,2048,2448,1.0
wallplugs,test_private_mixed,/content/msila/src/data/wallplugs/test_private_mixed/047_mixed.png,2048,2448,1.0
wallplugs,test_private_mixed,/content/msila/src/data/wallplugs/test_private_mixed/155_mixed.png,2048,2448,1.0
wallplugs,test_private_mixed,/content/msila/src/data/wallplugs/test_private_mixed/169_mixed.png,2048,2448,1.0
wallplugs,test_private_mixed,/content/msila/src/data/wallplugs/test_private_mixed/189_mixed.png,2048,2448,1.0
wallplugs,test_private_mixed,/content/msila/src/data/wallplugs/test_private_mixed/050_mixed.png,2048,2448,1.0
wallplugs,test_private_mixed,/content/msila/src/data/wallplugs/test_private_mixed/119_mixed.png,2048,2448,1.0
wallplugs,test_private_mixed,/content/msila/src/data/wallplugs/test_private_mixed/196_mixed.png,2048,2448,1.0
wallplugs,test_private_mixed,/content/msila/src/data/wallplugs/test_private_mixed/106_mixed.png,2048,2448,1.0
wallplugs,test_private_mixed,/content/msila/src/data/wallplugs/test_private_mixed/034_mixed.png,2048,2448,1.0
wallplugs,test_private_mixed,/content/msila/src/data/wallplugs/test_private_mixed/104_mixed.png,2048,2448,1.0
wallplugs,test_private_mixed,/content/msila/src/data/wallplugs/test_private_mixed/091_mixed.png,2048,2448,1.0
wallplugs,test_private_mixed,/content/msila/src/data/wallplugs/test_private_mixed/086_mixed.png,2048,2448,1.0
wallplugs,test_private_mixed,/content/msila/src/data/wallplugs/test_private_mixed/178_mixed.png,2048,2448,1.0
wallplugs,test_private_mixed,/content/msila/src/data/wallplugs/test_private_mixed/166_mixed.png,2048,2448,1.0
wallplugs,test_private_mixed,/content/msila/src/data/wallplugs/test_private_mixed/127_mixed.png,2048,2448,1.0
wallplugs,test_private_mixed,/content/msila/src/data/wallplugs/test_private_mixed/123_mixed.png,2048,2448,1.0
wallplugs,test_private_mixed,/content/msila/src/data/wallplugs/test_private_mixed/194_mixed.png,2048,2448,1.0
wallplugs,test_private_mixed,/content/msila/src/data/wallplugs/test_private_mixed/193_mixed.png,2048,2448,1.0
wallplugs,test_private_mixed,/content/msila/src/data/wallplugs/test_private_mixed/206_mixed.png,2048,2448,1.0
wallplugs,test_private_mixed,/content/msila/src/data/wallplugs/test_private_mixed/148_mixed.png,2048,2448,1.0
wallplugs,test_private_mixed,/content/msila/src/data/wallplugs/test_private_mixed/162_mixed.png,2048,2448,1.0
wallplugs,test_private_mixed,/content/msila/src/data/wallplugs/test_private_mixed/002_mixed.png,2048,2448,1.0
wallplugs,test_private_mixed,/content/msila/src/data/wallplugs/test_private_mixed/130_mixed.png,2048,2448,1.0
wallplugs,test_private_mixed,/content/msila/src/data/wallplugs/test_private_mixed/210_mixed.png,2048,2448,1.0
wallplugs,test_private_mixed,/content/msila/src/data/wallplugs/test_private_mixed/048_mixed.png,2048,2448,1.0
wallplugs,test_private_mixed,/content/msila/src/data/wallplugs/test_private_mixed/157_mixed.png,2048,2448,1.0
wallplugs,test_private_mixed,/content/msila/src/data/wallplugs/test_private_mixed/008_mixed.png,2048,2448,1.0
wallplugs,test_private_mixed,/content/msila/src/data/wallplugs/test_private_mixed/013_mixed.png,2048,2448,1.0
wallplugs,test_private_mixed,/content/msila/src/data/wallplugs/test_private_mixed/137_mixed.png,2048,2448,1.0
wallplugs,test_private_mixed,/content/msila/src/data/wallplugs/test_private_mixed/177_mixed.png,2048,2448,1.0
wallplugs,test_private_mixed,/content/msila/src/data/wallplugs/test_private_mixed/061_mixed.png,2048,2448,1.0
wallplugs,test_private_mixed,/content/msila/src/data/wallplugs/test_private_mixed/122_mixed.png,2048,2448,1.0
wallplugs,test_private_mixed,/content/msila/src/data/wallplugs/test_private_mixed/179_mixed.png,2048,2448,1.0
wallplugs,test_private_mixed,/content/msila/src/data/wallplugs/test_private_mixed/230_mixed.png,2048,2448,1.0
wallplugs,test_private_mixed,/content/msila/src/data/wallplugs/test_private_mixed/226_mixed.png,2048,2448,1.0
wallplugs,test_private_mixed,/content/msila/src/data/wallplugs/test_private_mixed/113_mixed.png,2048,2448,1.0
wallplugs,test_private_mixed,/content/msila/src/data/wallplugs/test_private_mixed/095_mixed.png,2048,2448,1.0
wallplugs,test_private_mixed,/content/msila/src/data/wallplugs/test_private_mixed/060_mixed.png,2048,2448,1.0
wallplugs,test_private_mixed,/content/msila/src/data/wallplugs/test_private_mixed/181_mixed.png,2048,2448,1.0
wallplugs,test_private_mixed,/content/msila/src/data/wallplugs/test_private_mixed/168_mixed.png,2048,2448,1.0
wallplugs,test_private_mixed,/content/msila/src/data/wallplugs/test_private_mixed/192_mixed.png,2048,2448,1.0
wallplugs,test_private_mixed,/content/msila/src/data/wallplugs/test_private_mixed/078_mixed.png,2048,2448,1.0
wallplugs,test_private_mixed,/content/msila/src/data/wallplugs/test_private_mixed/117_mixed.png,2048,2448,1.0
wallplugs,test_private_mixed,/content/msila/src/data/wallplugs/test_private_mixed/089_mixed.png,2048,2448,1.0
wallplugs,test_private_mixed,/content/msila/src/data/wallplugs/test_private_mixed/058_mixed.png,2048,2448,1.0
wallplugs,test_private_mixed,/content/msila/src/data/wallplugs/test_private_mixed/133_mixed.png,2048,2448,1.0
wallplugs,test_private_mixed,/content/msila/src/data/wallplugs/test_private_mixed/208_mixed.png,2048,2448,1.0
wallplugs,test_private_mixed,/content/msila/src/data/wallplugs/test_private_mixed/173_mixed.png,2048,2448,1.0
wallplugs,test_private_mixed,/content/msila/src/data/wallplugs/test_private_mixed/054_mixed.png,2048,2448,1.0
wallplugs,test_private_mixed,/content/msila/src/data/wallplugs/test_private_mixed/134_mixed.png,2048,2448,1.0
wallplugs,test_private_mixed,/content/msila/src/data/wallplugs/test_private_mixed/124_mixed.png,2048,2448,1.0
wallplugs,test_private_mixed,/content/msila/src/data/wallplugs/test_private_mixed/219_mixed.png,2048,2448,1.0
wallplugs,test_private_mixed,/content/msila/src/data/wallplugs/test_private_mixed/019_mixed.png,2048,2448,1.0
wallplugs,test_private_mixed,/content/msila/src/data/wallplugs/test_private_mixed/029_mixed.png,2048,2448,1.0
wallplugs,test_private_mixed,/content/msila/src/data/wallplugs/test_private_mixed/203_mixed.png,2048,2448,1.0
wallplugs,test_private_mixed,/content/msila/src/data/wallplugs/test_private_mixed/149_mixed.png,2048,2448,1.0
wallplugs,test_private_mixed,/content/msila/src/data/wallplugs/test_private_mixed/209_mixed.png,2048,2448,1.0
wallplugs,test_private_mixed,/content/msila/src/data/wallplugs/test_private_mixed/087_mixed.png,2048,2448,1.0
wallplugs,test_private_mixed,/content/msila/src/data/wallplugs/test_private_mixed/129_mixed.png,2048,2448,1.0
wallplugs,test_private_mixed,/content/msila/src/data/wallplugs/test_private_mixed/099_mixed.png,2048,2448,1.0
wallplugs,test_private_mixed,/content/msila/src/data/wallplugs/test_private_mixed/213_mixed.png,2048,2448,1.0
wallplugs,test_private_mixed,/content/msila/src/data/wallplugs/test_private_mixed/041_mixed.png,2048,2448,1.0
wallplugs,test_private_mixed,/content/msila/src/data/wallplugs/test_private_mixed/036_mixed.png,2048,2448,1.0
wallplugs,test_private_mixed,/content/msila/src/data/wallplugs/test_private_mixed/100_mixed.png,2048,2448,1.0
wallplugs,test_private_mixed,/content/msila/src/data/wallplugs/test_private_mixed/076_mixed.png,2048,2448,1.0
wallplugs,test_private_mixed,/content/msila/src/data/wallplugs/test_private_mixed/228_mixed.png,2048,2448,1.0
wallplugs,test_private_mixed,/content/msila/src/data/wallplugs/test_private_mixed/108_mixed.png,2048,2448,1.0
wallplugs,test_private_mixed,/content/msila/src/data/wallplugs/test_private_mixed/152_mixed.png,2048,2448,1.0
wallplugs,test_private_mixed,/content/msila/src/data/wallplugs/test_private_mixed/052_mixed.png,2048,2448,1.0
wallplugs,test_private_mixed,/content/msila/src/data/wallplugs/test_private_mixed/051_mixed.png,2048,2448,1.0
wallplugs,test_private_mixed,/content/msila/src/data/wallplugs/test_private_mixed/097_mixed.png,2048,2448,1.0
wallplugs,test_private_mixed,/content/msila/src/data/wallplugs/test_private_mixed/101_mixed.png,2048,2448,1.0
wallplugs,test_private_mixed,/content/msila/src/data/wallplugs/test_private_mixed/183_mixed.png,2048,2448,1.0
wallplugs,test_private_mixed,/content/msila/src/data/wallplugs/test_private_mixed/145_mixed.png,2048,2448,1.0
wallplugs,test_private_mixed,/content/msila/src/data/wallplugs/test_private_mixed/211_mixed.png,2048,2448,1.0
wallplugs,test_private_mixed,/content/msila/src/data/wallplugs/test_private_mixed/171_mixed.png,2048,2448,1.0
wallplugs,test_private_mixed,/content/msila/src/data/wallplugs/test_private_mixed/033_mixed.png,2048,2448,1.0
wallplugs,test_private_mixed,/content/msila/src/data/wallplugs/test_private_mixed/212_mixed.png,2048,2448,1.0
wallplugs,test_private_mixed,/content/msila/src/data/wallplugs/test_private_mixed/085_mixed.png,2048,2448,1.0
wallplugs,test_private_mixed,/content/msila/src/data/wallplugs/test_private_mixed/139_mixed.png,2048,2448,1.0
wallplugs,test_private_mixed,/content/msila/src/data/wallplugs/test_private_mixed/111_mixed.png,2048,2448,1.0
wallplugs,test_private_mixed,/content/msila/src/data/wallplugs/test_private_mixed/032_mixed.png,2048,2448,1.0
wallplugs,test_private_mixed,/content/msila/src/data/wallplugs/test_private_mixed/075_mixed.png,2048,2448,1.0
wallplugs,test_private_mixed,/content/msila/src/data/wallplugs/test_private_mixed/011_mixed.png,2048,2448,1.0
wallplugs,test_private_mixed,/content/msila/src/data/wallplugs/test_private_mixed/107_mixed.png,2048,2448,1.0
wallplugs,test_private_mixed,/content/msila/src/data/wallplugs/test_private_mixed/215_mixed.png,2048,2448,1.0
wallplugs,test_private_mixed,/content/msila/src/data/wallplugs/test_private_mixed/214_mixed.png,2048,2448,1.0
wallplugs,test_private_mixed,/content/msila/src/data/wallplugs/test_private_mixed/202_mixed.png,2048,2448,1.0
wallplugs,test_private_mixed,/content/msila/src/data/wallplugs/test_private_mixed/221_mixed.png,2048,2448,1.0
wallplugs,test_private_mixed,/content/msila/src/data/wallplugs/test_private_mixed/049_mixed.png,2048,2448,1.0
wallplugs,test_private_mixed,/content/msila/src/data/wallplugs/test_private_mixed/128_mixed.png,2048,2448,1.0
wallplugs,test_private_mixed,/content/msila/src/data/wallplugs/test_private_mixed/102_mixed.png,2048,2448,1.0
wallplugs,test_private_mixed,/content/msila/src/data/wallplugs/test_private_mixed/176_mixed.png,2048,2448,1.0
wallplugs,test_private_mixed,/content/msila/src/data/wallplugs/test_private_mixed/200_mixed.png,2048,2448,1.0
wallplugs,test_private_mixed,/content/msila/src/data/wallplugs/test_private_mixed/185_mixed.png,2048,2448,1.0
wallplugs,test_private_mixed,/content/msila/src/data/wallplugs/test_private_mixed/190_mixed.png,2048,2448,1.0
wallplugs,test_private_mixed,/content/msila/src/data/wallplugs/test_private_mixed/064_mixed.png,2048,2448,1.0
wallplugs,test_private_mixed,/content/msila/src/data/wallplugs/test_private_mixed/010_mixed.png,2048,2448,1.0
wallplugs,test_private_mixed,/content/msila/src/data/wallplugs/test_private_mixed/083_mixed.png,2048,2448,1.0
wallplugs,test_private_mixed,/content/msila/src/data/wallplugs/test_private_mixed/172_mixed.png,2048,2448,1.0
wallplugs,test_private_mixed,/content/msila/src/data/wallplugs/test_private_mixed/005_mixed.png,2048,2448,1.0
wallplugs,test_private_mixed,/content/msila/src/data/wallplugs/test_private_mixed/046_mixed.png,2048,2448,1.0
wallplugs,test_private_mixed,/content/msila/src/data/wallplugs/test_private_mixed/022_mixed.png,2048,2448,1.0
wallplugs,test_private_mixed,/content/msila/src/data/wallplugs/test_private_mixed/026_mixed.png,2048,2448,1.0
wallplugs,test_private_mixed,/content/msila/src/data/wallplugs/test_private_mixed/204_mixed.png,2048,2448,1.0
wallplugs,test_private_mixed,/content/msila/src/data/wallplugs/test_private_mixed/040_mixed.png,2048,2448,1.0
wallplugs,test_private_mixed,/content/msila/src/data/wallplugs/test_private_mixed/195_mixed.png,2048,2448,1.0
wallplugs,test_private_mixed,/content/msila/src/data/wallplugs/test_private_mixed/073_mixed.png,2048,2448,1.0
wallplugs,test_private_mixed,/content/msila/src/data/wallplugs/test_private_mixed/004_mixed.png,2048,2448,1.0
wallplugs,test_private_mixed,/content/msila/src/data/wallplugs/test_private_mixed/057_mixed.png,2048,2448,1.0
wallplugs,test_private_mixed,/content/msila/src/data/wallplugs/test_private_mixed/174_mixed.png,2048,2448,1.0
wallplugs,test_private_mixed,/content/msila/src/data/wallplugs/test_private_mixed/143_mixed.png,2048,2448,1.0
wallplugs,test_private_mixed,/content/msila/src/data/wallplugs/test_private_mixed/068_mixed.png,2048,2448,1.0
wallplugs,test_private_mixed,/content/msila/src/data/wallplugs/test_private_mixed/038_mixed.png,2048,2448,1.0
wallplugs,test_private_mixed,/content/msila/src/data/wallplugs/test_private_mixed/165_mixed.png,2048,2448,1.0
wallplugs,test_private_mixed,/content/msila/src/data/wallplugs/test_private_mixed/114_mixed.png,2048,2448,1.0
wallplugs,test_private_mixed,/content/msila/src/data/wallplugs/test_private_mixed/151_mixed.png,2048,2448,1.0
wallplugs,test_private_mixed,/content/msila/src/data/wallplugs/test_private_mixed/105_mixed.png,2048,2448,1.0
wallplugs,test_private_mixed,/content/msila/src/data/wallplugs/test_private_mixed/021_mixed.png,2048,2448,1.0
wallplugs,test_private_mixed,/content/msila/src/data/wallplugs/test_private_mixed/090_mixed.png,2048,2448,1.0
wallplugs,test_private_mixed,/content/msila/src/data/wallplugs/test_private_mixed/199_mixed.png,2048,2448,1.0
wallplugs,test_private_mixed,/content/msila/src/data/wallplugs/test_private_mixed/056_mixed.png,2048,2448,1.0
wallplugs,test_private_mixed,/content/msila/src/data/wallplugs/test_private_mixed/135_mixed.png,2048,2448,1.0
wallplugs,test_private_mixed,/content/msila/src/data/wallplugs/test_private_mixed/024_mixed.png,2048,2448,1.0
wallplugs,test_private_mixed,/content/msila/src/data/wallplugs/test_private_mixed/227_mixed.png,2048,2448,1.0
wallplugs,test_private_mixed,/content/msila/src/data/wallplugs/test_private_mixed/072_mixed.png,2048,2448,1.0
wallplugs,test_private_mixed,/content/msila/src/data/wallplugs/test_private_mixed/030_mixed.png,2048,2448,1.0
wallplugs,test_private_mixed,/content/msila/src/data/wallplugs/test_private_mixed/140_mixed.png,2048,2448,1.0
wallplugs,test_private_mixed,/content/msila/src/data/wallplugs/test_private_mixed/216_mixed.png,2048,2448,1.0
wallplugs,test_private_mixed,/content/msila/src/data/wallplugs/test_private_mixed/180_mixed.png,2048,2448,1.0
wallplugs,test_private_mixed,/content/msila/src/data/wallplugs/test_private_mixed/110_mixed.png,2048,2448,1.0
wallplugs,test_private_mixed,/content/msila/src/data/wallplugs/test_private_mixed/201_mixed.png,2048,2448,1.0
wallplugs,test_private_mixed,/content/msila/src/data/wallplugs/test_private_mixed/229_mixed.png,2048,2448,1.0
wallplugs,test_private_mixed,/content/msila/src/data/wallplugs/test_private_mixed/025_mixed.png,2048,2448,1.0
wallplugs,test_private_mixed,/content/msila/src/data/wallplugs/test_private_mixed/007_mixed.png,2048,2448,1.0
wallplugs,test_private_mixed,/content/msila/src/data/wallplugs/test_private_mixed/014_mixed.png,2048,2448,1.0
wallplugs,test_private_mixed,/content/msila/src/data/wallplugs/test_private_mixed/121_mixed.png,2048,2448,1.0
wallplugs,test_private_mixed,/content/msila/src/data/wallplugs/test_private_mixed/160_mixed.png,2048,2448,1.0
wallplugs,test_private_mixed,/content/msila/src/data/wallplugs/test_private_mixed/153_mixed.png,2048,2448,1.0
wallplugs,test_private_mixed,/content/msila/src/data/wallplugs/test_private_mixed/042_mixed.png,2048,2448,1.0
wallplugs,test_private_mixed,/content/msila/src/data/wallplugs/test_private_mixed/009_mixed.png,2048,2448,1.0
wallplugs,test_private_mixed,/content/msila/src/data/wallplugs/test_private_mixed/120_mixed.png,2048,2448,1.0
wallplugs,test_private_mixed,/content/msila/src/data/wallplugs/test_private_mixed/224_mixed.png,2048,2448,1.0
wallplugs,test_private_mixed,/content/msila/src/data/wallplugs/test_private_mixed/063_mixed.png,2048,2448,1.0
wallplugs,test_private_mixed,/content/msila/src/data/wallplugs/test_private_mixed/109_mixed.png,2048,2448,1.0
wallplugs,test_private_mixed,/content/msila/src/data/wallplugs/test_private_mixed/186_mixed.png,2048,2448,1.0
wallplugs,test_private_mixed,/content/msila/src/data/wallplugs/test_private_mixed/141_mixed.png,2048,2448,1.0
wallplugs,test_private_mixed,/content/msila/src/data/wallplugs/test_private_mixed/164_mixed.png,2048,2448,1.0
wallplugs,test_private_mixed,/content/msila/src/data/wallplugs/test_private_mixed/144_mixed.png,2048,2448,1.0
wallplugs,test_private_mixed,/content/msila/src/data/wallplugs/test_private_mixed/125_mixed.png,2048,2448,1.0
wallplugs,test_private_mixed,/content/msila/src/data/wallplugs/test_private_mixed/045_mixed.png,2048,2448,1.0
wallplugs,test_private_mixed,/content/msila/src/data/wallplugs/test_private_mixed/223_mixed.png,2048,2448,1.0
wallplugs,test_private_mixed,/content/msila/src/data/wallplugs/test_private_mixed/065_mixed.png,2048,2448,1.0
wallplugs,test_private_mixed,/content/msila/src/data/wallplugs/test_private_mixed/136_mixed.png,2048,2448,1.0
wallplugs,test_private_mixed,/content/msila/src/data/wallplugs/test_private_mixed/132_mixed.png,2048,2448,1.0
wallplugs,test_private_mixed,/content/msila/src/data/wallplugs/test_private_mixed/197_mixed.png,2048,2448,1.0
wallplugs,test_private_mixed,/content/msila/src/data/wallplugs/test_private_mixed/093_mixed.png,2048,2448,1.0
wallplugs,test_private_mixed,/content/msila/src/data/wallplugs/test_private_mixed/103_mixed.png,2048,2448,1.0
wallplugs,test_private_mixed,/content/msila/src/data/wallplugs/test_private_mixed/031_mixed.png,2048,2448,1.0
wallplugs,test_private_mixed,/content/msila/src/data/wallplugs/test_private_mixed/001_mixed.png,2048,2448,1.0
wallplugs,test_private_mixed,/content/msila/src/data/wallplugs/test_private_mixed/077_mixed.png,2048,2448,1.0
wallplugs,test_private_mixed,/content/msila/src/data/wallplugs/test_private_mixed/220_mixed.png,2048,2448,1.0
wallplugs,test_private_mixed,/content/msila/src/data/wallplugs/test_private_mixed/112_mixed.png,2048,2448,1.0
wallplugs,test_private_mixed,/content/msila/src/data/wallplugs/test_private_mixed/088_mixed.png,2048,2448,1.0
wallplugs,test_private_mixed,/content/msila/src/data/wallplugs/test_private_mixed/023_mixed.png,2048,2448,1.0
wallplugs,test_private_mixed,/content/msila/src/data/wallplugs/test_private_mixed/043_mixed.png,2048,2448,1.0
wallplugs,test_private_mixed,/content/msila/src/data/wallplugs/test_private_mixed/096_mixed.png,2048,2448,1.0
wallplugs,test_private_mixed,/content/msila/src/data/wallplugs/test_private_mixed/207_mixed.png,2048,2448,1.0
wallplugs,test_private_mixed,/content/msila/src/data/wallplugs/test_private_mixed/115_mixed.png,2048,2448,1.0
wallplugs,test_private_mixed,/content/msila/src/data/wallplugs/test_private_mixed/225_mixed.png,2048,2448,1.0
wallplugs,test_private_mixed,/content/msila/src/data/wallplugs/test_private_mixed/131_mixed.png,2048,2448,1.0
wallplugs,test_private_mixed,/content/msila/src/data/wallplugs/test_private_mixed/053_mixed.png,2048,2448,1.0
wallplugs,test_private_mixed,/content/msila/src/data/wallplugs/test_private_mixed/003_mixed.png,2048,2448,1.0
wallplugs,test_private_mixed,/content/msila/src/data/wallplugs/test_private_mixed/142_mixed.png,2048,2448,1.0
wallplugs,test_private_mixed,/content/msila/src/data/wallplugs/test_private_mixed/094_mixed.png,2048,2448,1.0
wallplugs,test_private,/content/msila/src/data/wallplugs/test_private/126_regular.png,2048,2448,1.0
wallplugs,test_private,/content/msila/src/data/wallplugs/test_private/160_regular.png,2048,2448,1.0
wallplugs,test_private,/content/msila/src/data/wallplugs/test_private/023_regular.png,2048,2448,1.0
wallplugs,test_private,/content/msila/src/data/wallplugs/test_private/057_regular.png,2048,2448,1.0
wallplugs,test_private,/content/msila/src/data/wallplugs/test_private/140_regular.png,2048,2448,1.0
wallplugs,test_private,/content/msila/src/data/wallplugs/test_private/019_regular.png,2048,2448,1.0
wallplugs,test_private,/content/msila/src/data/wallplugs/test_private/146_regular.png,2048,2448,1.0
wallplugs,test_private,/content/msila/src/data/wallplugs/test_private/217_regular.png,2048,2448,1.0
wallplugs,test_private,/content/msila/src/data/wallplugs/test_private/128_regular.png,2048,2448,1.0
wallplugs,test_private,/content/msila/src/data/wallplugs/test_private/041_regular.png,2048,2448,1.0
wallplugs,test_private,/content/msila/src/data/wallplugs/test_private/069_regular.png,2048,2448,1.0
wallplugs,test_private,/content/msila/src/data/wallplugs/test_private/216_regular.png,2048,2448,1.0
wallplugs,test_private,/content/msila/src/data/wallplugs/test_private/209_regular.png,2048,2448,1.0
wallplugs,test_private,/content/msila/src/data/wallplugs/test_private/164_regular.png,2048,2448,1.0
wallplugs,test_private,/content/msila/src/data/wallplugs/test_private/142_regular.png,2048,2448,1.0
wallplugs,test_private,/content/msila/src/data/wallplugs/test_private/085_regular.png,2048,2448,1.0
wallplugs,test_private,/content/msila/src/data/wallplugs/test_private/046_regular.png,2048,2448,1.0
wallplugs,test_private,/content/msila/src/data/wallplugs/test_private/219_regular.png,2048,2448,1.0
wallplugs,test_private,/content/msila/src/data/wallplugs/test_private/056_regular.png,2048,2448,1.0
wallplugs,test_private,/content/msila/src/data/wallplugs/test_private/229_regular.png,2048,2448,1.0
wallplugs,test_private,/content/msila/src/data/wallplugs/test_private/178_regular.png,2048,2448,1.0
wallplugs,test_private,/content/msila/src/data/wallplugs/test_private/143_regular.png,2048,2448,1.0
wallplugs,test_private,/content/msila/src/data/wallplugs/test_private/017_regular.png,2048,2448,1.0
wallplugs,test_private,/content/msila/src/data/wallplugs/test_private/048_regular.png,2048,2448,1.0
wallplugs,test_private,/content/msila/src/data/wallplugs/test_private/118_regular.png,2048,2448,1.0
wallplugs,test_private,/content/msila/src/data/wallplugs/test_private/195_regular.png,2048,2448,1.0
wallplugs,test_private,/content/msila/src/data/wallplugs/test_private/025_regular.png,2048,2448,1.0
wallplugs,test_private,/content/msila/src/data/wallplugs/test_private/230_regular.png,2048,2448,1.0
wallplugs,test_private,/content/msila/src/data/wallplugs/test_private/129_regular.png,2048,2448,1.0
wallplugs,test_private,/content/msila/src/data/wallplugs/test_private/215_regular.png,2048,2448,1.0
wallplugs,test_private,/content/msila/src/data/wallplugs/test_private/003_regular.png,2048,2448,1.0
wallplugs,test_private,/content/msila/src/data/wallplugs/test_private/182_regular.png,2048,2448,1.0
wallplugs,test_private,/content/msila/src/data/wallplugs/test_private/059_regular.png,2048,2448,1.0
wallplugs,test_private,/content/msila/src/data/wallplugs/test_private/000_regular.png,2048,2448,1.0
wallplugs,test_private,/content/msila/src/data/wallplugs/test_private/054_regular.png,2048,2448,1.0
wallplugs,test_private,/content/msila/src/data/wallplugs/test_private/012_regular.png,2048,2448,1.0
wallplugs,test_private,/content/msila/src/data/wallplugs/test_private/114_regular.png,2048,2448,1.0
wallplugs,test_private,/content/msila/src/data/wallplugs/test_private/050_regular.png,2048,2448,1.0
wallplugs,test_private,/content/msila/src/data/wallplugs/test_private/078_regular.png,2048,2448,1.0
wallplugs,test_private,/content/msila/src/data/wallplugs/test_private/196_regular.png,2048,2448,1.0
wallplugs,test_private,/content/msila/src/data/wallplugs/test_private/192_regular.png,2048,2448,1.0
wallplugs,test_private,/content/msila/src/data/wallplugs/test_private/127_regular.png,2048,2448,1.0
wallplugs,test_private,/content/msila/src/data/wallplugs/test_private/080_regular.png,2048,2448,1.0
wallplugs,test_private,/content/msila/src/data/wallplugs/test_private/097_regular.png,2048,2448,1.0
wallplugs,test_private,/content/msila/src/data/wallplugs/test_private/033_regular.png,2048,2448,1.0
wallplugs,test_private,/content/msila/src/data/wallplugs/test_private/177_regular.png,2048,2448,1.0
wallplugs,test_private,/content/msila/src/data/wallplugs/test_private/110_regular.png,2048,2448,1.0
wallplugs,test_private,/content/msila/src/data/wallplugs/test_private/231_regular.png,2048,2448,1.0
wallplugs,test_private,/content/msila/src/data/wallplugs/test_private/173_regular.png,2048,2448,1.0
wallplugs,test_private,/content/msila/src/data/wallplugs/test_private/153_regular.png,2048,2448,1.0
wallplugs,test_private,/content/msila/src/data/wallplugs/test_private/065_regular.png,2048,2448,1.0
wallplugs,test_private,/content/msila/src/data/wallplugs/test_private/096_regular.png,2048,2448,1.0
wallplugs,test_private,/content/msila/src/data/wallplugs/test_private/171_regular.png,2048,2448,1.0
wallplugs,test_private,/content/msila/src/data/wallplugs/test_private/082_regular.png,2048,2448,1.0
wallplugs,test_private,/content/msila/src/data/wallplugs/test_private/170_regular.png,2048,2448,1.0
wallplugs,test_private,/content/msila/src/data/wallplugs/test_private/009_regular.png,2048,2448,1.0
wallplugs,test_private,/content/msila/src/data/wallplugs/test_private/084_regular.png,2048,2448,1.0
wallplugs,test_private,/content/msila/src/data/wallplugs/test_private/188_regular.png,2048,2448,1.0
wallplugs,test_private,/content/msila/src/data/wallplugs/test_private/043_regular.png,2048,2448,1.0
wallplugs,test_private,/content/msila/src/data/wallplugs/test_private/070_regular.png,2048,2448,1.0
wallplugs,test_private,/content/msila/src/data/wallplugs/test_private/181_regular.png,2048,2448,1.0
wallplugs,test_private,/content/msila/src/data/wallplugs/test_private/108_regular.png,2048,2448,1.0
wallplugs,test_private,/content/msila/src/data/wallplugs/test_private/174_regular.png,2048,2448,1.0
wallplugs,test_private,/content/msila/src/data/wallplugs/test_private/165_regular.png,2048,2448,1.0
wallplugs,test_private,/content/msila/src/data/wallplugs/test_private/201_regular.png,2048,2448,1.0
wallplugs,test_private,/content/msila/src/data/wallplugs/test_private/203_regular.png,2048,2448,1.0
wallplugs,test_private,/content/msila/src/data/wallplugs/test_private/135_regular.png,2048,2448,1.0
wallplugs,test_private,/content/msila/src/data/wallplugs/test_private/213_regular.png,2048,2448,1.0
wallplugs,test_private,/content/msila/src/data/wallplugs/test_private/111_regular.png,2048,2448,1.0
wallplugs,test_private,/content/msila/src/data/wallplugs/test_private/042_regular.png,2048,2448,1.0
wallplugs,test_private,/content/msila/src/data/wallplugs/test_private/103_regular.png,2048,2448,1.0
wallplugs,test_private,/content/msila/src/data/wallplugs/test_private/199_regular.png,2048,2448,1.0
wallplugs,test_private,/content/msila/src/data/wallplugs/test_private/094_regular.png,2048,2448,1.0
wallplugs,test_private,/content/msila/src/data/wallplugs/test_private/105_regular.png,2048,2448,1.0
wallplugs,test_private,/content/msila/src/data/wallplugs/test_private/115_regular.png,2048,2448,1.0
wallplugs,test_private,/content/msila/src/data/wallplugs/test_private/038_regular.png,2048,2448,1.0
wallplugs,test_private,/content/msila/src/data/wallplugs/test_private/067_regular.png,2048,2448,1.0
wallplugs,test_private,/content/msila/src/data/wallplugs/test_private/099_regular.png,2048,2448,1.0
wallplugs,test_private,/content/msila/src/data/wallplugs/test_private/121_regular.png,2048,2448,1.0
wallplugs,test_private,/content/msila/src/data/wallplugs/test_private/063_regular.png,2048,2448,1.0
wallplugs,test_private,/content/msila/src/data/wallplugs/test_private/194_regular.png,2048,2448,1.0
wallplugs,test_private,/content/msila/src/data/wallplugs/test_private/109_regular.png,2048,2448,1.0
wallplugs,test_private,/content/msila/src/data/wallplugs/test_private/077_regular.png,2048,2448,1.0
wallplugs,test_private,/content/msila/src/data/wallplugs/test_private/093_regular.png,2048,2448,1.0
wallplugs,test_private,/content/msila/src/data/wallplugs/test_private/172_regular.png,2048,2448,1.0
wallplugs,test_private,/content/msila/src/data/wallplugs/test_private/130_regular.png,2048,2448,1.0
wallplugs,test_private,/content/msila/src/data/wallplugs/test_private/036_regular.png,2048,2448,1.0
wallplugs,test_private,/content/msila/src/data/wallplugs/test_private/119_regular.png,2048,2448,1.0
wallplugs,test_private,/content/msila/src/data/wallplugs/test_private/087_regular.png,2048,2448,1.0
wallplugs,test_private,/content/msila/src/data/wallplugs/test_private/185_regular.png,2048,2448,1.0
wallplugs,test_private,/content/msila/src/data/wallplugs/test_private/204_regular.png,2048,2448,1.0
wallplugs,test_private,/content/msila/src/data/wallplugs/test_private/073_regular.png,2048,2448,1.0
wallplugs,test_private,/content/msila/src/data/wallplugs/test_private/032_regular.png,2048,2448,1.0
wallplugs,test_private,/content/msila/src/data/wallplugs/test_private/013_regular.png,2048,2448,1.0
wallplugs,test_private,/content/msila/src/data/wallplugs/test_private/212_regular.png,2048,2448,1.0
wallplugs,test_private,/content/msila/src/data/wallplugs/test_private/157_regular.png,2048,2448,1.0
wallplugs,test_private,/content/msila/src/data/wallplugs/test_private/006_regular.png,2048,2448,1.0
wallplugs,test_private,/content/msila/src/data/wallplugs/test_private/040_regular.png,2048,2448,1.0
wallplugs,test_private,/content/msila/src/data/wallplugs/test_private/028_regular.png,2048,2448,1.0
wallplugs,test_private,/content/msila/src/data/wallplugs/test_private/064_regular.png,2048,2448,1.0
wallplugs,test_private,/content/msila/src/data/wallplugs/test_private/190_regular.png,2048,2448,1.0
wallplugs,test_private,/content/msila/src/data/wallplugs/test_private/045_regular.png,2048,2448,1.0
wallplugs,test_private,/content/msila/src/data/wallplugs/test_private/145_regular.png,2048,2448,1.0
wallplugs,test_private,/content/msila/src/data/wallplugs/test_private/098_regular.png,2048,2448,1.0
wallplugs,test_private,/content/msila/src/data/wallplugs/test_private/197_regular.png,2048,2448,1.0
wallplugs,test_private,/content/msila/src/data/wallplugs/test_private/222_regular.png,2048,2448,1.0
wallplugs,test_private,/content/msila/src/data/wallplugs/test_private/034_regular.png,2048,2448,1.0
wallplugs,test_private,/content/msila/src/data/wallplugs/test_private/112_regular.png,2048,2448,1.0
wallplugs,test_private,/content/msila/src/data/wallplugs/test_private/175_regular.png,2048,2448,1.0
wallplugs,test_private,/content/msila/src/data/wallplugs/test_private/138_regular.png,2048,2448,1.0
wallplugs,test_private,/content/msila/src/data/wallplugs/test_private/224_regular.png,2048,2448,1.0
wallplugs,test_private,/content/msila/src/data/wallplugs/test_private/086_regular.png,2048,2448,1.0
wallplugs,test_private,/content/msila/src/data/wallplugs/test_private/169_regular.png,2048,2448,1.0
wallplugs,test_private,/content/msila/src/data/wallplugs/test_private/191_regular.png,2048,2448,1.0
wallplugs,test_private,/content/msila/src/data/wallplugs/test_private/147_regular.png,2048,2448,1.0
wallplugs,test_private,/content/msila/src/data/wallplugs/test_private/198_regular.png,2048,2448,1.0
wallplugs,test_private,/content/msila/src/data/wallplugs/test_private/102_regular.png,2048,2448,1.0
wallplugs,test_private,/content/msila/src/data/wallplugs/test_private/113_regular.png,2048,2448,1.0
wallplugs,test_private,/content/msila/src/data/wallplugs/test_private/218_regular.png,2048,2448,1.0
wallplugs,test_private,/content/msila/src/data/wallplugs/test_private/107_regular.png,2048,2448,1.0
wallplugs,test_private,/content/msila/src/data/wallplugs/test_private/149_regular.png,2048,2448,1.0
wallplugs,test_private,/content/msila/src/data/wallplugs/test_private/095_regular.png,2048,2448,1.0
wallplugs,test_private,/content/msila/src/data/wallplugs/test_private/101_regular.png,2048,2448,1.0
wallplugs,test_private,/content/msila/src/data/wallplugs/test_private/168_regular.png,2048,2448,1.0
wallplugs,test_private,/content/msila/src/data/wallplugs/test_private/092_regular.png,2048,2448,1.0
wallplugs,test_private,/content/msila/src/data/wallplugs/test_private/047_regular.png,2048,2448,1.0
wallplugs,test_private,/content/msila/src/data/wallplugs/test_private/053_regular.png,2048,2448,1.0
wallplugs,test_private,/content/msila/src/data/wallplugs/test_private/021_regular.png,2048,2448,1.0
wallplugs,test_private,/content/msila/src/data/wallplugs/test_private/076_regular.png,2048,2448,1.0
wallplugs,test_private,/content/msila/src/data/wallplugs/test_private/090_regular.png,2048,2448,1.0
wallplugs,test_private,/content/msila/src/data/wallplugs/test_private/159_regular.png,2048,2448,1.0
wallplugs,test_private,/content/msila/src/data/wallplugs/test_private/187_regular.png,2048,2448,1.0
wallplugs,test_private,/content/msila/src/data/wallplugs/test_private/075_regular.png,2048,2448,1.0
wallplugs,test_private,/content/msila/src/data/wallplugs/test_private/163_regular.png,2048,2448,1.0
wallplugs,test_private,/content/msila/src/data/wallplugs/test_private/010_regular.png,2048,2448,1.0
wallplugs,test_private,/content/msila/src/data/wallplugs/test_private/049_regular.png,2048,2448,1.0
wallplugs,test_private,/content/msila/src/data/wallplugs/test_private/220_regular.png,2048,2448,1.0
wallplugs,test_private,/content/msila/src/data/wallplugs/test_private/015_regular.png,2048,2448,1.0
wallplugs,test_private,/content/msila/src/data/wallplugs/test_private/005_regular.png,2048,2448,1.0
wallplugs,test_private,/content/msila/src/data/wallplugs/test_private/133_regular.png,2048,2448,1.0
wallplugs,test_private,/content/msila/src/data/wallplugs/test_private/030_regular.png,2048,2448,1.0
wallplugs,test_private,/content/msila/src/data/wallplugs/test_private/144_regular.png,2048,2448,1.0
wallplugs,test_private,/content/msila/src/data/wallplugs/test_private/124_regular.png,2048,2448,1.0
wallplugs,test_private,/content/msila/src/data/wallplugs/test_private/022_regular.png,2048,2448,1.0
wallplugs,test_private,/content/msila/src/data/wallplugs/test_private/223_regular.png,2048,2448,1.0
wallplugs,test_private,/content/msila/src/data/wallplugs/test_private/088_regular.png,2048,2448,1.0
wallplugs,test_private,/content/msila/src/data/wallplugs/test_private/206_regular.png,2048,2448,1.0
wallplugs,test_private,/content/msila/src/data/wallplugs/test_private/116_regular.png,2048,2448,1.0
wallplugs,test_private,/content/msila/src/data/wallplugs/test_private/014_regular.png,2048,2448,1.0
wallplugs,test_private,/content/msila/src/data/wallplugs/test_private/018_regular.png,2048,2448,1.0
wallplugs,test_private,/content/msila/src/data/wallplugs/test_private/122_regular.png,2048,2448,1.0
wallplugs,test_private,/content/msila/src/data/wallplugs/test_private/125_regular.png,2048,2448,1.0
wallplugs,test_private,/content/msila/src/data/wallplugs/test_private/074_regular.png,2048,2448,1.0
wallplugs,test_private,/content/msila/src/data/wallplugs/test_private/002_regular.png,2048,2448,1.0
wallplugs,test_private,/content/msila/src/data/wallplugs/test_private/132_regular.png,2048,2448,1.0
wallplugs,test_private,/content/msila/src/data/wallplugs/test_private/051_regular.png,2048,2448,1.0
wallplugs,test_private,/content/msila/src/data/wallplugs/test_private/162_regular.png,2048,2448,1.0
wallplugs,test_private,/content/msila/src/data/wallplugs/test_private/123_regular.png,2048,2448,1.0
wallplugs,test_private,/content/msila/src/data/wallplugs/test_private/155_regular.png,2048,2448,1.0
wallplugs,test_private,/content/msila/src/data/wallplugs/test_private/152_regular.png,2048,2448,1.0
wallplugs,test_private,/content/msila/src/data/wallplugs/test_private/151_regular.png,2048,2448,1.0
wallplugs,test_private,/content/msila/src/data/wallplugs/test_private/079_regular.png,2048,2448,1.0
wallplugs,test_private,/content/msila/src/data/wallplugs/test_private/044_regular.png,2048,2448,1.0
wallplugs,test_private,/content/msila/src/data/wallplugs/test_private/226_regular.png,2048,2448,1.0
wallplugs,test_private,/content/msila/src/data/wallplugs/test_private/091_regular.png,2048,2448,1.0
wallplugs,test_private,/content/msila/src/data/wallplugs/test_private/134_regular.png,2048,2448,1.0
wallplugs,test_private,/content/msila/src/data/wallplugs/test_private/161_regular.png,2048,2448,1.0
wallplugs,test_private,/content/msila/src/data/wallplugs/test_private/106_regular.png,2048,2448,1.0
wallplugs,test_private,/content/msila/src/data/wallplugs/test_private/167_regular.png,2048,2448,1.0
wallplugs,test_private,/content/msila/src/data/wallplugs/test_private/139_regular.png,2048,2448,1.0
wallplugs,test_private,/content/msila/src/data/wallplugs/test_private/072_regular.png,2048,2448,1.0
wallplugs,test_private,/content/msila/src/data/wallplugs/test_private/004_regular.png,2048,2448,1.0
wallplugs,test_private,/content/msila/src/data/wallplugs/test_private/055_regular.png,2048,2448,1.0
wallplugs,test_private,/content/msila/src/data/wallplugs/test_private/100_regular.png,2048,2448,1.0
wallplugs,test_private,/content/msila/src/data/wallplugs/test_private/117_regular.png,2048,2448,1.0
wallplugs,test_private,/content/msila/src/data/wallplugs/test_private/228_regular.png,2048,2448,1.0
wallplugs,test_private,/content/msila/src/data/wallplugs/test_private/184_regular.png,2048,2448,1.0
wallplugs,test_private,/content/msila/src/data/wallplugs/test_private/225_regular.png,2048,2448,1.0
wallplugs,test_private,/content/msila/src/data/wallplugs/test_private/150_regular.png,2048,2448,1.0
wallplugs,test_private,/content/msila/src/data/wallplugs/test_private/016_regular.png,2048,2448,1.0
wallplugs,test_private,/content/msila/src/data/wallplugs/test_private/024_regular.png,2048,2448,1.0
wallplugs,test_private,/content/msila/src/data/wallplugs/test_private/166_regular.png,2048,2448,1.0
wallplugs,test_private,/content/msila/src/data/wallplugs/test_private/039_regular.png,2048,2448,1.0
wallplugs,test_private,/content/msila/src/data/wallplugs/test_private/176_regular.png,2048,2448,1.0
wallplugs,test_private,/content/msila/src/data/wallplugs/test_private/211_regular.png,2048,2448,1.0
wallplugs,test_private,/content/msila/src/data/wallplugs/test_private/037_regular.png,2048,2448,1.0
wallplugs,test_private,/content/msila/src/data/wallplugs/test_private/011_regular.png,2048,2448,1.0
wallplugs,test_private,/content/msila/src/data/wallplugs/test_private/200_regular.png,2048,2448,1.0
wallplugs,test_private,/content/msila/src/data/wallplugs/test_private/104_regular.png,2048,2448,1.0
wallplugs,test_private,/content/msila/src/data/wallplugs/test_private/062_regular.png,2048,2448,1.0
wallplugs,test_private,/content/msila/src/data/wallplugs/test_private/154_regular.png,2048,2448,1.0
wallplugs,test_private,/content/msila/src/data/wallplugs/test_private/060_regular.png,2048,2448,1.0
wallplugs,test_private,/content/msila/src/data/wallplugs/test_private/027_regular.png,2048,2448,1.0
wallplugs,test_private,/content/msila/src/data/wallplugs/test_private/029_regular.png,2048,2448,1.0
wallplugs,test_private,/content/msila/src/data/wallplugs/test_private/148_regular.png,2048,2448,1.0
wallplugs,test_private,/content/msila/src/data/wallplugs/test_private/020_regular.png,2048,2448,1.0
wallplugs,test_private,/content/msila/src/data/wallplugs/test_private/221_regular.png,2048,2448,1.0
wallplugs,test_private,/content/msila/src/data/wallplugs/test_private/120_regular.png,2048,2448,1.0
wallplugs,test_private,/content/msila/src/data/wallplugs/test_private/007_regular.png,2048,2448,1.0
wallplugs,test_private,/content/msila/src/data/wallplugs/test_private/189_regular.png,2048,2448,1.0
wallplugs,test_private,/content/msila/src/data/wallplugs/test_private/207_regular.png,2048,2448,1.0
wallplugs,test_private,/content/msila/src/data/wallplugs/test_private/083_regular.png,2048,2448,1.0
wallplugs,test_private,/content/msila/src/data/wallplugs/test_private/183_regular.png,2048,2448,1.0
wallplugs,test_private,/content/msila/src/data/wallplugs/test_private/001_regular.png,2048,2448,1.0
wallplugs,test_private,/content/msila/src/data/wallplugs/test_private/066_regular.png,2048,2448,1.0
wallplugs,test_private,/content/msila/src/data/wallplugs/test_private/136_regular.png,2048,2448,1.0
wallplugs,test_private,/content/msila/src/data/wallplugs/test_private/026_regular.png,2048,2448,1.0
wallplugs,test_private,/content/msila/src/data/wallplugs/test_private/193_regular.png,2048,2448,1.0
wallplugs,test_private,/content/msila/src/data/wallplugs/test_private/031_regular.png,2048,2448,1.0
wallplugs,test_private,/content/msila/src/data/wallplugs/test_private/158_regular.png,2048,2448,1.0
wallplugs,test_private,/content/msila/src/data/wallplugs/test_private/081_regular.png,2048,2448,1.0
wallplugs,test_private,/content/msila/src/data/wallplugs/test_private/141_regular.png,2048,2448,1.0
wallplugs,test_private,/content/msila/src/data/wallplugs/test_private/208_regular.png,2048,2448,1.0
wallplugs,test_private,/content/msila/src/data/wallplugs/test_private/035_regular.png,2048,2448,1.0
wallplugs,test_private,/content/msila/src/data/wallplugs/test_private/008_regular.png,2048,2448,1.0
wallplugs,test_private,/content/msila/src/data/wallplugs/test_private/137_regular.png,2048,2448,1.0
wallplugs,test_private,/content/msila/src/data/wallplugs/test_private/210_regular.png,2048,2448,1.0
wallplugs,test_private,/content/msila/src/data/wallplugs/test_private/156_regular.png,2048,2448,1.0
wallplugs,test_private,/content/msila/src/data/wallplugs/test_private/058_regular.png,2048,2448,1.0
wallplugs,test_private,/content/msila/src/data/wallplugs/test_private/205_regular.png,2048,2448,1.0
wallplugs,test_private,/content/msila/src/data/wallplugs/test_private/186_regular.png,2048,2448,1.0
wallplugs,test_private,/content/msila/src/data/wallplugs/test_private/227_regular.png,2048,2448,1.0
wallplugs,test_private,/content/msila/src/data/wallplugs/test_private/052_regular.png,2048,2448,1.0
wallplugs,test_private,/content/msila/src/data/wallplugs/test_private/131_regular.png,2048,2448,1.0
wallplugs,test_private,/content/msila/src/data/wallplugs/test_private/214_regular.png,2048,2448,1.0
wallplugs,test_private,/content/msila/src/data/wallplugs/test_private/179_regular.png,2048,2448,1.0
wallplugs,test_private,/content/msila/src/data/wallplugs/test_private/202_regular.png,2048,2448,1.0
wallplugs,test_private,/content/msila/src/data/wallplugs/test_private/071_regular.png,2048,2448,1.0
wallplugs,test_private,/content/msila/src/data/wallplugs/test_private/180_regular.png,2048,2448,1.0
wallplugs,test_private,/content/msila/src/data/wallplugs/test_private/089_regular.png,2048,2448,1.0
wallplugs,test_private,/content/msila/src/data/wallplugs/test_private/061_regular.png,2048,2448,1.0
wallplugs,test_private,/content/msila/src/data/wallplugs/test_private/068_regular.png,2048,2448,1.0
wallplugs,validation,/content/msila/src/data/wallplugs/validation/good/023_regular.png,2048,2448,1.0
wallplugs,validation,/content/msila/src/data/wallplugs/validation/good/019_regular.png,2048,2448,1.0
wallplugs,validation,/content/msila/src/data/wallplugs/validation/good/017_regular.png,2048,2448,1.0
wallplugs,validation,/content/msila/src/data/wallplugs/validation/good/025_regular.png,2048,2448,1.0
wallplugs,validation,/content/msila/src/data/wallplugs/validation/good/003_regular.png,2048,2448,1.0
wallplugs,validation,/content/msila/src/data/wallplugs/validation/good/000_regular.png,2048,2448,1.0
wallplugs,validation,/content/msila/src/data/wallplugs/validation/good/012_regular.png,2048,2448,1.0
wallplugs,validation,/content/msila/src/data/wallplugs/validation/good/009_regular.png,2048,2448,1.0
wallplugs,validation,/content/msila/src/data/wallplugs/validation/good/032_regular.png,2048,2448,1.0
wallplugs,validation,/content/msila/src/data/wallplugs/validation/good/013_regular.png,2048,2448,1.0
wallplugs,validation,/content/msila/src/data/wallplugs/validation/good/006_regular.png,2048,2448,1.0
wallplugs,validation,/content/msila/src/data/wallplugs/validation/good/028_regular.png,2048,2448,1.0
wallplugs,validation,/content/msila/src/data/wallplugs/validation/good/021_regular.png,2048,2448,1.0
wallplugs,validation,/content/msila/src/data/wallplugs/validation/good/010_regular.png,2048,2448,1.0
wallplugs,validation,/content/msila/src/data/wallplugs/validation/good/015_regular.png,2048,2448,1.0
wallplugs,validation,/content/msila/src/data/wallplugs/validation/good/005_regular.png,2048,2448,1.0
wallplugs,validation,/content/msila/src/data/wallplugs/validation/good/030_regular.png,2048,2448,1.0
wallplugs,validation,/content/msila/src/data/wallplugs/validation/good/022_regular.png,2048,2448,1.0
wallplugs,validation,/content/msila/src/data/wallplugs/validation/good/014_regular.png,2048,2448,1.0
wallplugs,validation,/content/msila/src/data/wallplugs/validation/good/018_regular.png,2048,2448,1.0
wallplugs,validation,/content/msila/src/data/wallplugs/validation/good/002_regular.png,2048,2448,1.0
wallplugs,validation,/content/msila/src/data/wallplugs/validation/good/004_regular.png,2048,2448,1.0
wallplugs,validation,/content/msila/src/data/wallplugs/validation/good/016_regular.png,2048,2448,1.0
wallplugs,validation,/content/msila/src/data/wallplugs/validation/good/024_regular.png,2048,2448,1.0
wallplugs,validation,/content/msila/src/data/wallplugs/validation/good/011_regular.png,2048,2448,1.0
wallplugs,validation,/content/msila/src/data/wallplugs/validation/good/027_regular.png,2048,2448,1.0
wallplugs,validation,/content/msila/src/data/wallplugs/validation/good/029_regular.png,2048,2448,1.0
wallplugs,validation,/content/msila/src/data/wallplugs/validation/good/020_regular.png,2048,2448,1.0
wallplugs,validation,/content/msila/src/data/wallplugs/validation/good/007_regular.png,2048,2448,1.0
wallplugs,validation,/content/msila/src/data/wallplugs/validation/good/001_regular.png,2048,2448,1.0
wallplugs,validation,/content/msila/src/data/wallplugs/validation/good/026_regular.png,2048,2448,1.0
wallplugs,validation,/content/msila/src/data/wallplugs/validation/good/031_regular.png,2048,2448,1.0
wallplugs,validation,/content/msila/src/data/wallplugs/validation/good/008_regular.png,2048,2448,1.0
wallplugs,train,/content/msila/src/data/wallplugs/train/good/126_regular.png,2048,2448,1.0
wallplugs,train,/content/msila/src/data/wallplugs/train/good/160_regular.png,2048,2448,1.0
wallplugs,train,/content/msila/src/data/wallplugs/train/good/023_regular.png,2048,2448,1.0
wallplugs,train,/content/msila/src/data/wallplugs/train/good/057_regular.png,2048,2448,1.0
wallplugs,train,/content/msila/src/data/wallplugs/train/good/140_regular.png,2048,2448,1.0
wallplugs,train,/content/msila/src/data/wallplugs/train/good/019_regular.png,2048,2448,1.0
wallplugs,train,/content/msila/src/data/wallplugs/train/good/146_regular.png,2048,2448,1.0
wallplugs,train,/content/msila/src/data/wallplugs/train/good/217_regular.png,2048,2448,1.0
wallplugs,train,/content/msila/src/data/wallplugs/train/good/258_regular.png,2048,2448,1.0
wallplugs,train,/content/msila/src/data/wallplugs/train/good/128_regular.png,2048,2448,1.0
wallplugs,train,/content/msila/src/data/wallplugs/train/good/233_regular.png,2048,2448,1.0
wallplugs,train,/content/msila/src/data/wallplugs/train/good/041_regular.png,2048,2448,1.0
wallplugs,train,/content/msila/src/data/wallplugs/train/good/069_regular.png,2048,2448,1.0
wallplugs,train,/content/msila/src/data/wallplugs/train/good/216_regular.png,2048,2448,1.0
wallplugs,train,/content/msila/src/data/wallplugs/train/good/209_regular.png,2048,2448,1.0
wallplugs,train,/content/msila/src/data/wallplugs/train/good/164_regular.png,2048,2448,1.0
wallplugs,train,/content/msila/src/data/wallplugs/train/good/142_regular.png,2048,2448,1.0
wallplugs,train,/content/msila/src/data/wallplugs/train/good/085_regular.png,2048,2448,1.0
wallplugs,train,/content/msila/src/data/wallplugs/train/good/046_regular.png,2048,2448,1.0
wallplugs,train,/content/msila/src/data/wallplugs/train/good/219_regular.png,2048,2448,1.0
wallplugs,train,/content/msila/src/data/wallplugs/train/good/056_regular.png,2048,2448,1.0
wallplugs,train,/content/msila/src/data/wallplugs/train/good/229_regular.png,2048,2448,1.0
wallplugs,train,/content/msila/src/data/wallplugs/train/good/261_regular.png,2048,2448,1.0
wallplugs,train,/content/msila/src/data/wallplugs/train/good/178_regular.png,2048,2448,1.0
wallplugs,train,/content/msila/src/data/wallplugs/train/good/143_regular.png,2048,2448,1.0
wallplugs,train,/content/msila/src/data/wallplugs/train/good/248_regular.png,2048,2448,1.0
wallplugs,train,/content/msila/src/data/wallplugs/train/good/017_regular.png,2048,2448,1.0
wallplugs,train,/content/msila/src/data/wallplugs/train/good/048_regular.png,2048,2448,1.0
wallplugs,train,/content/msila/src/data/wallplugs/train/good/118_regular.png,2048,2448,1.0
wallplugs,train,/content/msila/src/data/wallplugs/train/good/195_regular.png,2048,2448,1.0
wallplugs,train,/content/msila/src/data/wallplugs/train/good/025_regular.png,2048,2448,1.0
wallplugs,train,/content/msila/src/data/wallplugs/train/good/230_regular.png,2048,2448,1.0
wallplugs,train,/content/msila/src/data/wallplugs/train/good/129_regular.png,2048,2448,1.0
wallplugs,train,/content/msila/src/data/wallplugs/train/good/215_regular.png,2048,2448,1.0
wallplugs,train,/content/msila/src/data/wallplugs/train/good/003_regular.png,2048,2448,1.0
wallplugs,train,/content/msila/src/data/wallplugs/train/good/182_regular.png,2048,2448,1.0
wallplugs,train,/content/msila/src/data/wallplugs/train/good/059_regular.png,2048,2448,1.0
wallplugs,train,/content/msila/src/data/wallplugs/train/good/000_regular.png,2048,2448,1.0
wallplugs,train,/content/msila/src/data/wallplugs/train/good/054_regular.png,2048,2448,1.0
wallplugs,train,/content/msila/src/data/wallplugs/train/good/281_regular.png,2048,2448,1.0
wallplugs,train,/content/msila/src/data/wallplugs/train/good/012_regular.png,2048,2448,1.0
wallplugs,train,/content/msila/src/data/wallplugs/train/good/114_regular.png,2048,2448,1.0
wallplugs,train,/content/msila/src/data/wallplugs/train/good/050_regular.png,2048,2448,1.0
wallplugs,train,/content/msila/src/data/wallplugs/train/good/078_regular.png,2048,2448,1.0
wallplugs,train,/content/msila/src/data/wallplugs/train/good/252_regular.png,2048,2448,1.0
wallplugs,train,/content/msila/src/data/wallplugs/train/good/196_regular.png,2048,2448,1.0
wallplugs,train,/content/msila/src/data/wallplugs/train/good/192_regular.png,2048,2448,1.0
wallplugs,train,/content/msila/src/data/wallplugs/train/good/127_regular.png,2048,2448,1.0
wallplugs,train,/content/msila/src/data/wallplugs/train/good/277_regular.png,2048,2448,1.0
wallplugs,train,/content/msila/src/data/wallplugs/train/good/080_regular.png,2048,2448,1.0
wallplugs,train,/content/msila/src/data/wallplugs/train/good/097_regular.png,2048,2448,1.0
wallplugs,train,/content/msila/src/data/wallplugs/train/good/033_regular.png,2048,2448,1.0
wallplugs,train,/content/msila/src/data/wallplugs/train/good/177_regular.png,2048,2448,1.0
wallplugs,train,/content/msila/src/data/wallplugs/train/good/110_regular.png,2048,2448,1.0
wallplugs,train,/content/msila/src/data/wallplugs/train/good/273_regular.png,2048,2448,1.0
wallplugs,train,/content/msila/src/data/wallplugs/train/good/231_regular.png,2048,2448,1.0
wallplugs,train,/content/msila/src/data/wallplugs/train/good/173_regular.png,2048,2448,1.0
wallplugs,train,/content/msila/src/data/wallplugs/train/good/153_regular.png,2048,2448,1.0
wallplugs,train,/content/msila/src/data/wallplugs/train/good/065_regular.png,2048,2448,1.0
wallplugs,train,/content/msila/src/data/wallplugs/train/good/241_regular.png,2048,2448,1.0
wallplugs,train,/content/msila/src/data/wallplugs/train/good/096_regular.png,2048,2448,1.0
wallplugs,train,/content/msila/src/data/wallplugs/train/good/268_regular.png,2048,2448,1.0
wallplugs,train,/content/msila/src/data/wallplugs/train/good/292_regular.png,2048,2448,1.0
wallplugs,train,/content/msila/src/data/wallplugs/train/good/289_regular.png,2048,2448,1.0
wallplugs,train,/content/msila/src/data/wallplugs/train/good/171_regular.png,2048,2448,1.0
wallplugs,train,/content/msila/src/data/wallplugs/train/good/082_regular.png,2048,2448,1.0
wallplugs,train,/content/msila/src/data/wallplugs/train/good/244_regular.png,2048,2448,1.0
wallplugs,train,/content/msila/src/data/wallplugs/train/good/170_regular.png,2048,2448,1.0
wallplugs,train,/content/msila/src/data/wallplugs/train/good/009_regular.png,2048,2448,1.0
wallplugs,train,/content/msila/src/data/wallplugs/train/good/084_regular.png,2048,2448,1.0
wallplugs,train,/content/msila/src/data/wallplugs/train/good/264_regular.png,2048,2448,1.0
wallplugs,train,/content/msila/src/data/wallplugs/train/good/188_regular.png,2048,2448,1.0
wallplugs,train,/content/msila/src/data/wallplugs/train/good/043_regular.png,2048,2448,1.0
wallplugs,train,/content/msila/src/data/wallplugs/train/good/070_regular.png,2048,2448,1.0
wallplugs,train,/content/msila/src/data/wallplugs/train/good/246_regular.png,2048,2448,1.0
wallplugs,train,/content/msila/src/data/wallplugs/train/good/181_regular.png,2048,2448,1.0
wallplugs,train,/content/msila/src/data/wallplugs/train/good/254_regular.png,2048,2448,1.0
wallplugs,train,/content/msila/src/data/wallplugs/train/good/108_regular.png,2048,2448,1.0
wallplugs,train,/content/msila/src/data/wallplugs/train/good/174_regular.png,2048,2448,1.0
wallplugs,train,/content/msila/src/data/wallplugs/train/good/256_regular.png,2048,2448,1.0
wallplugs,train,/content/msila/src/data/wallplugs/train/good/165_regular.png,2048,2448,1.0
wallplugs,train,/content/msila/src/data/wallplugs/train/good/201_regular.png,2048,2448,1.0
wallplugs,train,/content/msila/src/data/wallplugs/train/good/203_regular.png,2048,2448,1.0
wallplugs,train,/content/msila/src/data/wallplugs/train/good/135_regular.png,2048,2448,1.0
wallplugs,train,/content/msila/src/data/wallplugs/train/good/213_regular.png,2048,2448,1.0
wallplugs,train,/content/msila/src/data/wallplugs/train/good/111_regular.png,2048,2448,1.0
wallplugs,train,/content/msila/src/data/wallplugs/train/good/042_regular.png,2048,2448,1.0
wallplugs,train,/content/msila/src/data/wallplugs/train/good/103_regular.png,2048,2448,1.0
wallplugs,train,/content/msila/src/data/wallplugs/train/good/199_regular.png,2048,2448,1.0
wallplugs,train,/content/msila/src/data/wallplugs/train/good/094_regular.png,2048,2448,1.0
wallplugs,train,/content/msila/src/data/wallplugs/train/good/105_regular.png,2048,2448,1.0
wallplugs,train,/content/msila/src/data/wallplugs/train/good/115_regular.png,2048,2448,1.0
wallplugs,train,/content/msila/src/data/wallplugs/train/good/038_regular.png,2048,2448,1.0
wallplugs,train,/content/msila/src/data/wallplugs/train/good/288_regular.png,2048,2448,1.0
wallplugs,train,/content/msila/src/data/wallplugs/train/good/067_regular.png,2048,2448,1.0
wallplugs,train,/content/msila/src/data/wallplugs/train/good/234_regular.png,2048,2448,1.0
wallplugs,train,/content/msila/src/data/wallplugs/train/good/099_regular.png,2048,2448,1.0
wallplugs,train,/content/msila/src/data/wallplugs/train/good/121_regular.png,2048,2448,1.0
wallplugs,train,/content/msila/src/data/wallplugs/train/good/063_regular.png,2048,2448,1.0
wallplugs,train,/content/msila/src/data/wallplugs/train/good/194_regular.png,2048,2448,1.0
wallplugs,train,/content/msila/src/data/wallplugs/train/good/109_regular.png,2048,2448,1.0
wallplugs,train,/content/msila/src/data/wallplugs/train/good/077_regular.png,2048,2448,1.0
wallplugs,train,/content/msila/src/data/wallplugs/train/good/093_regular.png,2048,2448,1.0
wallplugs,train,/content/msila/src/data/wallplugs/train/good/172_regular.png,2048,2448,1.0
wallplugs,train,/content/msila/src/data/wallplugs/train/good/130_regular.png,2048,2448,1.0
wallplugs,train,/content/msila/src/data/wallplugs/train/good/036_regular.png,2048,2448,1.0
wallplugs,train,/content/msila/src/data/wallplugs/train/good/119_regular.png,2048,2448,1.0
wallplugs,train,/content/msila/src/data/wallplugs/train/good/285_regular.png,2048,2448,1.0
wallplugs,train,/content/msila/src/data/wallplugs/train/good/269_regular.png,2048,2448,1.0
wallplugs,train,/content/msila/src/data/wallplugs/train/good/087_regular.png,2048,2448,1.0
wallplugs,train,/content/msila/src/data/wallplugs/train/good/255_regular.png,2048,2448,1.0
wallplugs,train,/content/msila/src/data/wallplugs/train/good/185_regular.png,2048,2448,1.0
wallplugs,train,/content/msila/src/data/wallplugs/train/good/204_regular.png,2048,2448,1.0
wallplugs,train,/content/msila/src/data/wallplugs/train/good/073_regular.png,2048,2448,1.0
wallplugs,train,/content/msila/src/data/wallplugs/train/good/032_regular.png,2048,2448,1.0
wallplugs,train,/content/msila/src/data/wallplugs/train/good/013_regular.png,2048,2448,1.0
wallplugs,train,/content/msila/src/data/wallplugs/train/good/265_regular.png,2048,2448,1.0
wallplugs,train,/content/msila/src/data/wallplugs/train/good/212_regular.png,2048,2448,1.0
wallplugs,train,/content/msila/src/data/wallplugs/train/good/157_regular.png,2048,2448,1.0
wallplugs,train,/content/msila/src/data/wallplugs/train/good/006_regular.png,2048,2448,1.0
wallplugs,train,/content/msila/src/data/wallplugs/train/good/040_regular.png,2048,2448,1.0
wallplugs,train,/content/msila/src/data/wallplugs/train/good/028_regular.png,2048,2448,1.0
wallplugs,train,/content/msila/src/data/wallplugs/train/good/235_regular.png,2048,2448,1.0
wallplugs,train,/content/msila/src/data/wallplugs/train/good/064_regular.png,2048,2448,1.0
wallplugs,train,/content/msila/src/data/wallplugs/train/good/190_regular.png,2048,2448,1.0
wallplugs,train,/content/msila/src/data/wallplugs/train/good/045_regular.png,2048,2448,1.0
wallplugs,train,/content/msila/src/data/wallplugs/train/good/270_regular.png,2048,2448,1.0
wallplugs,train,/content/msila/src/data/wallplugs/train/good/145_regular.png,2048,2448,1.0
wallplugs,train,/content/msila/src/data/wallplugs/train/good/098_regular.png,2048,2448,1.0
wallplugs,train,/content/msila/src/data/wallplugs/train/good/262_regular.png,2048,2448,1.0
wallplugs,train,/content/msila/src/data/wallplugs/train/good/197_regular.png,2048,2448,1.0
wallplugs,train,/content/msila/src/data/wallplugs/train/good/238_regular.png,2048,2448,1.0
wallplugs,train,/content/msila/src/data/wallplugs/train/good/222_regular.png,2048,2448,1.0
wallplugs,train,/content/msila/src/data/wallplugs/train/good/034_regular.png,2048,2448,1.0
wallplugs,train,/content/msila/src/data/wallplugs/train/good/112_regular.png,2048,2448,1.0
wallplugs,train,/content/msila/src/data/wallplugs/train/good/175_regular.png,2048,2448,1.0
wallplugs,train,/content/msila/src/data/wallplugs/train/good/138_regular.png,2048,2448,1.0
wallplugs,train,/content/msila/src/data/wallplugs/train/good/224_regular.png,2048,2448,1.0
wallplugs,train,/content/msila/src/data/wallplugs/train/good/086_regular.png,2048,2448,1.0
wallplugs,train,/content/msila/src/data/wallplugs/train/good/169_regular.png,2048,2448,1.0
wallplugs,train,/content/msila/src/data/wallplugs/train/good/191_regular.png,2048,2448,1.0
wallplugs,train,/content/msila/src/data/wallplugs/train/good/260_regular.png,2048,2448,1.0
wallplugs,train,/content/msila/src/data/wallplugs/train/good/147_regular.png,2048,2448,1.0
wallplugs,train,/content/msila/src/data/wallplugs/train/good/198_regular.png,2048,2448,1.0
wallplugs,train,/content/msila/src/data/wallplugs/train/good/102_regular.png,2048,2448,1.0
wallplugs,train,/content/msila/src/data/wallplugs/train/good/113_regular.png,2048,2448,1.0
wallplugs,train,/content/msila/src/data/wallplugs/train/good/218_regular.png,2048,2448,1.0
wallplugs,train,/content/msila/src/data/wallplugs/train/good/107_regular.png,2048,2448,1.0
wallplugs,train,/content/msila/src/data/wallplugs/train/good/149_regular.png,2048,2448,1.0
wallplugs,train,/content/msila/src/data/wallplugs/train/good/279_regular.png,2048,2448,1.0
wallplugs,train,/content/msila/src/data/wallplugs/train/good/095_regular.png,2048,2448,1.0
wallplugs,train,/content/msila/src/data/wallplugs/train/good/101_regular.png,2048,2448,1.0
wallplugs,train,/content/msila/src/data/wallplugs/train/good/168_regular.png,2048,2448,1.0
wallplugs,train,/content/msila/src/data/wallplugs/train/good/092_regular.png,2048,2448,1.0
wallplugs,train,/content/msila/src/data/wallplugs/train/good/240_regular.png,2048,2448,1.0
wallplugs,train,/content/msila/src/data/wallplugs/train/good/047_regular.png,2048,2448,1.0
wallplugs,train,/content/msila/src/data/wallplugs/train/good/053_regular.png,2048,2448,1.0
wallplugs,train,/content/msila/src/data/wallplugs/train/good/237_regular.png,2048,2448,1.0
wallplugs,train,/content/msila/src/data/wallplugs/train/good/021_regular.png,2048,2448,1.0
wallplugs,train,/content/msila/src/data/wallplugs/train/good/076_regular.png,2048,2448,1.0
wallplugs,train,/content/msila/src/data/wallplugs/train/good/090_regular.png,2048,2448,1.0
wallplugs,train,/content/msila/src/data/wallplugs/train/good/271_regular.png,2048,2448,1.0
wallplugs,train,/content/msila/src/data/wallplugs/train/good/159_regular.png,2048,2448,1.0
wallplugs,train,/content/msila/src/data/wallplugs/train/good/187_regular.png,2048,2448,1.0
wallplugs,train,/content/msila/src/data/wallplugs/train/good/075_regular.png,2048,2448,1.0
wallplugs,train,/content/msila/src/data/wallplugs/train/good/163_regular.png,2048,2448,1.0
wallplugs,train,/content/msila/src/data/wallplugs/train/good/010_regular.png,2048,2448,1.0
wallplugs,train,/content/msila/src/data/wallplugs/train/good/247_regular.png,2048,2448,1.0
wallplugs,train,/content/msila/src/data/wallplugs/train/good/049_regular.png,2048,2448,1.0
wallplugs,train,/content/msila/src/data/wallplugs/train/good/220_regular.png,2048,2448,1.0
wallplugs,train,/content/msila/src/data/wallplugs/train/good/015_regular.png,2048,2448,1.0
wallplugs,train,/content/msila/src/data/wallplugs/train/good/249_regular.png,2048,2448,1.0
wallplugs,train,/content/msila/src/data/wallplugs/train/good/005_regular.png,2048,2448,1.0
wallplugs,train,/content/msila/src/data/wallplugs/train/good/133_regular.png,2048,2448,1.0
wallplugs,train,/content/msila/src/data/wallplugs/train/good/030_regular.png,2048,2448,1.0
wallplugs,train,/content/msila/src/data/wallplugs/train/good/144_regular.png,2048,2448,1.0
wallplugs,train,/content/msila/src/data/wallplugs/train/good/124_regular.png,2048,2448,1.0
wallplugs,train,/content/msila/src/data/wallplugs/train/good/022_regular.png,2048,2448,1.0
wallplugs,train,/content/msila/src/data/wallplugs/train/good/223_regular.png,2048,2448,1.0
wallplugs,train,/content/msila/src/data/wallplugs/train/good/243_regular.png,2048,2448,1.0
wallplugs,train,/content/msila/src/data/wallplugs/train/good/088_regular.png,2048,2448,1.0
wallplugs,train,/content/msila/src/data/wallplugs/train/good/206_regular.png,2048,2448,1.0
wallplugs,train,/content/msila/src/data/wallplugs/train/good/116_regular.png,2048,2448,1.0
wallplugs,train,/content/msila/src/data/wallplugs/train/good/014_regular.png,2048,2448,1.0
wallplugs,train,/content/msila/src/data/wallplugs/train/good/018_regular.png,2048,2448,1.0
wallplugs,train,/content/msila/src/data/wallplugs/train/good/122_regular.png,2048,2448,1.0
wallplugs,train,/content/msila/src/data/wallplugs/train/good/125_regular.png,2048,2448,1.0
wallplugs,train,/content/msila/src/data/wallplugs/train/good/074_regular.png,2048,2448,1.0
wallplugs,train,/content/msila/src/data/wallplugs/train/good/002_regular.png,2048,2448,1.0
wallplugs,train,/content/msila/src/data/wallplugs/train/good/132_regular.png,2048,2448,1.0
wallplugs,train,/content/msila/src/data/wallplugs/train/good/051_regular.png,2048,2448,1.0
wallplugs,train,/content/msila/src/data/wallplugs/train/good/162_regular.png,2048,2448,1.0
wallplugs,train,/content/msila/src/data/wallplugs/train/good/123_regular.png,2048,2448,1.0
wallplugs,train,/content/msila/src/data/wallplugs/train/good/155_regular.png,2048,2448,1.0
wallplugs,train,/content/msila/src/data/wallplugs/train/good/282_regular.png,2048,2448,1.0
wallplugs,train,/content/msila/src/data/wallplugs/train/good/257_regular.png,2048,2448,1.0
wallplugs,train,/content/msila/src/data/wallplugs/train/good/283_regular.png,2048,2448,1.0
wallplugs,train,/content/msila/src/data/wallplugs/train/good/152_regular.png,2048,2448,1.0
wallplugs,train,/content/msila/src/data/wallplugs/train/good/151_regular.png,2048,2448,1.0
wallplugs,train,/content/msila/src/data/wallplugs/train/good/079_regular.png,2048,2448,1.0
wallplugs,train,/content/msila/src/data/wallplugs/train/good/044_regular.png,2048,2448,1.0
wallplugs,train,/content/msila/src/data/wallplugs/train/good/226_regular.png,2048,2448,1.0
wallplugs,train,/content/msila/src/data/wallplugs/train/good/272_regular.png,2048,2448,1.0
wallplugs,train,/content/msila/src/data/wallplugs/train/good/280_regular.png,2048,2448,1.0
wallplugs,train,/content/msila/src/data/wallplugs/train/good/091_regular.png,2048,2448,1.0
wallplugs,train,/content/msila/src/data/wallplugs/train/good/239_regular.png,2048,2448,1.0
wallplugs,train,/content/msila/src/data/wallplugs/train/good/276_regular.png,2048,2448,1.0
wallplugs,train,/content/msila/src/data/wallplugs/train/good/134_regular.png,2048,2448,1.0
wallplugs,train,/content/msila/src/data/wallplugs/train/good/161_regular.png,2048,2448,1.0
wallplugs,train,/content/msila/src/data/wallplugs/train/good/106_regular.png,2048,2448,1.0
wallplugs,train,/content/msila/src/data/wallplugs/train/good/167_regular.png,2048,2448,1.0
wallplugs,train,/content/msila/src/data/wallplugs/train/good/259_regular.png,2048,2448,1.0
wallplugs,train,/content/msila/src/data/wallplugs/train/good/139_regular.png,2048,2448,1.0
wallplugs,train,/content/msila/src/data/wallplugs/train/good/253_regular.png,2048,2448,1.0
wallplugs,train,/content/msila/src/data/wallplugs/train/good/072_regular.png,2048,2448,1.0
wallplugs,train,/content/msila/src/data/wallplugs/train/good/245_regular.png,2048,2448,1.0
wallplugs,train,/content/msila/src/data/wallplugs/train/good/004_regular.png,2048,2448,1.0
wallplugs,train,/content/msila/src/data/wallplugs/train/good/055_regular.png,2048,2448,1.0
wallplugs,train,/content/msila/src/data/wallplugs/train/good/100_regular.png,2048,2448,1.0
wallplugs,train,/content/msila/src/data/wallplugs/train/good/117_regular.png,2048,2448,1.0
wallplugs,train,/content/msila/src/data/wallplugs/train/good/228_regular.png,2048,2448,1.0
wallplugs,train,/content/msila/src/data/wallplugs/train/good/278_regular.png,2048,2448,1.0
wallplugs,train,/content/msila/src/data/wallplugs/train/good/184_regular.png,2048,2448,1.0
wallplugs,train,/content/msila/src/data/wallplugs/train/good/225_regular.png,2048,2448,1.0
wallplugs,train,/content/msila/src/data/wallplugs/train/good/150_regular.png,2048,2448,1.0
wallplugs,train,/content/msila/src/data/wallplugs/train/good/016_regular.png,2048,2448,1.0
wallplugs,train,/content/msila/src/data/wallplugs/train/good/024_regular.png,2048,2448,1.0
wallplugs,train,/content/msila/src/data/wallplugs/train/good/166_regular.png,2048,2448,1.0
wallplugs,train,/content/msila/src/data/wallplugs/train/good/251_regular.png,2048,2448,1.0
wallplugs,train,/content/msila/src/data/wallplugs/train/good/266_regular.png,2048,2448,1.0
wallplugs,train,/content/msila/src/data/wallplugs/train/good/039_regular.png,2048,2448,1.0
wallplugs,train,/content/msila/src/data/wallplugs/train/good/176_regular.png,2048,2448,1.0
wallplugs,train,/content/msila/src/data/wallplugs/train/good/211_regular.png,2048,2448,1.0
wallplugs,train,/content/msila/src/data/wallplugs/train/good/037_regular.png,2048,2448,1.0
wallplugs,train,/content/msila/src/data/wallplugs/train/good/011_regular.png,2048,2448,1.0
wallplugs,train,/content/msila/src/data/wallplugs/train/good/200_regular.png,2048,2448,1.0
wallplugs,train,/content/msila/src/data/wallplugs/train/good/104_regular.png,2048,2448,1.0
wallplugs,train,/content/msila/src/data/wallplugs/train/good/062_regular.png,2048,2448,1.0
wallplugs,train,/content/msila/src/data/wallplugs/train/good/154_regular.png,2048,2448,1.0
wallplugs,train,/content/msila/src/data/wallplugs/train/good/060_regular.png,2048,2448,1.0
wallplugs,train,/content/msila/src/data/wallplugs/train/good/027_regular.png,2048,2448,1.0
wallplugs,train,/content/msila/src/data/wallplugs/train/good/029_regular.png,2048,2448,1.0
wallplugs,train,/content/msila/src/data/wallplugs/train/good/148_regular.png,2048,2448,1.0
wallplugs,train,/content/msila/src/data/wallplugs/train/good/020_regular.png,2048,2448,1.0
wallplugs,train,/content/msila/src/data/wallplugs/train/good/221_regular.png,2048,2448,1.0
wallplugs,train,/content/msila/src/data/wallplugs/train/good/287_regular.png,2048,2448,1.0
wallplugs,train,/content/msila/src/data/wallplugs/train/good/120_regular.png,2048,2448,1.0
wallplugs,train,/content/msila/src/data/wallplugs/train/good/007_regular.png,2048,2448,1.0
wallplugs,train,/content/msila/src/data/wallplugs/train/good/274_regular.png,2048,2448,1.0
wallplugs,train,/content/msila/src/data/wallplugs/train/good/275_regular.png,2048,2448,1.0
wallplugs,train,/content/msila/src/data/wallplugs/train/good/189_regular.png,2048,2448,1.0
wallplugs,train,/content/msila/src/data/wallplugs/train/good/286_regular.png,2048,2448,1.0
wallplugs,train,/content/msila/src/data/wallplugs/train/good/207_regular.png,2048,2448,1.0
wallplugs,train,/content/msila/src/data/wallplugs/train/good/242_regular.png,2048,2448,1.0
wallplugs,train,/content/msila/src/data/wallplugs/train/good/083_regular.png,2048,2448,1.0
wallplugs,train,/content/msila/src/data/wallplugs/train/good/183_regular.png,2048,2448,1.0
wallplugs,train,/content/msila/src/data/wallplugs/train/good/001_regular.png,2048,2448,1.0
wallplugs,train,/content/msila/src/data/wallplugs/train/good/066_regular.png,2048,2448,1.0
wallplugs,train,/content/msila/src/data/wallplugs/train/good/136_regular.png,2048,2448,1.0
wallplugs,train,/content/msila/src/data/wallplugs/train/good/026_regular.png,2048,2448,1.0
wallplugs,train,/content/msila/src/data/wallplugs/train/good/193_regular.png,2048,2448,1.0
wallplugs,train,/content/msila/src/data/wallplugs/train/good/031_regular.png,2048,2448,1.0
wallplugs,train,/content/msila/src/data/wallplugs/train/good/158_regular.png,2048,2448,1.0
wallplugs,train,/content/msila/src/data/wallplugs/train/good/081_regular.png,2048,2448,1.0
wallplugs,train,/content/msila/src/data/wallplugs/train/good/141_regular.png,2048,2448,1.0
wallplugs,train,/content/msila/src/data/wallplugs/train/good/208_regular.png,2048,2448,1.0
wallplugs,train,/content/msila/src/data/wallplugs/train/good/035_regular.png,2048,2448,1.0
wallplugs,train,/content/msila/src/data/wallplugs/train/good/008_regular.png,2048,2448,1.0
wallplugs,train,/content/msila/src/data/wallplugs/train/good/137_regular.png,2048,2448,1.0
wallplugs,train,/content/msila/src/data/wallplugs/train/good/263_regular.png,2048,2448,1.0
wallplugs,train,/content/msila/src/data/wallplugs/train/good/250_regular.png,2048,2448,1.0
wallplugs,train,/content/msila/src/data/wallplugs/train/good/210_regular.png,2048,2448,1.0
wallplugs,train,/content/msila/src/data/wallplugs/train/good/156_regular.png,2048,2448,1.0
wallplugs,train,/content/msila/src/data/wallplugs/train/good/058_regular.png,2048,2448,1.0
wallplugs,train,/content/msila/src/data/wallplugs/train/good/290_regular.png,2048,2448,1.0
wallplugs,train,/content/msila/src/data/wallplugs/train/good/205_regular.png,2048,2448,1.0
wallplugs,train,/content/msila/src/data/wallplugs/train/good/236_regular.png,2048,2448,1.0
wallplugs,train,/content/msila/src/data/wallplugs/train/good/291_regular.png,2048,2448,1.0
wallplugs,train,/content/msila/src/data/wallplugs/train/good/284_regular.png,2048,2448,1.0
wallplugs,train,/content/msila/src/data/wallplugs/train/good/186_regular.png,2048,2448,1.0
wallplugs,train,/content/msila/src/data/wallplugs/train/good/227_regular.png,2048,2448,1.0
wallplugs,train,/content/msila/src/data/wallplugs/train/good/052_regular.png,2048,2448,1.0
wallplugs,train,/content/msila/src/data/wallplugs/train/good/131_regular.png,2048,2448,1.0
wallplugs,train,/content/msila/src/data/wallplugs/train/good/267_regular.png,2048,2448,1.0
wallplugs,train,/content/msila/src/data/wallplugs/train/good/214_regular.png,2048,2448,1.0
wallplugs,train,/content/msila/src/data/wallplugs/train/good/179_regular.png,2048,2448,1.0
wallplugs,train,/content/msila/src/data/wallplugs/train/good/202_regular.png,2048,2448,1.0
wallplugs,train,/content/msila/src/data/wallplugs/train/good/232_regular.png,2048,2448,1.0
wallplugs,train,/content/msila/src/data/wallplugs/train/good/071_regular.png,2048,2448,1.0
wallplugs,train,/content/msila/src/data/wallplugs/train/good/180_regular.png,2048,2448,1.0
wallplugs,train,/content/msila/src/data/wallplugs/train/good/089_regular.png,2048,2448,1.0
wallplugs,train,/content/msila/src/data/wallplugs/train/good/061_regular.png,2048,2448,1.0
wallplugs,train,/content/msila/src/data/wallplugs/train/good/068_regular.png,2048,2448,1.0
wallplugs,test_public,/content/msila/src/data/wallplugs/test_public/bad/012_overexposed.png,2048,2448,1.0
wallplugs,test_public,/content/msila/src/data/wallplugs/test_public/bad/013_shift_1.png,2048,2448,1.0
wallplugs,test_public,/content/msila/src/data/wallplugs/test_public/bad/009_overexposed.png,2048,2448,1.0
wallplugs,test_public,/content/msila/src/data/wallplugs/test_public/bad/010_underexposed.png,2048,2448,1.0
wallplugs,test_public,/content/msila/src/data/wallplugs/test_public/bad/003_shift_1.png,2048,2448,1.0
wallplugs,test_public,/content/msila/src/data/wallplugs/test_public/bad/003_overexposed.png,2048,2448,1.0
wallplugs,test_public,/content/msila/src/data/wallplugs/test_public/bad/002_shift_3.png,2048,2448,1.0
wallplugs,test_public,/content/msila/src/data/wallplugs/test_public/bad/013_shift_2.png,2048,2448,1.0
wallplugs,test_public,/content/msila/src/data/wallplugs/test_public/bad/013_overexposed.png,2048,2448,1.0
wallplugs,test_public,/content/msila/src/data/wallplugs/test_public/bad/010_shift_1.png,2048,2448,1.0
wallplugs,test_public,/content/msila/src/data/wallplugs/test_public/bad/003_regular.png,2048,2448,1.0
wallplugs,test_public,/content/msila/src/data/wallplugs/test_public/bad/014_overexposed.png,2048,2448,1.0
wallplugs,test_public,/content/msila/src/data/wallplugs/test_public/bad/000_regular.png,2048,2448,1.0
wallplugs,test_public,/content/msila/src/data/wallplugs/test_public/bad/012_regular.png,2048,2448,1.0
wallplugs,test_public,/content/msila/src/data/wallplugs/test_public/bad/008_underexposed.png,2048,2448,1.0
wallplugs,test_public,/content/msila/src/data/wallplugs/test_public/bad/004_shift_2.png,2048,2448,1.0
wallplugs,test_public,/content/msila/src/data/wallplugs/test_public/bad/000_shift_3.png,2048,2448,1.0
wallplugs,test_public,/content/msila/src/data/wallplugs/test_public/bad/011_shift_2.png,2048,2448,1.0
wallplugs,test_public,/content/msila/src/data/wallplugs/test_public/bad/005_overexposed.png,2048,2448,1.0
wallplugs,test_public,/content/msila/src/data/wallplugs/test_public/bad/001_shift_1.png,2048,2448,1.0
wallplugs,test_public,/content/msila/src/data/wallplugs/test_public/bad/004_shift_1.png,2048,2448,1.0
wallplugs,test_public,/content/msila/src/data/wallplugs/test_public/bad/010_shift_2.png,2048,2448,1.0
wallplugs,test_public,/content/msila/src/data/wallplugs/test_public/bad/012_shift_2.png,2048,2448,1.0
wallplugs,test_public,/content/msila/src/data/wallplugs/test_public/bad/007_overexposed.png,2048,2448,1.0
wallplugs,test_public,/content/msila/src/data/wallplugs/test_public/bad/009_regular.png,2048,2448,1.0
wallplugs,test_public,/content/msila/src/data/wallplugs/test_public/bad/008_shift_3.png,2048,2448,1.0
wallplugs,test_public,/content/msila/src/data/wallplugs/test_public/bad/009_shift_3.png,2048,2448,1.0
wallplugs,test_public,/content/msila/src/data/wallplugs/test_public/bad/011_overexposed.png,2048,2448,1.0
wallplugs,test_public,/content/msila/src/data/wallplugs/test_public/bad/005_shift_1.png,2048,2448,1.0
wallplugs,test_public,/content/msila/src/data/wallplugs/test_public/bad/003_shift_3.png,2048,2448,1.0
wallplugs,test_public,/content/msila/src/data/wallplugs/test_public/bad/012_shift_1.png,2048,2448,1.0
wallplugs,test_public,/content/msila/src/data/wallplugs/test_public/bad/004_underexposed.png,2048,2448,1.0
wallplugs,test_public,/content/msila/src/data/wallplugs/test_public/bad/000_shift_2.png,2048,2448,1.0
wallplugs,test_public,/content/msila/src/data/wallplugs/test_public/bad/005_shift_2.png,2048,2448,1.0
wallplugs,test_public,/content/msila/src/data/wallplugs/test_public/bad/014_underexposed.png,2048,2448,1.0
wallplugs,test_public,/content/msila/src/data/wallplugs/test_public/bad/013_regular.png,2048,2448,1.0
wallplugs,test_public,/content/msila/src/data/wallplugs/test_public/bad/004_shift_3.png,2048,2448,1.0
wallplugs,test_public,/content/msila/src/data/wallplugs/test_public/bad/002_overexposed.png,2048,2448,1.0
wallplugs,test_public,/content/msila/src/data/wallplugs/test_public/bad/006_regular.png,2048,2448,1.0
wallplugs,test_public,/content/msila/src/data/wallplugs/test_public/bad/006_overexposed.png,2048,2448,1.0
wallplugs,test_public,/content/msila/src/data/wallplugs/test_public/bad/011_underexposed.png,2048,2448,1.0
wallplugs,test_public,/content/msila/src/data/wallplugs/test_public/bad/005_underexposed.png,2048,2448,1.0
wallplugs,test_public,/content/msila/src/data/wallplugs/test_public/bad/009_shift_2.png,2048,2448,1.0
wallplugs,test_public,/content/msila/src/data/wallplugs/test_public/bad/006_underexposed.png,2048,2448,1.0
wallplugs,test_public,/content/msila/src/data/wallplugs/test_public/bad/007_shift_1.png,2048,2448,1.0
wallplugs,test_public,/content/msila/src/data/wallplugs/test_public/bad/001_underexposed.png,2048,2448,1.0
wallplugs,test_public,/content/msila/src/data/wallplugs/test_public/bad/010_regular.png,2048,2448,1.0
wallplugs,test_public,/content/msila/src/data/wallplugs/test_public/bad/006_shift_3.png,2048,2448,1.0
wallplugs,test_public,/content/msila/src/data/wallplugs/test_public/bad/005_regular.png,2048,2448,1.0
wallplugs,test_public,/content/msila/src/data/wallplugs/test_public/bad/009_underexposed.png,2048,2448,1.0
wallplugs,test_public,/content/msila/src/data/wallplugs/test_public/bad/000_overexposed.png,2048,2448,1.0
wallplugs,test_public,/content/msila/src/data/wallplugs/test_public/bad/013_shift_3.png,2048,2448,1.0
wallplugs,test_public,/content/msila/src/data/wallplugs/test_public/bad/009_shift_1.png,2048,2448,1.0
wallplugs,test_public,/content/msila/src/data/wallplugs/test_public/bad/014_regular.png,2048,2448,1.0
wallplugs,test_public,/content/msila/src/data/wallplugs/test_public/bad/005_shift_3.png,2048,2448,1.0
wallplugs,test_public,/content/msila/src/data/wallplugs/test_public/bad/002_regular.png,2048,2448,1.0
wallplugs,test_public,/content/msila/src/data/wallplugs/test_public/bad/008_shift_2.png,2048,2448,1.0
wallplugs,test_public,/content/msila/src/data/wallplugs/test_public/bad/008_overexposed.png,2048,2448,1.0
wallplugs,test_public,/content/msila/src/data/wallplugs/test_public/bad/010_shift_3.png,2048,2448,1.0
wallplugs,test_public,/content/msila/src/data/wallplugs/test_public/bad/014_shift_1.png,2048,2448,1.0
wallplugs,test_public,/content/msila/src/data/wallplugs/test_public/bad/000_shift_1.png,2048,2448,1.0
wallplugs,test_public,/content/msila/src/data/wallplugs/test_public/bad/006_shift_1.png,2048,2448,1.0
wallplugs,test_public,/content/msila/src/data/wallplugs/test_public/bad/002_shift_1.png,2048,2448,1.0
wallplugs,test_public,/content/msila/src/data/wallplugs/test_public/bad/004_overexposed.png,2048,2448,1.0
wallplugs,test_public,/content/msila/src/data/wallplugs/test_public/bad/014_shift_2.png,2048,2448,1.0
wallplugs,test_public,/content/msila/src/data/wallplugs/test_public/bad/004_regular.png,2048,2448,1.0
wallplugs,test_public,/content/msila/src/data/wallplugs/test_public/bad/013_underexposed.png,2048,2448,1.0
wallplugs,test_public,/content/msila/src/data/wallplugs/test_public/bad/003_shift_2.png,2048,2448,1.0
wallplugs,test_public,/content/msila/src/data/wallplugs/test_public/bad/001_shift_2.png,2048,2448,1.0
wallplugs,test_public,/content/msila/src/data/wallplugs/test_public/bad/008_shift_1.png,2048,2448,1.0
wallplugs,test_public,/content/msila/src/data/wallplugs/test_public/bad/011_regular.png,2048,2448,1.0
wallplugs,test_public,/content/msila/src/data/wallplugs/test_public/bad/001_overexposed.png,2048,2448,1.0
wallplugs,test_public,/content/msila/src/data/wallplugs/test_public/bad/000_underexposed.png,2048,2448,1.0
wallplugs,test_public,/content/msila/src/data/wallplugs/test_public/bad/002_underexposed.png,2048,2448,1.0
wallplugs,test_public,/content/msila/src/data/wallplugs/test_public/bad/012_shift_3.png,2048,2448,1.0
wallplugs,test_public,/content/msila/src/data/wallplugs/test_public/bad/007_regular.png,2048,2448,1.0
wallplugs,test_public,/content/msila/src/data/wallplugs/test_public/bad/012_underexposed.png,2048,2448,1.0
wallplugs,test_public,/content/msila/src/data/wallplugs/test_public/bad/007_shift_3.png,2048,2448,1.0
wallplugs,test_public,/content/msila/src/data/wallplugs/test_public/bad/001_regular.png,2048,2448,1.0
wallplugs,test_public,/content/msila/src/data/wallplugs/test_public/bad/003_underexposed.png,2048,2448,1.0
wallplugs,test_public,/content/msila/src/data/wallplugs/test_public/bad/008_regular.png,2048,2448,1.0
wallplugs,test_public,/content/msila/src/data/wallplugs/test_public/bad/014_shift_3.png,2048,2448,1.0
wallplugs,test_public,/content/msila/src/data/wallplugs/test_public/bad/006_shift_2.png,2048,2448,1.0
wallplugs,test_public,/content/msila/src/data/wallplugs/test_public/bad/011_shift_1.png,2048,2448,1.0
wallplugs,test_public,/content/msila/src/data/wallplugs/test_public/bad/001_shift_3.png,2048,2448,1.0
wallplugs,test_public,/content/msila/src/data/wallplugs/test_public/bad/011_shift_3.png,2048,2448,1.0
wallplugs,test_public,/content/msila/src/data/wallplugs/test_public/bad/007_shift_2.png,2048,2448,1.0
wallplugs,test_public,/content/msila/src/data/wallplugs/test_public/bad/007_underexposed.png,2048,2448,1.0
wallplugs,test_public,/content/msila/src/data/wallplugs/test_public/bad/010_overexposed.png,2048,2448,1.0
wallplugs,test_public,/content/msila/src/data/wallplugs/test_public/bad/002_shift_2.png,2048,2448,1.0
wallplugs,test_public,/content/msila/src/data/wallplugs/test_public/good/009_overexposed.png,2048,2448,1.0
wallplugs,test_public,/content/msila/src/data/wallplugs/test_public/good/003_shift_1.png,2048,2448,1.0
wallplugs,test_public,/content/msila/src/data/wallplugs/test_public/good/003_overexposed.png,2048,2448,1.0
wallplugs,test_public,/content/msila/src/data/wallplugs/test_public/good/002_shift_3.png,2048,2448,1.0
wallplugs,test_public,/content/msila/src/data/wallplugs/test_public/good/003_regular.png,2048,2448,1.0
wallplugs,test_public,/content/msila/src/data/wallplugs/test_public/good/000_regular.png,2048,2448,1.0
wallplugs,test_public,/content/msila/src/data/wallplugs/test_public/good/008_underexposed.png,2048,2448,1.0
wallplugs,test_public,/content/msila/src/data/wallplugs/test_public/good/004_shift_2.png,2048,2448,1.0
wallplugs,test_public,/content/msila/src/data/wallplugs/test_public/good/000_shift_3.png,2048,2448,1.0
wallplugs,test_public,/content/msila/src/data/wallplugs/test_public/good/005_overexposed.png,2048,2448,1.0
wallplugs,test_public,/content/msila/src/data/wallplugs/test_public/good/001_shift_1.png,2048,2448,1.0
wallplugs,test_public,/content/msila/src/data/wallplugs/test_public/good/004_shift_1.png,2048,2448,1.0
wallplugs,test_public,/content/msila/src/data/wallplugs/test_public/good/007_overexposed.png,2048,2448,1.0
wallplugs,test_public,/content/msila/src/data/wallplugs/test_public/good/009_regular.png,2048,2448,1.0
wallplugs,test_public,/content/msila/src/data/wallplugs/test_public/good/008_shift_3.png,2048,2448,1.0
wallplugs,test_public,/content/msila/src/data/wallplugs/test_public/good/009_shift_3.png,2048,2448,1.0
wallplugs,test_public,/content/msila/src/data/wallplugs/test_public/good/005_shift_1.png,2048,2448,1.0
wallplugs,test_public,/content/msila/src/data/wallplugs/test_public/good/003_shift_3.png,2048,2448,1.0
wallplugs,test_public,/content/msila/src/data/wallplugs/test_public/good/004_underexposed.png,2048,2448,1.0
wallplugs,test_public,/content/msila/src/data/wallplugs/test_public/good/000_shift_2.png,2048,2448,1.0
wallplugs,test_public,/content/msila/src/data/wallplugs/test_public/good/005_shift_2.png,2048,2448,1.0
wallplugs,test_public,/content/msila/src/data/wallplugs/test_public/good/004_shift_3.png,2048,2448,1.0
wallplugs,test_public,/content/msila/src/data/wallplugs/test_public/good/002_overexposed.png,2048,2448,1.0
wallplugs,test_public,/content/msila/src/data/wallplugs/test_public/good/006_regular.png,2048,2448,1.0
wallplugs,test_public,/content/msila/src/data/wallplugs/test_public/good/006_overexposed.png,2048,2448,1.0
wallplugs,test_public,/content/msila/src/data/wallplugs/test_public/good/005_underexposed.png,2048,2448,1.0
wallplugs,test_public,/content/msila/src/data/wallplugs/test_public/good/009_shift_2.png,2048,2448,1.0
wallplugs,test_public,/content/msila/src/data/wallplugs/test_public/good/006_underexposed.png,2048,2448,1.0
wallplugs,test_public,/content/msila/src/data/wallplugs/test_public/good/007_shift_1.png,2048,2448,1.0
wallplugs,test_public,/content/msila/src/data/wallplugs/test_public/good/001_underexposed.png,2048,2448,1.0
wallplugs,test_public,/content/msila/src/data/wallplugs/test_public/good/006_shift_3.png,2048,2448,1.0
wallplugs,test_public,/content/msila/src/data/wallplugs/test_public/good/005_regular.png,2048,2448,1.0
wallplugs,test_public,/content/msila/src/data/wallplugs/test_public/good/009_underexposed.png,2048,2448,1.0
wallplugs,test_public,/content/msila/src/data/wallplugs/test_public/good/000_overexposed.png,2048,2448,1.0
wallplugs,test_public,/content/msila/src/data/wallplugs/test_public/good/009_shift_1.png,2048,2448,1.0
wallplugs,test_public,/content/msila/src/data/wallplugs/test_public/good/005_shift_3.png,2048,2448,1.0
wallplugs,test_public,/content/msila/src/data/wallplugs/test_public/good/002_regular.png,2048,2448,1.0
wallplugs,test_public,/content/msila/src/data/wallplugs/test_public/good/008_shift_2.png,2048,2448,1.0
wallplugs,test_public,/content/msila/src/data/wallplugs/test_public/good/008_overexposed.png,2048,2448,1.0
wallplugs,test_public,/content/msila/src/data/wallplugs/test_public/good/000_shift_1.png,2048,2448,1.0
wallplugs,test_public,/content/msila/src/data/wallplugs/test_public/good/006_shift_1.png,2048,2448,1.0
wallplugs,test_public,/content/msila/src/data/wallplugs/test_public/good/002_shift_1.png,2048,2448,1.0
wallplugs,test_public,/content/msila/src/data/wallplugs/test_public/good/004_overexposed.png,2048,2448,1.0
wallplugs,test_public,/content/msila/src/data/wallplugs/test_public/good/004_regular.png,2048,2448,1.0
wallplugs,test_public,/content/msila/src/data/wallplugs/test_public/good/003_shift_2.png,2048,2448,1.0
wallplugs,test_public,/content/msila/src/data/wallplugs/test_public/good/001_shift_2.png,2048,2448,1.0
wallplugs,test_public,/content/msila/src/data/wallplugs/test_public/good/008_shift_1.png,2048,2448,1.0
wallplugs,test_public,/content/msila/src/data/wallplugs/test_public/good/001_overexposed.png,2048,2448,1.0
wallplugs,test_public,/content/msila/src/data/wallplugs/test_public/good/000_underexposed.png,2048,2448,1.0
wallplugs,test_public,/content/msila/src/data/wallplugs/test_public/good/002_underexposed.png,2048,2448,1.0
wallplugs,test_public,/content/msila/src/data/wallplugs/test_public/good/007_regular.png,2048,2448,1.0
wallplugs,test_public,/content/msila/src/data/wallplugs/test_public/good/007_shift_3.png,2048,2448,1.0
wallplugs,test_public,/content/msila/src/data/wallplugs/test_public/good/001_regular.png,2048,2448,1.0
wallplugs,test_public,/content/msila/src/data/wallplugs/test_public/good/003_underexposed.png,2048,2448,1.0
wallplugs,test_public,/content/msila/src/data/wallplugs/test_public/good/008_regular.png,2048,2448,1.0
wallplugs,test_public,/content/msila/src/data/wallplugs/test_public/good/006_shift_2.png,2048,2448,1.0
wallplugs,test_public,/content/msila/src/data/wallplugs/test_public/good/001_shift_3.png,2048,2448,1.0
wallplugs,test_public,/content/msila/src/data/wallplugs/test_public/good/007_shift_2.png,2048,2448,1.0
wallplugs,test_public,/content/msila/src/data/wallplugs/test_public/good/007_underexposed.png,2048,2448,1.0
wallplugs,test_public,/content/msila/src/data/wallplugs/test_public/good/002_shift_2.png,2048,2448,1.0
can,test_private_mixed,/content/msila/src/data/can/test_private_mixed/098_mixed.png,1024,2232,1.0
can,test_private_mixed,/content/msila/src/data/can/test_private_mixed/055_mixed.png,1024,2232,1.0
can,test_private_mixed,/content/msila/src/data/can/test_private_mixed/268_mixed.png,1024,2232,1.0
can,test_private_mixed,/content/msila/src/data/can/test_private_mixed/159_mixed.png,1024,2232,1.0
can,test_private_mixed,/content/msila/src/data/can/test_private_mixed/084_mixed.png,1024,2232,1.0
can,test_private_mixed,/content/msila/src/data/can/test_private_mixed/015_mixed.png,1024,2232,1.0
can,test_private_mixed,/content/msila/src/data/can/test_private_mixed/311_mixed.png,1024,2232,1.0
can,test_private_mixed,/content/msila/src/data/can/test_private_mixed/027_mixed.png,1024,2232,1.0
can,test_private_mixed,/content/msila/src/data/can/test_private_mixed/170_mixed.png,1024,2232,1.0
can,test_private_mixed,/content/msila/src/data/can/test_private_mixed/277_mixed.png,1024,2232,1.0
can,test_private_mixed,/content/msila/src/data/can/test_private_mixed/147_mixed.png,1024,2232,1.0
can,test_private_mixed,/content/msila/src/data/can/test_private_mixed/156_mixed.png,1024,2232,1.0
can,test_private_mixed,/content/msila/src/data/can/test_private_mixed/184_mixed.png,1024,2232,1.0
can,test_private_mixed,/content/msila/src/data/can/test_private_mixed/044_mixed.png,1024,2232,1.0
can,test_private_mixed,/content/msila/src/data/can/test_private_mixed/018_mixed.png,1024,2232,1.0
can,test_private_mixed,/content/msila/src/data/can/test_private_mixed/020_mixed.png,1024,2232,1.0
can,test_private_mixed,/content/msila/src/data/can/test_private_mixed/067_mixed.png,1024,2232,1.0
can,test_private_mixed,/content/msila/src/data/can/test_private_mixed/080_mixed.png,1024,2232,1.0
can,test_private_mixed,/content/msila/src/data/can/test_private_mixed/295_mixed.png,1024,2232,1.0
can,test_private_mixed,/content/msila/src/data/can/test_private_mixed/298_mixed.png,1024,2232,1.0
can,test_private_mixed,/content/msila/src/data/can/test_private_mixed/275_mixed.png,1024,2232,1.0
can,test_private_mixed,/content/msila/src/data/can/test_private_mixed/272_mixed.png,1024,2232,1.0
can,test_private_mixed,/content/msila/src/data/can/test_private_mixed/285_mixed.png,1024,2232,1.0
can,test_private_mixed,/content/msila/src/data/can/test_private_mixed/310_mixed.png,1024,2232,1.0
can,test_private_mixed,/content/msila/src/data/can/test_private_mixed/316_mixed.png,1024,2232,1.0
can,test_private_mixed,/content/msila/src/data/can/test_private_mixed/092_mixed.png,1024,2232,1.0
can,test_private_mixed,/content/msila/src/data/can/test_private_mixed/237_mixed.png,1024,2232,1.0
can,test_private_mixed,/content/msila/src/data/can/test_private_mixed/066_mixed.png,1024,2232,1.0
can,test_private_mixed,/content/msila/src/data/can/test_private_mixed/187_mixed.png,1024,2232,1.0
can,test_private_mixed,/content/msila/src/data/can/test_private_mixed/070_mixed.png,1024,2232,1.0
can,test_private_mixed,/content/msila/src/data/can/test_private_mixed/243_mixed.png,1024,2232,1.0
can,test_private_mixed,/content/msila/src/data/can/test_private_mixed/231_mixed.png,1024,2232,1.0
can,test_private_mixed,/content/msila/src/data/can/test_private_mixed/308_mixed.png,1024,2232,1.0
can,test_private_mixed,/content/msila/src/data/can/test_private_mixed/218_mixed.png,1024,2232,1.0
can,test_private_mixed,/content/msila/src/data/can/test_private_mixed/074_mixed.png,1024,2232,1.0
can,test_private_mixed,/content/msila/src/data/can/test_private_mixed/069_mixed.png,1024,2232,1.0
can,test_private_mixed,/content/msila/src/data/can/test_private_mixed/154_mixed.png,1024,2232,1.0
can,test_private_mixed,/content/msila/src/data/can/test_private_mixed/016_mixed.png,1024,2232,1.0
can,test_private_mixed,/content/msila/src/data/can/test_private_mixed/118_mixed.png,1024,2232,1.0
can,test_private_mixed,/content/msila/src/data/can/test_private_mixed/234_mixed.png,1024,2232,1.0
can,test_private_mixed,/content/msila/src/data/can/test_private_mixed/198_mixed.png,1024,2232,1.0
can,test_private_mixed,/content/msila/src/data/can/test_private_mixed/248_mixed.png,1024,2232,1.0
can,test_private_mixed,/content/msila/src/data/can/test_private_mixed/037_mixed.png,1024,2232,1.0
can,test_private_mixed,/content/msila/src/data/can/test_private_mixed/161_mixed.png,1024,2232,1.0
can,test_private_mixed,/content/msila/src/data/can/test_private_mixed/167_mixed.png,1024,2232,1.0
can,test_private_mixed,/content/msila/src/data/can/test_private_mixed/247_mixed.png,1024,2232,1.0
can,test_private_mixed,/content/msila/src/data/can/test_private_mixed/079_mixed.png,1024,2232,1.0
can,test_private_mixed,/content/msila/src/data/can/test_private_mixed/000_mixed.png,1024,2232,1.0
can,test_private_mixed,/content/msila/src/data/can/test_private_mixed/081_mixed.png,1024,2232,1.0
can,test_private_mixed,/content/msila/src/data/can/test_private_mixed/082_mixed.png,1024,2232,1.0
can,test_private_mixed,/content/msila/src/data/can/test_private_mixed/039_mixed.png,1024,2232,1.0
can,test_private_mixed,/content/msila/src/data/can/test_private_mixed/126_mixed.png,1024,2232,1.0
can,test_private_mixed,/content/msila/src/data/can/test_private_mixed/191_mixed.png,1024,2232,1.0
can,test_private_mixed,/content/msila/src/data/can/test_private_mixed/150_mixed.png,1024,2232,1.0
can,test_private_mixed,/content/msila/src/data/can/test_private_mixed/264_mixed.png,1024,2232,1.0
can,test_private_mixed,/content/msila/src/data/can/test_private_mixed/059_mixed.png,1024,2232,1.0
can,test_private_mixed,/content/msila/src/data/can/test_private_mixed/035_mixed.png,1024,2232,1.0
can,test_private_mixed,/content/msila/src/data/can/test_private_mixed/294_mixed.png,1024,2232,1.0
can,test_private_mixed,/content/msila/src/data/can/test_private_mixed/116_mixed.png,1024,2232,1.0
can,test_private_mixed,/content/msila/src/data/can/test_private_mixed/302_mixed.png,1024,2232,1.0
can,test_private_mixed,/content/msila/src/data/can/test_private_mixed/062_mixed.png,1024,2232,1.0
can,test_private_mixed,/content/msila/src/data/can/test_private_mixed/182_mixed.png,1024,2232,1.0
can,test_private_mixed,/content/msila/src/data/can/test_private_mixed/296_mixed.png,1024,2232,1.0
can,test_private_mixed,/content/msila/src/data/can/test_private_mixed/138_mixed.png,1024,2232,1.0
can,test_private_mixed,/content/msila/src/data/can/test_private_mixed/252_mixed.png,1024,2232,1.0
can,test_private_mixed,/content/msila/src/data/can/test_private_mixed/291_mixed.png,1024,2232,1.0
can,test_private_mixed,/content/msila/src/data/can/test_private_mixed/158_mixed.png,1024,2232,1.0
can,test_private_mixed,/content/msila/src/data/can/test_private_mixed/028_mixed.png,1024,2232,1.0
can,test_private_mixed,/content/msila/src/data/can/test_private_mixed/205_mixed.png,1024,2232,1.0
can,test_private_mixed,/content/msila/src/data/can/test_private_mixed/012_mixed.png,1024,2232,1.0
can,test_private_mixed,/content/msila/src/data/can/test_private_mixed/071_mixed.png,1024,2232,1.0
can,test_private_mixed,/content/msila/src/data/can/test_private_mixed/309_mixed.png,1024,2232,1.0
can,test_private_mixed,/content/msila/src/data/can/test_private_mixed/297_mixed.png,1024,2232,1.0
can,test_private_mixed,/content/msila/src/data/can/test_private_mixed/242_mixed.png,1024,2232,1.0
can,test_private_mixed,/content/msila/src/data/can/test_private_mixed/017_mixed.png,1024,2232,1.0
can,test_private_mixed,/content/msila/src/data/can/test_private_mixed/175_mixed.png,1024,2232,1.0
can,test_private_mixed,/content/msila/src/data/can/test_private_mixed/188_mixed.png,1024,2232,1.0
can,test_private_mixed,/content/msila/src/data/can/test_private_mixed/006_mixed.png,1024,2232,1.0
can,test_private_mixed,/content/msila/src/data/can/test_private_mixed/222_mixed.png,1024,2232,1.0
can,test_private_mixed,/content/msila/src/data/can/test_private_mixed/244_mixed.png,1024,2232,1.0
can,test_private_mixed,/content/msila/src/data/can/test_private_mixed/146_mixed.png,1024,2232,1.0
can,test_private_mixed,/content/msila/src/data/can/test_private_mixed/217_mixed.png,1024,2232,1.0
can,test_private_mixed,/content/msila/src/data/can/test_private_mixed/163_mixed.png,1024,2232,1.0
can,test_private_mixed,/content/msila/src/data/can/test_private_mixed/260_mixed.png,1024,2232,1.0
can,test_private_mixed,/content/msila/src/data/can/test_private_mixed/301_mixed.png,1024,2232,1.0
can,test_private_mixed,/content/msila/src/data/can/test_private_mixed/047_mixed.png,1024,2232,1.0
can,test_private_mixed,/content/msila/src/data/can/test_private_mixed/232_mixed.png,1024,2232,1.0
can,test_private_mixed,/content/msila/src/data/can/test_private_mixed/155_mixed.png,1024,2232,1.0
can,test_private_mixed,/content/msila/src/data/can/test_private_mixed/169_mixed.png,1024,2232,1.0
can,test_private_mixed,/content/msila/src/data/can/test_private_mixed/189_mixed.png,1024,2232,1.0
can,test_private_mixed,/content/msila/src/data/can/test_private_mixed/050_mixed.png,1024,2232,1.0
can,test_private_mixed,/content/msila/src/data/can/test_private_mixed/119_mixed.png,1024,2232,1.0
can,test_private_mixed,/content/msila/src/data/can/test_private_mixed/262_mixed.png,1024,2232,1.0
can,test_private_mixed,/content/msila/src/data/can/test_private_mixed/259_mixed.png,1024,2232,1.0
can,test_private_mixed,/content/msila/src/data/can/test_private_mixed/196_mixed.png,1024,2232,1.0
can,test_private_mixed,/content/msila/src/data/can/test_private_mixed/236_mixed.png,1024,2232,1.0
can,test_private_mixed,/content/msila/src/data/can/test_private_mixed/106_mixed.png,1024,2232,1.0
can,test_private_mixed,/content/msila/src/data/can/test_private_mixed/034_mixed.png,1024,2232,1.0
can,test_private_mixed,/content/msila/src/data/can/test_private_mixed/104_mixed.png,1024,2232,1.0
can,test_private_mixed,/content/msila/src/data/can/test_private_mixed/091_mixed.png,1024,2232,1.0
can,test_private_mixed,/content/msila/src/data/can/test_private_mixed/246_mixed.png,1024,2232,1.0
can,test_private_mixed,/content/msila/src/data/can/test_private_mixed/086_mixed.png,1024,2232,1.0
can,test_private_mixed,/content/msila/src/data/can/test_private_mixed/178_mixed.png,1024,2232,1.0
can,test_private_mixed,/content/msila/src/data/can/test_private_mixed/166_mixed.png,1024,2232,1.0
can,test_private_mixed,/content/msila/src/data/can/test_private_mixed/127_mixed.png,1024,2232,1.0
can,test_private_mixed,/content/msila/src/data/can/test_private_mixed/123_mixed.png,1024,2232,1.0
can,test_private_mixed,/content/msila/src/data/can/test_private_mixed/194_mixed.png,1024,2232,1.0
can,test_private_mixed,/content/msila/src/data/can/test_private_mixed/193_mixed.png,1024,2232,1.0
can,test_private_mixed,/content/msila/src/data/can/test_private_mixed/206_mixed.png,1024,2232,1.0
can,test_private_mixed,/content/msila/src/data/can/test_private_mixed/148_mixed.png,1024,2232,1.0
can,test_private_mixed,/content/msila/src/data/can/test_private_mixed/278_mixed.png,1024,2232,1.0
can,test_private_mixed,/content/msila/src/data/can/test_private_mixed/162_mixed.png,1024,2232,1.0
can,test_private_mixed,/content/msila/src/data/can/test_private_mixed/002_mixed.png,1024,2232,1.0
can,test_private_mixed,/content/msila/src/data/can/test_private_mixed/130_mixed.png,1024,2232,1.0
can,test_private_mixed,/content/msila/src/data/can/test_private_mixed/210_mixed.png,1024,2232,1.0
can,test_private_mixed,/content/msila/src/data/can/test_private_mixed/251_mixed.png,1024,2232,1.0
can,test_private_mixed,/content/msila/src/data/can/test_private_mixed/048_mixed.png,1024,2232,1.0
can,test_private_mixed,/content/msila/src/data/can/test_private_mixed/290_mixed.png,1024,2232,1.0
can,test_private_mixed,/content/msila/src/data/can/test_private_mixed/157_mixed.png,1024,2232,1.0
can,test_private_mixed,/content/msila/src/data/can/test_private_mixed/266_mixed.png,1024,2232,1.0
can,test_private_mixed,/content/msila/src/data/can/test_private_mixed/008_mixed.png,1024,2232,1.0
can,test_private_mixed,/content/msila/src/data/can/test_private_mixed/239_mixed.png,1024,2232,1.0
can,test_private_mixed,/content/msila/src/data/can/test_private_mixed/013_mixed.png,1024,2232,1.0
can,test_private_mixed,/content/msila/src/data/can/test_private_mixed/137_mixed.png,1024,2232,1.0
can,test_private_mixed,/content/msila/src/data/can/test_private_mixed/177_mixed.png,1024,2232,1.0
can,test_private_mixed,/content/msila/src/data/can/test_private_mixed/061_mixed.png,1024,2232,1.0
can,test_private_mixed,/content/msila/src/data/can/test_private_mixed/313_mixed.png,1024,2232,1.0
can,test_private_mixed,/content/msila/src/data/can/test_private_mixed/122_mixed.png,1024,2232,1.0
can,test_private_mixed,/content/msila/src/data/can/test_private_mixed/179_mixed.png,1024,2232,1.0
can,test_private_mixed,/content/msila/src/data/can/test_private_mixed/230_mixed.png,1024,2232,1.0
can,test_private_mixed,/content/msila/src/data/can/test_private_mixed/226_mixed.png,1024,2232,1.0
can,test_private_mixed,/content/msila/src/data/can/test_private_mixed/113_mixed.png,1024,2232,1.0
can,test_private_mixed,/content/msila/src/data/can/test_private_mixed/273_mixed.png,1024,2232,1.0
can,test_private_mixed,/content/msila/src/data/can/test_private_mixed/095_mixed.png,1024,2232,1.0
can,test_private_mixed,/content/msila/src/data/can/test_private_mixed/060_mixed.png,1024,2232,1.0
can,test_private_mixed,/content/msila/src/data/can/test_private_mixed/181_mixed.png,1024,2232,1.0
can,test_private_mixed,/content/msila/src/data/can/test_private_mixed/168_mixed.png,1024,2232,1.0
can,test_private_mixed,/content/msila/src/data/can/test_private_mixed/192_mixed.png,1024,2232,1.0
can,test_private_mixed,/content/msila/src/data/can/test_private_mixed/292_mixed.png,1024,2232,1.0
can,test_private_mixed,/content/msila/src/data/can/test_private_mixed/078_mixed.png,1024,2232,1.0
can,test_private_mixed,/content/msila/src/data/can/test_private_mixed/117_mixed.png,1024,2232,1.0
can,test_private_mixed,/content/msila/src/data/can/test_private_mixed/314_mixed.png,1024,2232,1.0
can,test_private_mixed,/content/msila/src/data/can/test_private_mixed/289_mixed.png,1024,2232,1.0
can,test_private_mixed,/content/msila/src/data/can/test_private_mixed/089_mixed.png,1024,2232,1.0
can,test_private_mixed,/content/msila/src/data/can/test_private_mixed/279_mixed.png,1024,2232,1.0
can,test_private_mixed,/content/msila/src/data/can/test_private_mixed/058_mixed.png,1024,2232,1.0
can,test_private_mixed,/content/msila/src/data/can/test_private_mixed/133_mixed.png,1024,2232,1.0
can,test_private_mixed,/content/msila/src/data/can/test_private_mixed/263_mixed.png,1024,2232,1.0
can,test_private_mixed,/content/msila/src/data/can/test_private_mixed/254_mixed.png,1024,2232,1.0
can,test_private_mixed,/content/msila/src/data/can/test_private_mixed/208_mixed.png,1024,2232,1.0
can,test_private_mixed,/content/msila/src/data/can/test_private_mixed/173_mixed.png,1024,2232,1.0
can,test_private_mixed,/content/msila/src/data/can/test_private_mixed/054_mixed.png,1024,2232,1.0
can,test_private_mixed,/content/msila/src/data/can/test_private_mixed/250_mixed.png,1024,2232,1.0
can,test_private_mixed,/content/msila/src/data/can/test_private_mixed/134_mixed.png,1024,2232,1.0
can,test_private_mixed,/content/msila/src/data/can/test_private_mixed/124_mixed.png,1024,2232,1.0
can,test_private_mixed,/content/msila/src/data/can/test_private_mixed/219_mixed.png,1024,2232,1.0
can,test_private_mixed,/content/msila/src/data/can/test_private_mixed/270_mixed.png,1024,2232,1.0
can,test_private_mixed,/content/msila/src/data/can/test_private_mixed/303_mixed.png,1024,2232,1.0
can,test_private_mixed,/content/msila/src/data/can/test_private_mixed/019_mixed.png,1024,2232,1.0
can,test_private_mixed,/content/msila/src/data/can/test_private_mixed/029_mixed.png,1024,2232,1.0
can,test_private_mixed,/content/msila/src/data/can/test_private_mixed/287_mixed.png,1024,2232,1.0
can,test_private_mixed,/content/msila/src/data/can/test_private_mixed/203_mixed.png,1024,2232,1.0
can,test_private_mixed,/content/msila/src/data/can/test_private_mixed/149_mixed.png,1024,2232,1.0
can,test_private_mixed,/content/msila/src/data/can/test_private_mixed/209_mixed.png,1024,2232,1.0
can,test_private_mixed,/content/msila/src/data/can/test_private_mixed/087_mixed.png,1024,2232,1.0
can,test_private_mixed,/content/msila/src/data/can/test_private_mixed/129_mixed.png,1024,2232,1.0
can,test_private_mixed,/content/msila/src/data/can/test_private_mixed/099_mixed.png,1024,2232,1.0
can,test_private_mixed,/content/msila/src/data/can/test_private_mixed/213_mixed.png,1024,2232,1.0
can,test_private_mixed,/content/msila/src/data/can/test_private_mixed/041_mixed.png,1024,2232,1.0
can,test_private_mixed,/content/msila/src/data/can/test_private_mixed/319_mixed.png,1024,2232,1.0
can,test_private_mixed,/content/msila/src/data/can/test_private_mixed/036_mixed.png,1024,2232,1.0
can,test_private_mixed,/content/msila/src/data/can/test_private_mixed/100_mixed.png,1024,2232,1.0
can,test_private_mixed,/content/msila/src/data/can/test_private_mixed/245_mixed.png,1024,2232,1.0
can,test_private_mixed,/content/msila/src/data/can/test_private_mixed/076_mixed.png,1024,2232,1.0
can,test_private_mixed,/content/msila/src/data/can/test_private_mixed/240_mixed.png,1024,2232,1.0
can,test_private_mixed,/content/msila/src/data/can/test_private_mixed/235_mixed.png,1024,2232,1.0
can,test_private_mixed,/content/msila/src/data/can/test_private_mixed/228_mixed.png,1024,2232,1.0
can,test_private_mixed,/content/msila/src/data/can/test_private_mixed/108_mixed.png,1024,2232,1.0
can,test_private_mixed,/content/msila/src/data/can/test_private_mixed/152_mixed.png,1024,2232,1.0
can,test_private_mixed,/content/msila/src/data/can/test_private_mixed/052_mixed.png,1024,2232,1.0
can,test_private_mixed,/content/msila/src/data/can/test_private_mixed/051_mixed.png,1024,2232,1.0
can,test_private_mixed,/content/msila/src/data/can/test_private_mixed/320_mixed.png,1024,2232,1.0
can,test_private_mixed,/content/msila/src/data/can/test_private_mixed/097_mixed.png,1024,2232,1.0
can,test_private_mixed,/content/msila/src/data/can/test_private_mixed/101_mixed.png,1024,2232,1.0
can,test_private_mixed,/content/msila/src/data/can/test_private_mixed/183_mixed.png,1024,2232,1.0
can,test_private_mixed,/content/msila/src/data/can/test_private_mixed/145_mixed.png,1024,2232,1.0
can,test_private_mixed,/content/msila/src/data/can/test_private_mixed/211_mixed.png,1024,2232,1.0
can,test_private_mixed,/content/msila/src/data/can/test_private_mixed/286_mixed.png,1024,2232,1.0
can,test_private_mixed,/content/msila/src/data/can/test_private_mixed/171_mixed.png,1024,2232,1.0
can,test_private_mixed,/content/msila/src/data/can/test_private_mixed/033_mixed.png,1024,2232,1.0
can,test_private_mixed,/content/msila/src/data/can/test_private_mixed/212_mixed.png,1024,2232,1.0
can,test_private_mixed,/content/msila/src/data/can/test_private_mixed/085_mixed.png,1024,2232,1.0
can,test_private_mixed,/content/msila/src/data/can/test_private_mixed/269_mixed.png,1024,2232,1.0
can,test_private_mixed,/content/msila/src/data/can/test_private_mixed/139_mixed.png,1024,2232,1.0
can,test_private_mixed,/content/msila/src/data/can/test_private_mixed/111_mixed.png,1024,2232,1.0
can,test_private_mixed,/content/msila/src/data/can/test_private_mixed/032_mixed.png,1024,2232,1.0
can,test_private_mixed,/content/msila/src/data/can/test_private_mixed/075_mixed.png,1024,2232,1.0
can,test_private_mixed,/content/msila/src/data/can/test_private_mixed/011_mixed.png,1024,2232,1.0
can,test_private_mixed,/content/msila/src/data/can/test_private_mixed/107_mixed.png,1024,2232,1.0
can,test_private_mixed,/content/msila/src/data/can/test_private_mixed/215_mixed.png,1024,2232,1.0
can,test_private_mixed,/content/msila/src/data/can/test_private_mixed/214_mixed.png,1024,2232,1.0
can,test_private_mixed,/content/msila/src/data/can/test_private_mixed/202_mixed.png,1024,2232,1.0
can,test_private_mixed,/content/msila/src/data/can/test_private_mixed/221_mixed.png,1024,2232,1.0
can,test_private_mixed,/content/msila/src/data/can/test_private_mixed/049_mixed.png,1024,2232,1.0
can,test_private_mixed,/content/msila/src/data/can/test_private_mixed/128_mixed.png,1024,2232,1.0
can,test_private_mixed,/content/msila/src/data/can/test_private_mixed/102_mixed.png,1024,2232,1.0
can,test_private_mixed,/content/msila/src/data/can/test_private_mixed/176_mixed.png,1024,2232,1.0
can,test_private_mixed,/content/msila/src/data/can/test_private_mixed/281_mixed.png,1024,2232,1.0
can,test_private_mixed,/content/msila/src/data/can/test_private_mixed/200_mixed.png,1024,2232,1.0
can,test_private_mixed,/content/msila/src/data/can/test_private_mixed/185_mixed.png,1024,2232,1.0
can,test_private_mixed,/content/msila/src/data/can/test_private_mixed/190_mixed.png,1024,2232,1.0
can,test_private_mixed,/content/msila/src/data/can/test_private_mixed/064_mixed.png,1024,2232,1.0
can,test_private_mixed,/content/msila/src/data/can/test_private_mixed/010_mixed.png,1024,2232,1.0
can,test_private_mixed,/content/msila/src/data/can/test_private_mixed/083_mixed.png,1024,2232,1.0
can,test_private_mixed,/content/msila/src/data/can/test_private_mixed/172_mixed.png,1024,2232,1.0
can,test_private_mixed,/content/msila/src/data/can/test_private_mixed/005_mixed.png,1024,2232,1.0
can,test_private_mixed,/content/msila/src/data/can/test_private_mixed/046_mixed.png,1024,2232,1.0
can,test_private_mixed,/content/msila/src/data/can/test_private_mixed/238_mixed.png,1024,2232,1.0
can,test_private_mixed,/content/msila/src/data/can/test_private_mixed/022_mixed.png,1024,2232,1.0
can,test_private_mixed,/content/msila/src/data/can/test_private_mixed/026_mixed.png,1024,2232,1.0
can,test_private_mixed,/content/msila/src/data/can/test_private_mixed/256_mixed.png,1024,2232,1.0
can,test_private_mixed,/content/msila/src/data/can/test_private_mixed/204_mixed.png,1024,2232,1.0
can,test_private_mixed,/content/msila/src/data/can/test_private_mixed/274_mixed.png,1024,2232,1.0
can,test_private_mixed,/content/msila/src/data/can/test_private_mixed/040_mixed.png,1024,2232,1.0
can,test_private_mixed,/content/msila/src/data/can/test_private_mixed/195_mixed.png,1024,2232,1.0
can,test_private_mixed,/content/msila/src/data/can/test_private_mixed/073_mixed.png,1024,2232,1.0
can,test_private_mixed,/content/msila/src/data/can/test_private_mixed/004_mixed.png,1024,2232,1.0
can,test_private_mixed,/content/msila/src/data/can/test_private_mixed/057_mixed.png,1024,2232,1.0
can,test_private_mixed,/content/msila/src/data/can/test_private_mixed/174_mixed.png,1024,2232,1.0
can,test_private_mixed,/content/msila/src/data/can/test_private_mixed/143_mixed.png,1024,2232,1.0
can,test_private_mixed,/content/msila/src/data/can/test_private_mixed/068_mixed.png,1024,2232,1.0
can,test_private_mixed,/content/msila/src/data/can/test_private_mixed/038_mixed.png,1024,2232,1.0
can,test_private_mixed,/content/msila/src/data/can/test_private_mixed/165_mixed.png,1024,2232,1.0
can,test_private_mixed,/content/msila/src/data/can/test_private_mixed/114_mixed.png,1024,2232,1.0
can,test_private_mixed,/content/msila/src/data/can/test_private_mixed/151_mixed.png,1024,2232,1.0
can,test_private_mixed,/content/msila/src/data/can/test_private_mixed/105_mixed.png,1024,2232,1.0
can,test_private_mixed,/content/msila/src/data/can/test_private_mixed/021_mixed.png,1024,2232,1.0
can,test_private_mixed,/content/msila/src/data/can/test_private_mixed/307_mixed.png,1024,2232,1.0
can,test_private_mixed,/content/msila/src/data/can/test_private_mixed/090_mixed.png,1024,2232,1.0
can,test_private_mixed,/content/msila/src/data/can/test_private_mixed/271_mixed.png,1024,2232,1.0
can,test_private_mixed,/content/msila/src/data/can/test_private_mixed/199_mixed.png,1024,2232,1.0
can,test_private_mixed,/content/msila/src/data/can/test_private_mixed/300_mixed.png,1024,2232,1.0
can,test_private_mixed,/content/msila/src/data/can/test_private_mixed/306_mixed.png,1024,2232,1.0
can,test_private_mixed,/content/msila/src/data/can/test_private_mixed/056_mixed.png,1024,2232,1.0
can,test_private_mixed,/content/msila/src/data/can/test_private_mixed/135_mixed.png,1024,2232,1.0
can,test_private_mixed,/content/msila/src/data/can/test_private_mixed/024_mixed.png,1024,2232,1.0
can,test_private_mixed,/content/msila/src/data/can/test_private_mixed/227_mixed.png,1024,2232,1.0
can,test_private_mixed,/content/msila/src/data/can/test_private_mixed/072_mixed.png,1024,2232,1.0
can,test_private_mixed,/content/msila/src/data/can/test_private_mixed/030_mixed.png,1024,2232,1.0
can,test_private_mixed,/content/msila/src/data/can/test_private_mixed/140_mixed.png,1024,2232,1.0
can,test_private_mixed,/content/msila/src/data/can/test_private_mixed/312_mixed.png,1024,2232,1.0
can,test_private_mixed,/content/msila/src/data/can/test_private_mixed/216_mixed.png,1024,2232,1.0
can,test_private_mixed,/content/msila/src/data/can/test_private_mixed/261_mixed.png,1024,2232,1.0
can,test_private_mixed,/content/msila/src/data/can/test_private_mixed/180_mixed.png,1024,2232,1.0
can,test_private_mixed,/content/msila/src/data/can/test_private_mixed/110_mixed.png,1024,2232,1.0
can,test_private_mixed,/content/msila/src/data/can/test_private_mixed/201_mixed.png,1024,2232,1.0
can,test_private_mixed,/content/msila/src/data/can/test_private_mixed/229_mixed.png,1024,2232,1.0
can,test_private_mixed,/content/msila/src/data/can/test_private_mixed/267_mixed.png,1024,2232,1.0
can,test_private_mixed,/content/msila/src/data/can/test_private_mixed/025_mixed.png,1024,2232,1.0
can,test_private_mixed,/content/msila/src/data/can/test_private_mixed/317_mixed.png,1024,2232,1.0
can,test_private_mixed,/content/msila/src/data/can/test_private_mixed/007_mixed.png,1024,2232,1.0
can,test_private_mixed,/content/msila/src/data/can/test_private_mixed/253_mixed.png,1024,2232,1.0
can,test_private_mixed,/content/msila/src/data/can/test_private_mixed/315_mixed.png,1024,2232,1.0
can,test_private_mixed,/content/msila/src/data/can/test_private_mixed/014_mixed.png,1024,2232,1.0
can,test_private_mixed,/content/msila/src/data/can/test_private_mixed/121_mixed.png,1024,2232,1.0
can,test_private_mixed,/content/msila/src/data/can/test_private_mixed/160_mixed.png,1024,2232,1.0
can,test_private_mixed,/content/msila/src/data/can/test_private_mixed/153_mixed.png,1024,2232,1.0
can,test_private_mixed,/content/msila/src/data/can/test_private_mixed/288_mixed.png,1024,2232,1.0
can,test_private_mixed,/content/msila/src/data/can/test_private_mixed/042_mixed.png,1024,2232,1.0
can,test_private_mixed,/content/msila/src/data/can/test_private_mixed/233_mixed.png,1024,2232,1.0
can,test_private_mixed,/content/msila/src/data/can/test_private_mixed/282_mixed.png,1024,2232,1.0
can,test_private_mixed,/content/msila/src/data/can/test_private_mixed/009_mixed.png,1024,2232,1.0
can,test_private_mixed,/content/msila/src/data/can/test_private_mixed/276_mixed.png,1024,2232,1.0
can,test_private_mixed,/content/msila/src/data/can/test_private_mixed/120_mixed.png,1024,2232,1.0
can,test_private_mixed,/content/msila/src/data/can/test_private_mixed/304_mixed.png,1024,2232,1.0
can,test_private_mixed,/content/msila/src/data/can/test_private_mixed/224_mixed.png,1024,2232,1.0
can,test_private_mixed,/content/msila/src/data/can/test_private_mixed/063_mixed.png,1024,2232,1.0
can,test_private_mixed,/content/msila/src/data/can/test_private_mixed/109_mixed.png,1024,2232,1.0
can,test_private_mixed,/content/msila/src/data/can/test_private_mixed/280_mixed.png,1024,2232,1.0
can,test_private_mixed,/content/msila/src/data/can/test_private_mixed/186_mixed.png,1024,2232,1.0
can,test_private_mixed,/content/msila/src/data/can/test_private_mixed/284_mixed.png,1024,2232,1.0
can,test_private_mixed,/content/msila/src/data/can/test_private_mixed/141_mixed.png,1024,2232,1.0
can,test_private_mixed,/content/msila/src/data/can/test_private_mixed/305_mixed.png,1024,2232,1.0
can,test_private_mixed,/content/msila/src/data/can/test_private_mixed/164_mixed.png,1024,2232,1.0
can,test_private_mixed,/content/msila/src/data/can/test_private_mixed/144_mixed.png,1024,2232,1.0
can,test_private_mixed,/content/msila/src/data/can/test_private_mixed/125_mixed.png,1024,2232,1.0
can,test_private_mixed,/content/msila/src/data/can/test_private_mixed/045_mixed.png,1024,2232,1.0
can,test_private_mixed,/content/msila/src/data/can/test_private_mixed/223_mixed.png,1024,2232,1.0
can,test_private_mixed,/content/msila/src/data/can/test_private_mixed/065_mixed.png,1024,2232,1.0
can,test_private_mixed,/content/msila/src/data/can/test_private_mixed/293_mixed.png,1024,2232,1.0
can,test_private_mixed,/content/msila/src/data/can/test_private_mixed/299_mixed.png,1024,2232,1.0
can,test_private_mixed,/content/msila/src/data/can/test_private_mixed/136_mixed.png,1024,2232,1.0
can,test_private_mixed,/content/msila/src/data/can/test_private_mixed/132_mixed.png,1024,2232,1.0
can,test_private_mixed,/content/msila/src/data/can/test_private_mixed/197_mixed.png,1024,2232,1.0
can,test_private_mixed,/content/msila/src/data/can/test_private_mixed/258_mixed.png,1024,2232,1.0
can,test_private_mixed,/content/msila/src/data/can/test_private_mixed/255_mixed.png,1024,2232,1.0
can,test_private_mixed,/content/msila/src/data/can/test_private_mixed/093_mixed.png,1024,2232,1.0
can,test_private_mixed,/content/msila/src/data/can/test_private_mixed/257_mixed.png,1024,2232,1.0
can,test_private_mixed,/content/msila/src/data/can/test_private_mixed/103_mixed.png,1024,2232,1.0
can,test_private_mixed,/content/msila/src/data/can/test_private_mixed/031_mixed.png,1024,2232,1.0
can,test_private_mixed,/content/msila/src/data/can/test_private_mixed/001_mixed.png,1024,2232,1.0
can,test_private_mixed,/content/msila/src/data/can/test_private_mixed/283_mixed.png,1024,2232,1.0
can,test_private_mixed,/content/msila/src/data/can/test_private_mixed/241_mixed.png,1024,2232,1.0
can,test_private_mixed,/content/msila/src/data/can/test_private_mixed/077_mixed.png,1024,2232,1.0
can,test_private_mixed,/content/msila/src/data/can/test_private_mixed/249_mixed.png,1024,2232,1.0
can,test_private_mixed,/content/msila/src/data/can/test_private_mixed/220_mixed.png,1024,2232,1.0
can,test_private_mixed,/content/msila/src/data/can/test_private_mixed/265_mixed.png,1024,2232,1.0
can,test_private_mixed,/content/msila/src/data/can/test_private_mixed/112_mixed.png,1024,2232,1.0
can,test_private_mixed,/content/msila/src/data/can/test_private_mixed/088_mixed.png,1024,2232,1.0
can,test_private_mixed,/content/msila/src/data/can/test_private_mixed/023_mixed.png,1024,2232,1.0
can,test_private_mixed,/content/msila/src/data/can/test_private_mixed/043_mixed.png,1024,2232,1.0
can,test_private_mixed,/content/msila/src/data/can/test_private_mixed/096_mixed.png,1024,2232,1.0
can,test_private_mixed,/content/msila/src/data/can/test_private_mixed/207_mixed.png,1024,2232,1.0
can,test_private_mixed,/content/msila/src/data/can/test_private_mixed/115_mixed.png,1024,2232,1.0
can,test_private_mixed,/content/msila/src/data/can/test_private_mixed/318_mixed.png,1024,2232,1.0
can,test_private_mixed,/content/msila/src/data/can/test_private_mixed/225_mixed.png,1024,2232,1.0
can,test_private_mixed,/content/msila/src/data/can/test_private_mixed/131_mixed.png,1024,2232,1.0
can,test_private_mixed,/content/msila/src/data/can/test_private_mixed/053_mixed.png,1024,2232,1.0
can,test_private_mixed,/content/msila/src/data/can/test_private_mixed/003_mixed.png,1024,2232,1.0
can,test_private_mixed,/content/msila/src/data/can/test_private_mixed/142_mixed.png,1024,2232,1.0
can,test_private_mixed,/content/msila/src/data/can/test_private_mixed/094_mixed.png,1024,2232,1.0
can,test_private,/content/msila/src/data/can/test_private/126_regular.png,1024,2232,1.0
can,test_private,/content/msila/src/data/can/test_private/160_regular.png,1024,2232,1.0
can,test_private,/content/msila/src/data/can/test_private/306_regular.png,1024,2232,1.0
can,test_private,/content/msila/src/data/can/test_private/023_regular.png,1024,2232,1.0
can,test_private,/content/msila/src/data/can/test_private/057_regular.png,1024,2232,1.0
can,test_private,/content/msila/src/data/can/test_private/140_regular.png,1024,2232,1.0
can,test_private,/content/msila/src/data/can/test_private/019_regular.png,1024,2232,1.0
can,test_private,/content/msila/src/data/can/test_private/146_regular.png,1024,2232,1.0
can,test_private,/content/msila/src/data/can/test_private/217_regular.png,1024,2232,1.0
can,test_private,/content/msila/src/data/can/test_private/258_regular.png,1024,2232,1.0
can,test_private,/content/msila/src/data/can/test_private/128_regular.png,1024,2232,1.0
can,test_private,/content/msila/src/data/can/test_private/233_regular.png,1024,2232,1.0
can,test_private,/content/msila/src/data/can/test_private/041_regular.png,1024,2232,1.0
can,test_private,/content/msila/src/data/can/test_private/069_regular.png,1024,2232,1.0
can,test_private,/content/msila/src/data/can/test_private/216_regular.png,1024,2232,1.0
can,test_private,/content/msila/src/data/can/test_private/209_regular.png,1024,2232,1.0
can,test_private,/content/msila/src/data/can/test_private/164_regular.png,1024,2232,1.0
can,test_private,/content/msila/src/data/can/test_private/142_regular.png,1024,2232,1.0
can,test_private,/content/msila/src/data/can/test_private/085_regular.png,1024,2232,1.0
can,test_private,/content/msila/src/data/can/test_private/046_regular.png,1024,2232,1.0
can,test_private,/content/msila/src/data/can/test_private/219_regular.png,1024,2232,1.0
can,test_private,/content/msila/src/data/can/test_private/056_regular.png,1024,2232,1.0
can,test_private,/content/msila/src/data/can/test_private/229_regular.png,1024,2232,1.0
can,test_private,/content/msila/src/data/can/test_private/304_regular.png,1024,2232,1.0
can,test_private,/content/msila/src/data/can/test_private/261_regular.png,1024,2232,1.0
can,test_private,/content/msila/src/data/can/test_private/178_regular.png,1024,2232,1.0
can,test_private,/content/msila/src/data/can/test_private/143_regular.png,1024,2232,1.0
can,test_private,/content/msila/src/data/can/test_private/248_regular.png,1024,2232,1.0
can,test_private,/content/msila/src/data/can/test_private/017_regular.png,1024,2232,1.0
can,test_private,/content/msila/src/data/can/test_private/301_regular.png,1024,2232,1.0
can,test_private,/content/msila/src/data/can/test_private/048_regular.png,1024,2232,1.0
can,test_private,/content/msila/src/data/can/test_private/118_regular.png,1024,2232,1.0
can,test_private,/content/msila/src/data/can/test_private/312_regular.png,1024,2232,1.0
can,test_private,/content/msila/src/data/can/test_private/195_regular.png,1024,2232,1.0
can,test_private,/content/msila/src/data/can/test_private/025_regular.png,1024,2232,1.0
can,test_private,/content/msila/src/data/can/test_private/230_regular.png,1024,2232,1.0
can,test_private,/content/msila/src/data/can/test_private/129_regular.png,1024,2232,1.0
can,test_private,/content/msila/src/data/can/test_private/215_regular.png,1024,2232,1.0
can,test_private,/content/msila/src/data/can/test_private/003_regular.png,1024,2232,1.0
can,test_private,/content/msila/src/data/can/test_private/182_regular.png,1024,2232,1.0
can,test_private,/content/msila/src/data/can/test_private/299_regular.png,1024,2232,1.0
can,test_private,/content/msila/src/data/can/test_private/059_regular.png,1024,2232,1.0
can,test_private,/content/msila/src/data/can/test_private/000_regular.png,1024,2232,1.0
can,test_private,/content/msila/src/data/can/test_private/054_regular.png,1024,2232,1.0
can,test_private,/content/msila/src/data/can/test_private/281_regular.png,1024,2232,1.0
can,test_private,/content/msila/src/data/can/test_private/012_regular.png,1024,2232,1.0
can,test_private,/content/msila/src/data/can/test_private/293_regular.png,1024,2232,1.0
can,test_private,/content/msila/src/data/can/test_private/114_regular.png,1024,2232,1.0
can,test_private,/content/msila/src/data/can/test_private/050_regular.png,1024,2232,1.0
can,test_private,/content/msila/src/data/can/test_private/078_regular.png,1024,2232,1.0
can,test_private,/content/msila/src/data/can/test_private/252_regular.png,1024,2232,1.0
can,test_private,/content/msila/src/data/can/test_private/196_regular.png,1024,2232,1.0
can,test_private,/content/msila/src/data/can/test_private/192_regular.png,1024,2232,1.0
can,test_private,/content/msila/src/data/can/test_private/127_regular.png,1024,2232,1.0
can,test_private,/content/msila/src/data/can/test_private/277_regular.png,1024,2232,1.0
can,test_private,/content/msila/src/data/can/test_private/080_regular.png,1024,2232,1.0
can,test_private,/content/msila/src/data/can/test_private/097_regular.png,1024,2232,1.0
can,test_private,/content/msila/src/data/can/test_private/033_regular.png,1024,2232,1.0
can,test_private,/content/msila/src/data/can/test_private/177_regular.png,1024,2232,1.0
can,test_private,/content/msila/src/data/can/test_private/314_regular.png,1024,2232,1.0
can,test_private,/content/msila/src/data/can/test_private/110_regular.png,1024,2232,1.0
can,test_private,/content/msila/src/data/can/test_private/273_regular.png,1024,2232,1.0
can,test_private,/content/msila/src/data/can/test_private/231_regular.png,1024,2232,1.0
can,test_private,/content/msila/src/data/can/test_private/173_regular.png,1024,2232,1.0
can,test_private,/content/msila/src/data/can/test_private/153_regular.png,1024,2232,1.0
can,test_private,/content/msila/src/data/can/test_private/065_regular.png,1024,2232,1.0
can,test_private,/content/msila/src/data/can/test_private/241_regular.png,1024,2232,1.0
can,test_private,/content/msila/src/data/can/test_private/096_regular.png,1024,2232,1.0
can,test_private,/content/msila/src/data/can/test_private/268_regular.png,1024,2232,1.0
can,test_private,/content/msila/src/data/can/test_private/292_regular.png,1024,2232,1.0
can,test_private,/content/msila/src/data/can/test_private/289_regular.png,1024,2232,1.0
can,test_private,/content/msila/src/data/can/test_private/171_regular.png,1024,2232,1.0
can,test_private,/content/msila/src/data/can/test_private/082_regular.png,1024,2232,1.0
can,test_private,/content/msila/src/data/can/test_private/244_regular.png,1024,2232,1.0
can,test_private,/content/msila/src/data/can/test_private/170_regular.png,1024,2232,1.0
can,test_private,/content/msila/src/data/can/test_private/296_regular.png,1024,2232,1.0
can,test_private,/content/msila/src/data/can/test_private/009_regular.png,1024,2232,1.0
can,test_private,/content/msila/src/data/can/test_private/084_regular.png,1024,2232,1.0
can,test_private,/content/msila/src/data/can/test_private/264_regular.png,1024,2232,1.0
can,test_private,/content/msila/src/data/can/test_private/188_regular.png,1024,2232,1.0
can,test_private,/content/msila/src/data/can/test_private/043_regular.png,1024,2232,1.0
can,test_private,/content/msila/src/data/can/test_private/070_regular.png,1024,2232,1.0
can,test_private,/content/msila/src/data/can/test_private/246_regular.png,1024,2232,1.0
can,test_private,/content/msila/src/data/can/test_private/181_regular.png,1024,2232,1.0
can,test_private,/content/msila/src/data/can/test_private/254_regular.png,1024,2232,1.0
can,test_private,/content/msila/src/data/can/test_private/311_regular.png,1024,2232,1.0
can,test_private,/content/msila/src/data/can/test_private/108_regular.png,1024,2232,1.0
can,test_private,/content/msila/src/data/can/test_private/174_regular.png,1024,2232,1.0
can,test_private,/content/msila/src/data/can/test_private/256_regular.png,1024,2232,1.0
can,test_private,/content/msila/src/data/can/test_private/165_regular.png,1024,2232,1.0
can,test_private,/content/msila/src/data/can/test_private/201_regular.png,1024,2232,1.0
can,test_private,/content/msila/src/data/can/test_private/203_regular.png,1024,2232,1.0
can,test_private,/content/msila/src/data/can/test_private/135_regular.png,1024,2232,1.0
can,test_private,/content/msila/src/data/can/test_private/213_regular.png,1024,2232,1.0
can,test_private,/content/msila/src/data/can/test_private/111_regular.png,1024,2232,1.0
can,test_private,/content/msila/src/data/can/test_private/042_regular.png,1024,2232,1.0
can,test_private,/content/msila/src/data/can/test_private/103_regular.png,1024,2232,1.0
can,test_private,/content/msila/src/data/can/test_private/199_regular.png,1024,2232,1.0
can,test_private,/content/msila/src/data/can/test_private/094_regular.png,1024,2232,1.0
can,test_private,/content/msila/src/data/can/test_private/105_regular.png,1024,2232,1.0
can,test_private,/content/msila/src/data/can/test_private/115_regular.png,1024,2232,1.0
can,test_private,/content/msila/src/data/can/test_private/038_regular.png,1024,2232,1.0
can,test_private,/content/msila/src/data/can/test_private/288_regular.png,1024,2232,1.0
can,test_private,/content/msila/src/data/can/test_private/067_regular.png,1024,2232,1.0
can,test_private,/content/msila/src/data/can/test_private/234_regular.png,1024,2232,1.0
can,test_private,/content/msila/src/data/can/test_private/309_regular.png,1024,2232,1.0
can,test_private,/content/msila/src/data/can/test_private/099_regular.png,1024,2232,1.0
can,test_private,/content/msila/src/data/can/test_private/121_regular.png,1024,2232,1.0
can,test_private,/content/msila/src/data/can/test_private/063_regular.png,1024,2232,1.0
can,test_private,/content/msila/src/data/can/test_private/307_regular.png,1024,2232,1.0
can,test_private,/content/msila/src/data/can/test_private/194_regular.png,1024,2232,1.0
can,test_private,/content/msila/src/data/can/test_private/109_regular.png,1024,2232,1.0
can,test_private,/content/msila/src/data/can/test_private/077_regular.png,1024,2232,1.0
can,test_private,/content/msila/src/data/can/test_private/093_regular.png,1024,2232,1.0
can,test_private,/content/msila/src/data/can/test_private/313_regular.png,1024,2232,1.0
can,test_private,/content/msila/src/data/can/test_private/172_regular.png,1024,2232,1.0
can,test_private,/content/msila/src/data/can/test_private/130_regular.png,1024,2232,1.0
can,test_private,/content/msila/src/data/can/test_private/036_regular.png,1024,2232,1.0
can,test_private,/content/msila/src/data/can/test_private/119_regular.png,1024,2232,1.0
can,test_private,/content/msila/src/data/can/test_private/317_regular.png,1024,2232,1.0
can,test_private,/content/msila/src/data/can/test_private/285_regular.png,1024,2232,1.0
can,test_private,/content/msila/src/data/can/test_private/269_regular.png,1024,2232,1.0
can,test_private,/content/msila/src/data/can/test_private/087_regular.png,1024,2232,1.0
can,test_private,/content/msila/src/data/can/test_private/255_regular.png,1024,2232,1.0
can,test_private,/content/msila/src/data/can/test_private/185_regular.png,1024,2232,1.0
can,test_private,/content/msila/src/data/can/test_private/204_regular.png,1024,2232,1.0
can,test_private,/content/msila/src/data/can/test_private/315_regular.png,1024,2232,1.0
can,test_private,/content/msila/src/data/can/test_private/295_regular.png,1024,2232,1.0
can,test_private,/content/msila/src/data/can/test_private/073_regular.png,1024,2232,1.0
can,test_private,/content/msila/src/data/can/test_private/032_regular.png,1024,2232,1.0
can,test_private,/content/msila/src/data/can/test_private/013_regular.png,1024,2232,1.0
can,test_private,/content/msila/src/data/can/test_private/265_regular.png,1024,2232,1.0
can,test_private,/content/msila/src/data/can/test_private/212_regular.png,1024,2232,1.0
can,test_private,/content/msila/src/data/can/test_private/157_regular.png,1024,2232,1.0
can,test_private,/content/msila/src/data/can/test_private/006_regular.png,1024,2232,1.0
can,test_private,/content/msila/src/data/can/test_private/040_regular.png,1024,2232,1.0
can,test_private,/content/msila/src/data/can/test_private/028_regular.png,1024,2232,1.0
can,test_private,/content/msila/src/data/can/test_private/235_regular.png,1024,2232,1.0
can,test_private,/content/msila/src/data/can/test_private/064_regular.png,1024,2232,1.0
can,test_private,/content/msila/src/data/can/test_private/190_regular.png,1024,2232,1.0
can,test_private,/content/msila/src/data/can/test_private/045_regular.png,1024,2232,1.0
can,test_private,/content/msila/src/data/can/test_private/270_regular.png,1024,2232,1.0
can,test_private,/content/msila/src/data/can/test_private/145_regular.png,1024,2232,1.0
can,test_private,/content/msila/src/data/can/test_private/098_regular.png,1024,2232,1.0
can,test_private,/content/msila/src/data/can/test_private/262_regular.png,1024,2232,1.0
can,test_private,/content/msila/src/data/can/test_private/197_regular.png,1024,2232,1.0
can,test_private,/content/msila/src/data/can/test_private/238_regular.png,1024,2232,1.0
can,test_private,/content/msila/src/data/can/test_private/222_regular.png,1024,2232,1.0
can,test_private,/content/msila/src/data/can/test_private/034_regular.png,1024,2232,1.0
can,test_private,/content/msila/src/data/can/test_private/112_regular.png,1024,2232,1.0
can,test_private,/content/msila/src/data/can/test_private/175_regular.png,1024,2232,1.0
can,test_private,/content/msila/src/data/can/test_private/138_regular.png,1024,2232,1.0
can,test_private,/content/msila/src/data/can/test_private/224_regular.png,1024,2232,1.0
can,test_private,/content/msila/src/data/can/test_private/086_regular.png,1024,2232,1.0
can,test_private,/content/msila/src/data/can/test_private/169_regular.png,1024,2232,1.0
can,test_private,/content/msila/src/data/can/test_private/191_regular.png,1024,2232,1.0
can,test_private,/content/msila/src/data/can/test_private/260_regular.png,1024,2232,1.0
can,test_private,/content/msila/src/data/can/test_private/298_regular.png,1024,2232,1.0
can,test_private,/content/msila/src/data/can/test_private/147_regular.png,1024,2232,1.0
can,test_private,/content/msila/src/data/can/test_private/198_regular.png,1024,2232,1.0
can,test_private,/content/msila/src/data/can/test_private/102_regular.png,1024,2232,1.0
can,test_private,/content/msila/src/data/can/test_private/113_regular.png,1024,2232,1.0
can,test_private,/content/msila/src/data/can/test_private/218_regular.png,1024,2232,1.0
can,test_private,/content/msila/src/data/can/test_private/107_regular.png,1024,2232,1.0
can,test_private,/content/msila/src/data/can/test_private/149_regular.png,1024,2232,1.0
can,test_private,/content/msila/src/data/can/test_private/279_regular.png,1024,2232,1.0
can,test_private,/content/msila/src/data/can/test_private/300_regular.png,1024,2232,1.0
can,test_private,/content/msila/src/data/can/test_private/095_regular.png,1024,2232,1.0
can,test_private,/content/msila/src/data/can/test_private/101_regular.png,1024,2232,1.0
can,test_private,/content/msila/src/data/can/test_private/305_regular.png,1024,2232,1.0
can,test_private,/content/msila/src/data/can/test_private/316_regular.png,1024,2232,1.0
can,test_private,/content/msila/src/data/can/test_private/168_regular.png,1024,2232,1.0
can,test_private,/content/msila/src/data/can/test_private/092_regular.png,1024,2232,1.0
can,test_private,/content/msila/src/data/can/test_private/240_regular.png,1024,2232,1.0
can,test_private,/content/msila/src/data/can/test_private/047_regular.png,1024,2232,1.0
can,test_private,/content/msila/src/data/can/test_private/053_regular.png,1024,2232,1.0
can,test_private,/content/msila/src/data/can/test_private/237_regular.png,1024,2232,1.0
can,test_private,/content/msila/src/data/can/test_private/021_regular.png,1024,2232,1.0
can,test_private,/content/msila/src/data/can/test_private/076_regular.png,1024,2232,1.0
can,test_private,/content/msila/src/data/can/test_private/302_regular.png,1024,2232,1.0
can,test_private,/content/msila/src/data/can/test_private/090_regular.png,1024,2232,1.0
can,test_private,/content/msila/src/data/can/test_private/271_regular.png,1024,2232,1.0
can,test_private,/content/msila/src/data/can/test_private/159_regular.png,1024,2232,1.0
can,test_private,/content/msila/src/data/can/test_private/187_regular.png,1024,2232,1.0
can,test_private,/content/msila/src/data/can/test_private/075_regular.png,1024,2232,1.0
can,test_private,/content/msila/src/data/can/test_private/163_regular.png,1024,2232,1.0
can,test_private,/content/msila/src/data/can/test_private/010_regular.png,1024,2232,1.0
can,test_private,/content/msila/src/data/can/test_private/247_regular.png,1024,2232,1.0
can,test_private,/content/msila/src/data/can/test_private/049_regular.png,1024,2232,1.0
can,test_private,/content/msila/src/data/can/test_private/220_regular.png,1024,2232,1.0
can,test_private,/content/msila/src/data/can/test_private/015_regular.png,1024,2232,1.0
can,test_private,/content/msila/src/data/can/test_private/249_regular.png,1024,2232,1.0
can,test_private,/content/msila/src/data/can/test_private/005_regular.png,1024,2232,1.0
can,test_private,/content/msila/src/data/can/test_private/133_regular.png,1024,2232,1.0
can,test_private,/content/msila/src/data/can/test_private/030_regular.png,1024,2232,1.0
can,test_private,/content/msila/src/data/can/test_private/144_regular.png,1024,2232,1.0
can,test_private,/content/msila/src/data/can/test_private/124_regular.png,1024,2232,1.0
can,test_private,/content/msila/src/data/can/test_private/318_regular.png,1024,2232,1.0
can,test_private,/content/msila/src/data/can/test_private/022_regular.png,1024,2232,1.0
can,test_private,/content/msila/src/data/can/test_private/223_regular.png,1024,2232,1.0
can,test_private,/content/msila/src/data/can/test_private/243_regular.png,1024,2232,1.0
can,test_private,/content/msila/src/data/can/test_private/088_regular.png,1024,2232,1.0
can,test_private,/content/msila/src/data/can/test_private/206_regular.png,1024,2232,1.0
can,test_private,/content/msila/src/data/can/test_private/116_regular.png,1024,2232,1.0
can,test_private,/content/msila/src/data/can/test_private/014_regular.png,1024,2232,1.0
can,test_private,/content/msila/src/data/can/test_private/308_regular.png,1024,2232,1.0
can,test_private,/content/msila/src/data/can/test_private/018_regular.png,1024,2232,1.0
can,test_private,/content/msila/src/data/can/test_private/122_regular.png,1024,2232,1.0
can,test_private,/content/msila/src/data/can/test_private/125_regular.png,1024,2232,1.0
can,test_private,/content/msila/src/data/can/test_private/319_regular.png,1024,2232,1.0
can,test_private,/content/msila/src/data/can/test_private/074_regular.png,1024,2232,1.0
can,test_private,/content/msila/src/data/can/test_private/002_regular.png,1024,2232,1.0
can,test_private,/content/msila/src/data/can/test_private/132_regular.png,1024,2232,1.0
can,test_private,/content/msila/src/data/can/test_private/051_regular.png,1024,2232,1.0
can,test_private,/content/msila/src/data/can/test_private/162_regular.png,1024,2232,1.0
can,test_private,/content/msila/src/data/can/test_private/123_regular.png,1024,2232,1.0
can,test_private,/content/msila/src/data/can/test_private/155_regular.png,1024,2232,1.0
can,test_private,/content/msila/src/data/can/test_private/282_regular.png,1024,2232,1.0
can,test_private,/content/msila/src/data/can/test_private/257_regular.png,1024,2232,1.0
can,test_private,/content/msila/src/data/can/test_private/283_regular.png,1024,2232,1.0
can,test_private,/content/msila/src/data/can/test_private/152_regular.png,1024,2232,1.0
can,test_private,/content/msila/src/data/can/test_private/151_regular.png,1024,2232,1.0
can,test_private,/content/msila/src/data/can/test_private/079_regular.png,1024,2232,1.0
can,test_private,/content/msila/src/data/can/test_private/044_regular.png,1024,2232,1.0
can,test_private,/content/msila/src/data/can/test_private/226_regular.png,1024,2232,1.0
can,test_private,/content/msila/src/data/can/test_private/272_regular.png,1024,2232,1.0
can,test_private,/content/msila/src/data/can/test_private/280_regular.png,1024,2232,1.0
can,test_private,/content/msila/src/data/can/test_private/297_regular.png,1024,2232,1.0
can,test_private,/content/msila/src/data/can/test_private/091_regular.png,1024,2232,1.0
can,test_private,/content/msila/src/data/can/test_private/239_regular.png,1024,2232,1.0
can,test_private,/content/msila/src/data/can/test_private/276_regular.png,1024,2232,1.0
can,test_private,/content/msila/src/data/can/test_private/134_regular.png,1024,2232,1.0
can,test_private,/content/msila/src/data/can/test_private/161_regular.png,1024,2232,1.0
can,test_private,/content/msila/src/data/can/test_private/106_regular.png,1024,2232,1.0
can,test_private,/content/msila/src/data/can/test_private/167_regular.png,1024,2232,1.0
can,test_private,/content/msila/src/data/can/test_private/259_regular.png,1024,2232,1.0
can,test_private,/content/msila/src/data/can/test_private/139_regular.png,1024,2232,1.0
can,test_private,/content/msila/src/data/can/test_private/253_regular.png,1024,2232,1.0
can,test_private,/content/msila/src/data/can/test_private/072_regular.png,1024,2232,1.0
can,test_private,/content/msila/src/data/can/test_private/245_regular.png,1024,2232,1.0
can,test_private,/content/msila/src/data/can/test_private/004_regular.png,1024,2232,1.0
can,test_private,/content/msila/src/data/can/test_private/055_regular.png,1024,2232,1.0
can,test_private,/content/msila/src/data/can/test_private/100_regular.png,1024,2232,1.0
can,test_private,/content/msila/src/data/can/test_private/117_regular.png,1024,2232,1.0
can,test_private,/content/msila/src/data/can/test_private/228_regular.png,1024,2232,1.0
can,test_private,/content/msila/src/data/can/test_private/278_regular.png,1024,2232,1.0
can,test_private,/content/msila/src/data/can/test_private/184_regular.png,1024,2232,1.0
can,test_private,/content/msila/src/data/can/test_private/225_regular.png,1024,2232,1.0
can,test_private,/content/msila/src/data/can/test_private/150_regular.png,1024,2232,1.0
can,test_private,/content/msila/src/data/can/test_private/016_regular.png,1024,2232,1.0
can,test_private,/content/msila/src/data/can/test_private/024_regular.png,1024,2232,1.0
can,test_private,/content/msila/src/data/can/test_private/310_regular.png,1024,2232,1.0
can,test_private,/content/msila/src/data/can/test_private/166_regular.png,1024,2232,1.0
can,test_private,/content/msila/src/data/can/test_private/251_regular.png,1024,2232,1.0
can,test_private,/content/msila/src/data/can/test_private/266_regular.png,1024,2232,1.0
can,test_private,/content/msila/src/data/can/test_private/294_regular.png,1024,2232,1.0
can,test_private,/content/msila/src/data/can/test_private/039_regular.png,1024,2232,1.0
can,test_private,/content/msila/src/data/can/test_private/176_regular.png,1024,2232,1.0
can,test_private,/content/msila/src/data/can/test_private/211_regular.png,1024,2232,1.0
can,test_private,/content/msila/src/data/can/test_private/037_regular.png,1024,2232,1.0
can,test_private,/content/msila/src/data/can/test_private/011_regular.png,1024,2232,1.0
can,test_private,/content/msila/src/data/can/test_private/200_regular.png,1024,2232,1.0
can,test_private,/content/msila/src/data/can/test_private/104_regular.png,1024,2232,1.0
can,test_private,/content/msila/src/data/can/test_private/062_regular.png,1024,2232,1.0
can,test_private,/content/msila/src/data/can/test_private/154_regular.png,1024,2232,1.0
can,test_private,/content/msila/src/data/can/test_private/060_regular.png,1024,2232,1.0
can,test_private,/content/msila/src/data/can/test_private/027_regular.png,1024,2232,1.0
can,test_private,/content/msila/src/data/can/test_private/320_regular.png,1024,2232,1.0
can,test_private,/content/msila/src/data/can/test_private/029_regular.png,1024,2232,1.0
can,test_private,/content/msila/src/data/can/test_private/148_regular.png,1024,2232,1.0
can,test_private,/content/msila/src/data/can/test_private/020_regular.png,1024,2232,1.0
can,test_private,/content/msila/src/data/can/test_private/221_regular.png,1024,2232,1.0
can,test_private,/content/msila/src/data/can/test_private/287_regular.png,1024,2232,1.0
can,test_private,/content/msila/src/data/can/test_private/120_regular.png,1024,2232,1.0
can,test_private,/content/msila/src/data/can/test_private/007_regular.png,1024,2232,1.0
can,test_private,/content/msila/src/data/can/test_private/274_regular.png,1024,2232,1.0
can,test_private,/content/msila/src/data/can/test_private/275_regular.png,1024,2232,1.0
can,test_private,/content/msila/src/data/can/test_private/189_regular.png,1024,2232,1.0
can,test_private,/content/msila/src/data/can/test_private/286_regular.png,1024,2232,1.0
can,test_private,/content/msila/src/data/can/test_private/207_regular.png,1024,2232,1.0
can,test_private,/content/msila/src/data/can/test_private/242_regular.png,1024,2232,1.0
can,test_private,/content/msila/src/data/can/test_private/083_regular.png,1024,2232,1.0
can,test_private,/content/msila/src/data/can/test_private/183_regular.png,1024,2232,1.0
can,test_private,/content/msila/src/data/can/test_private/001_regular.png,1024,2232,1.0
can,test_private,/content/msila/src/data/can/test_private/066_regular.png,1024,2232,1.0
can,test_private,/content/msila/src/data/can/test_private/136_regular.png,1024,2232,1.0
can,test_private,/content/msila/src/data/can/test_private/026_regular.png,1024,2232,1.0
can,test_private,/content/msila/src/data/can/test_private/193_regular.png,1024,2232,1.0
can,test_private,/content/msila/src/data/can/test_private/031_regular.png,1024,2232,1.0
can,test_private,/content/msila/src/data/can/test_private/303_regular.png,1024,2232,1.0
can,test_private,/content/msila/src/data/can/test_private/158_regular.png,1024,2232,1.0
can,test_private,/content/msila/src/data/can/test_private/081_regular.png,1024,2232,1.0
can,test_private,/content/msila/src/data/can/test_private/141_regular.png,1024,2232,1.0
can,test_private,/content/msila/src/data/can/test_private/208_regular.png,1024,2232,1.0
can,test_private,/content/msila/src/data/can/test_private/035_regular.png,1024,2232,1.0
can,test_private,/content/msila/src/data/can/test_private/008_regular.png,1024,2232,1.0
can,test_private,/content/msila/src/data/can/test_private/137_regular.png,1024,2232,1.0
can,test_private,/content/msila/src/data/can/test_private/263_regular.png,1024,2232,1.0
can,test_private,/content/msila/src/data/can/test_private/250_regular.png,1024,2232,1.0
can,test_private,/content/msila/src/data/can/test_private/210_regular.png,1024,2232,1.0
can,test_private,/content/msila/src/data/can/test_private/156_regular.png,1024,2232,1.0
can,test_private,/content/msila/src/data/can/test_private/058_regular.png,1024,2232,1.0
can,test_private,/content/msila/src/data/can/test_private/290_regular.png,1024,2232,1.0
can,test_private,/content/msila/src/data/can/test_private/205_regular.png,1024,2232,1.0
can,test_private,/content/msila/src/data/can/test_private/236_regular.png,1024,2232,1.0
can,test_private,/content/msila/src/data/can/test_private/291_regular.png,1024,2232,1.0
can,test_private,/content/msila/src/data/can/test_private/284_regular.png,1024,2232,1.0
can,test_private,/content/msila/src/data/can/test_private/186_regular.png,1024,2232,1.0
can,test_private,/content/msila/src/data/can/test_private/227_regular.png,1024,2232,1.0
can,test_private,/content/msila/src/data/can/test_private/052_regular.png,1024,2232,1.0
can,test_private,/content/msila/src/data/can/test_private/131_regular.png,1024,2232,1.0
can,test_private,/content/msila/src/data/can/test_private/267_regular.png,1024,2232,1.0
can,test_private,/content/msila/src/data/can/test_private/214_regular.png,1024,2232,1.0
can,test_private,/content/msila/src/data/can/test_private/179_regular.png,1024,2232,1.0
can,test_private,/content/msila/src/data/can/test_private/202_regular.png,1024,2232,1.0
can,test_private,/content/msila/src/data/can/test_private/232_regular.png,1024,2232,1.0
can,test_private,/content/msila/src/data/can/test_private/071_regular.png,1024,2232,1.0
can,test_private,/content/msila/src/data/can/test_private/180_regular.png,1024,2232,1.0
can,test_private,/content/msila/src/data/can/test_private/089_regular.png,1024,2232,1.0
can,test_private,/content/msila/src/data/can/test_private/061_regular.png,1024,2232,1.0
can,test_private,/content/msila/src/data/can/test_private/068_regular.png,1024,2232,1.0
can,validation,/content/msila/src/data/can/validation/good/023_regular.png,1024,2232,1.0
can,validation,/content/msila/src/data/can/validation/good/019_regular.png,1024,2232,1.0
can,validation,/content/msila/src/data/can/validation/good/041_regular.png,1024,2232,1.0
can,validation,/content/msila/src/data/can/validation/good/017_regular.png,1024,2232,1.0
can,validation,/content/msila/src/data/can/validation/good/025_regular.png,1024,2232,1.0
can,validation,/content/msila/src/data/can/validation/good/003_regular.png,1024,2232,1.0
can,validation,/content/msila/src/data/can/validation/good/000_regular.png,1024,2232,1.0
can,validation,/content/msila/src/data/can/validation/good/012_regular.png,1024,2232,1.0
can,validation,/content/msila/src/data/can/validation/good/033_regular.png,1024,2232,1.0
can,validation,/content/msila/src/data/can/validation/good/009_regular.png,1024,2232,1.0
can,validation,/content/msila/src/data/can/validation/good/043_regular.png,1024,2232,1.0
can,validation,/content/msila/src/data/can/validation/good/042_regular.png,1024,2232,1.0
can,validation,/content/msila/src/data/can/validation/good/038_regular.png,1024,2232,1.0
can,validation,/content/msila/src/data/can/validation/good/036_regular.png,1024,2232,1.0
can,validation,/content/msila/src/data/can/validation/good/032_regular.png,1024,2232,1.0
can,validation,/content/msila/src/data/can/validation/good/013_regular.png,1024,2232,1.0
can,validation,/content/msila/src/data/can/validation/good/006_regular.png,1024,2232,1.0
can,validation,/content/msila/src/data/can/validation/good/040_regular.png,1024,2232,1.0
can,validation,/content/msila/src/data/can/validation/good/028_regular.png,1024,2232,1.0
can,validation,/content/msila/src/data/can/validation/good/045_regular.png,1024,2232,1.0
can,validation,/content/msila/src/data/can/validation/good/034_regular.png,1024,2232,1.0
can,validation,/content/msila/src/data/can/validation/good/021_regular.png,1024,2232,1.0
can,validation,/content/msila/src/data/can/validation/good/010_regular.png,1024,2232,1.0
can,validation,/content/msila/src/data/can/validation/good/015_regular.png,1024,2232,1.0
can,validation,/content/msila/src/data/can/validation/good/005_regular.png,1024,2232,1.0
can,validation,/content/msila/src/data/can/validation/good/030_regular.png,1024,2232,1.0
can,validation,/content/msila/src/data/can/validation/good/022_regular.png,1024,2232,1.0
can,validation,/content/msila/src/data/can/validation/good/014_regular.png,1024,2232,1.0
can,validation,/content/msila/src/data/can/validation/good/018_regular.png,1024,2232,1.0
can,validation,/content/msila/src/data/can/validation/good/002_regular.png,1024,2232,1.0
can,validation,/content/msila/src/data/can/validation/good/044_regular.png,1024,2232,1.0
can,validation,/content/msila/src/data/can/validation/good/004_regular.png,1024,2232,1.0
can,validation,/content/msila/src/data/can/validation/good/016_regular.png,1024,2232,1.0
can,validation,/content/msila/src/data/can/validation/good/024_regular.png,1024,2232,1.0
can,validation,/content/msila/src/data/can/validation/good/039_regular.png,1024,2232,1.0
can,validation,/content/msila/src/data/can/validation/good/037_regular.png,1024,2232,1.0
can,validation,/content/msila/src/data/can/validation/good/011_regular.png,1024,2232,1.0
can,validation,/content/msila/src/data/can/validation/good/027_regular.png,1024,2232,1.0
can,validation,/content/msila/src/data/can/validation/good/029_regular.png,1024,2232,1.0
can,validation,/content/msila/src/data/can/validation/good/020_regular.png,1024,2232,1.0
can,validation,/content/msila/src/data/can/validation/good/007_regular.png,1024,2232,1.0
can,validation,/content/msila/src/data/can/validation/good/001_regular.png,1024,2232,1.0
can,validation,/content/msila/src/data/can/validation/good/026_regular.png,1024,2232,1.0
can,validation,/content/msila/src/data/can/validation/good/031_regular.png,1024,2232,1.0
can,validation,/content/msila/src/data/can/validation/good/035_regular.png,1024,2232,1.0
can,validation,/content/msila/src/data/can/validation/good/008_regular.png,1024,2232,1.0
can,train,/content/msila/src/data/can/train/good/126_regular.png,1024,2232,1.0
can,train,/content/msila/src/data/can/train/good/160_regular.png,1024,2232,1.0
can,train,/content/msila/src/data/can/train/good/306_regular.png,1024,2232,1.0
can,train,/content/msila/src/data/can/train/good/023_regular.png,1024,2232,1.0
can,train,/content/msila/src/data/can/train/good/348_regular.png,1024,2232,1.0
can,train,/content/msila/src/data/can/train/good/057_regular.png,1024,2232,1.0
can,train,/content/msila/src/data/can/train/good/370_regular.png,1024,2232,1.0
can,train,/content/msila/src/data/can/train/good/140_regular.png,1024,2232,1.0
can,train,/content/msila/src/data/can/train/good/019_regular.png,1024,2232,1.0
can,train,/content/msila/src/data/can/train/good/359_regular.png,1024,2232,1.0
can,train,/content/msila/src/data/can/train/good/146_regular.png,1024,2232,1.0
can,train,/content/msila/src/data/can/train/good/217_regular.png,1024,2232,1.0
can,train,/content/msila/src/data/can/train/good/258_regular.png,1024,2232,1.0
can,train,/content/msila/src/data/can/train/good/128_regular.png,1024,2232,1.0
can,train,/content/msila/src/data/can/train/good/339_regular.png,1024,2232,1.0
can,train,/content/msila/src/data/can/train/good/233_regular.png,1024,2232,1.0
can,train,/content/msila/src/data/can/train/good/041_regular.png,1024,2232,1.0
can,train,/content/msila/src/data/can/train/good/069_regular.png,1024,2232,1.0
can,train,/content/msila/src/data/can/train/good/394_regular.png,1024,2232,1.0
can,train,/content/msila/src/data/can/train/good/403_regular.png,1024,2232,1.0
can,train,/content/msila/src/data/can/train/good/216_regular.png,1024,2232,1.0
can,train,/content/msila/src/data/can/train/good/209_regular.png,1024,2232,1.0
can,train,/content/msila/src/data/can/train/good/164_regular.png,1024,2232,1.0
can,train,/content/msila/src/data/can/train/good/142_regular.png,1024,2232,1.0
can,train,/content/msila/src/data/can/train/good/085_regular.png,1024,2232,1.0
can,train,/content/msila/src/data/can/train/good/046_regular.png,1024,2232,1.0
can,train,/content/msila/src/data/can/train/good/354_regular.png,1024,2232,1.0
can,train,/content/msila/src/data/can/train/good/219_regular.png,1024,2232,1.0
can,train,/content/msila/src/data/can/train/good/056_regular.png,1024,2232,1.0
can,train,/content/msila/src/data/can/train/good/229_regular.png,1024,2232,1.0
can,train,/content/msila/src/data/can/train/good/304_regular.png,1024,2232,1.0
can,train,/content/msila/src/data/can/train/good/362_regular.png,1024,2232,1.0
can,train,/content/msila/src/data/can/train/good/261_regular.png,1024,2232,1.0
can,train,/content/msila/src/data/can/train/good/178_regular.png,1024,2232,1.0
can,train,/content/msila/src/data/can/train/good/143_regular.png,1024,2232,1.0
can,train,/content/msila/src/data/can/train/good/248_regular.png,1024,2232,1.0
can,train,/content/msila/src/data/can/train/good/017_regular.png,1024,2232,1.0
can,train,/content/msila/src/data/can/train/good/301_regular.png,1024,2232,1.0
can,train,/content/msila/src/data/can/train/good/048_regular.png,1024,2232,1.0
can,train,/content/msila/src/data/can/train/good/379_regular.png,1024,2232,1.0
can,train,/content/msila/src/data/can/train/good/118_regular.png,1024,2232,1.0
can,train,/content/msila/src/data/can/train/good/312_regular.png,1024,2232,1.0
can,train,/content/msila/src/data/can/train/good/195_regular.png,1024,2232,1.0
can,train,/content/msila/src/data/can/train/good/025_regular.png,1024,2232,1.0
can,train,/content/msila/src/data/can/train/good/230_regular.png,1024,2232,1.0
can,train,/content/msila/src/data/can/train/good/129_regular.png,1024,2232,1.0
can,train,/content/msila/src/data/can/train/good/215_regular.png,1024,2232,1.0
can,train,/content/msila/src/data/can/train/good/003_regular.png,1024,2232,1.0
can,train,/content/msila/src/data/can/train/good/182_regular.png,1024,2232,1.0
can,train,/content/msila/src/data/can/train/good/299_regular.png,1024,2232,1.0
can,train,/content/msila/src/data/can/train/good/059_regular.png,1024,2232,1.0
can,train,/content/msila/src/data/can/train/good/386_regular.png,1024,2232,1.0
can,train,/content/msila/src/data/can/train/good/000_regular.png,1024,2232,1.0
can,train,/content/msila/src/data/can/train/good/054_regular.png,1024,2232,1.0
can,train,/content/msila/src/data/can/train/good/281_regular.png,1024,2232,1.0
can,train,/content/msila/src/data/can/train/good/399_regular.png,1024,2232,1.0
can,train,/content/msila/src/data/can/train/good/012_regular.png,1024,2232,1.0
can,train,/content/msila/src/data/can/train/good/293_regular.png,1024,2232,1.0
can,train,/content/msila/src/data/can/train/good/114_regular.png,1024,2232,1.0
can,train,/content/msila/src/data/can/train/good/344_regular.png,1024,2232,1.0
can,train,/content/msila/src/data/can/train/good/050_regular.png,1024,2232,1.0
can,train,/content/msila/src/data/can/train/good/349_regular.png,1024,2232,1.0
can,train,/content/msila/src/data/can/train/good/375_regular.png,1024,2232,1.0
can,train,/content/msila/src/data/can/train/good/078_regular.png,1024,2232,1.0
can,train,/content/msila/src/data/can/train/good/252_regular.png,1024,2232,1.0
can,train,/content/msila/src/data/can/train/good/196_regular.png,1024,2232,1.0
can,train,/content/msila/src/data/can/train/good/192_regular.png,1024,2232,1.0
can,train,/content/msila/src/data/can/train/good/329_regular.png,1024,2232,1.0
can,train,/content/msila/src/data/can/train/good/127_regular.png,1024,2232,1.0
can,train,/content/msila/src/data/can/train/good/383_regular.png,1024,2232,1.0
can,train,/content/msila/src/data/can/train/good/277_regular.png,1024,2232,1.0
can,train,/content/msila/src/data/can/train/good/080_regular.png,1024,2232,1.0
can,train,/content/msila/src/data/can/train/good/097_regular.png,1024,2232,1.0
can,train,/content/msila/src/data/can/train/good/033_regular.png,1024,2232,1.0
can,train,/content/msila/src/data/can/train/good/330_regular.png,1024,2232,1.0
can,train,/content/msila/src/data/can/train/good/177_regular.png,1024,2232,1.0
can,train,/content/msila/src/data/can/train/good/314_regular.png,1024,2232,1.0
can,train,/content/msila/src/data/can/train/good/110_regular.png,1024,2232,1.0
can,train,/content/msila/src/data/can/train/good/273_regular.png,1024,2232,1.0
can,train,/content/msila/src/data/can/train/good/231_regular.png,1024,2232,1.0
can,train,/content/msila/src/data/can/train/good/173_regular.png,1024,2232,1.0
can,train,/content/msila/src/data/can/train/good/153_regular.png,1024,2232,1.0
can,train,/content/msila/src/data/can/train/good/065_regular.png,1024,2232,1.0
can,train,/content/msila/src/data/can/train/good/241_regular.png,1024,2232,1.0
can,train,/content/msila/src/data/can/train/good/096_regular.png,1024,2232,1.0
can,train,/content/msila/src/data/can/train/good/268_regular.png,1024,2232,1.0
can,train,/content/msila/src/data/can/train/good/292_regular.png,1024,2232,1.0
can,train,/content/msila/src/data/can/train/good/289_regular.png,1024,2232,1.0
can,train,/content/msila/src/data/can/train/good/171_regular.png,1024,2232,1.0
can,train,/content/msila/src/data/can/train/good/082_regular.png,1024,2232,1.0
can,train,/content/msila/src/data/can/train/good/363_regular.png,1024,2232,1.0
can,train,/content/msila/src/data/can/train/good/244_regular.png,1024,2232,1.0
can,train,/content/msila/src/data/can/train/good/170_regular.png,1024,2232,1.0
can,train,/content/msila/src/data/can/train/good/340_regular.png,1024,2232,1.0
can,train,/content/msila/src/data/can/train/good/296_regular.png,1024,2232,1.0
can,train,/content/msila/src/data/can/train/good/009_regular.png,1024,2232,1.0
can,train,/content/msila/src/data/can/train/good/084_regular.png,1024,2232,1.0
can,train,/content/msila/src/data/can/train/good/264_regular.png,1024,2232,1.0
can,train,/content/msila/src/data/can/train/good/350_regular.png,1024,2232,1.0
can,train,/content/msila/src/data/can/train/good/188_regular.png,1024,2232,1.0
can,train,/content/msila/src/data/can/train/good/043_regular.png,1024,2232,1.0
can,train,/content/msila/src/data/can/train/good/395_regular.png,1024,2232,1.0
can,train,/content/msila/src/data/can/train/good/400_regular.png,1024,2232,1.0
can,train,/content/msila/src/data/can/train/good/070_regular.png,1024,2232,1.0
can,train,/content/msila/src/data/can/train/good/246_regular.png,1024,2232,1.0
can,train,/content/msila/src/data/can/train/good/181_regular.png,1024,2232,1.0
can,train,/content/msila/src/data/can/train/good/254_regular.png,1024,2232,1.0
can,train,/content/msila/src/data/can/train/good/311_regular.png,1024,2232,1.0
can,train,/content/msila/src/data/can/train/good/372_regular.png,1024,2232,1.0
can,train,/content/msila/src/data/can/train/good/108_regular.png,1024,2232,1.0
can,train,/content/msila/src/data/can/train/good/174_regular.png,1024,2232,1.0
can,train,/content/msila/src/data/can/train/good/256_regular.png,1024,2232,1.0
can,train,/content/msila/src/data/can/train/good/165_regular.png,1024,2232,1.0
can,train,/content/msila/src/data/can/train/good/331_regular.png,1024,2232,1.0
can,train,/content/msila/src/data/can/train/good/201_regular.png,1024,2232,1.0
can,train,/content/msila/src/data/can/train/good/203_regular.png,1024,2232,1.0
can,train,/content/msila/src/data/can/train/good/397_regular.png,1024,2232,1.0
can,train,/content/msila/src/data/can/train/good/135_regular.png,1024,2232,1.0
can,train,/content/msila/src/data/can/train/good/213_regular.png,1024,2232,1.0
can,train,/content/msila/src/data/can/train/good/111_regular.png,1024,2232,1.0
can,train,/content/msila/src/data/can/train/good/326_regular.png,1024,2232,1.0
can,train,/content/msila/src/data/can/train/good/390_regular.png,1024,2232,1.0
can,train,/content/msila/src/data/can/train/good/042_regular.png,1024,2232,1.0
can,train,/content/msila/src/data/can/train/good/103_regular.png,1024,2232,1.0
can,train,/content/msila/src/data/can/train/good/199_regular.png,1024,2232,1.0
can,train,/content/msila/src/data/can/train/good/094_regular.png,1024,2232,1.0
can,train,/content/msila/src/data/can/train/good/105_regular.png,1024,2232,1.0
can,train,/content/msila/src/data/can/train/good/115_regular.png,1024,2232,1.0
can,train,/content/msila/src/data/can/train/good/038_regular.png,1024,2232,1.0
can,train,/content/msila/src/data/can/train/good/288_regular.png,1024,2232,1.0
can,train,/content/msila/src/data/can/train/good/067_regular.png,1024,2232,1.0
can,train,/content/msila/src/data/can/train/good/234_regular.png,1024,2232,1.0
can,train,/content/msila/src/data/can/train/good/309_regular.png,1024,2232,1.0
can,train,/content/msila/src/data/can/train/good/347_regular.png,1024,2232,1.0
can,train,/content/msila/src/data/can/train/good/099_regular.png,1024,2232,1.0
can,train,/content/msila/src/data/can/train/good/121_regular.png,1024,2232,1.0
can,train,/content/msila/src/data/can/train/good/063_regular.png,1024,2232,1.0
can,train,/content/msila/src/data/can/train/good/307_regular.png,1024,2232,1.0
can,train,/content/msila/src/data/can/train/good/194_regular.png,1024,2232,1.0
can,train,/content/msila/src/data/can/train/good/406_regular.png,1024,2232,1.0
can,train,/content/msila/src/data/can/train/good/335_regular.png,1024,2232,1.0
can,train,/content/msila/src/data/can/train/good/109_regular.png,1024,2232,1.0
can,train,/content/msila/src/data/can/train/good/077_regular.png,1024,2232,1.0
can,train,/content/msila/src/data/can/train/good/093_regular.png,1024,2232,1.0
can,train,/content/msila/src/data/can/train/good/367_regular.png,1024,2232,1.0
can,train,/content/msila/src/data/can/train/good/313_regular.png,1024,2232,1.0
can,train,/content/msila/src/data/can/train/good/389_regular.png,1024,2232,1.0
can,train,/content/msila/src/data/can/train/good/172_regular.png,1024,2232,1.0
can,train,/content/msila/src/data/can/train/good/130_regular.png,1024,2232,1.0
can,train,/content/msila/src/data/can/train/good/327_regular.png,1024,2232,1.0
can,train,/content/msila/src/data/can/train/good/407_regular.png,1024,2232,1.0
can,train,/content/msila/src/data/can/train/good/036_regular.png,1024,2232,1.0
can,train,/content/msila/src/data/can/train/good/119_regular.png,1024,2232,1.0
can,train,/content/msila/src/data/can/train/good/317_regular.png,1024,2232,1.0
can,train,/content/msila/src/data/can/train/good/381_regular.png,1024,2232,1.0
can,train,/content/msila/src/data/can/train/good/285_regular.png,1024,2232,1.0
can,train,/content/msila/src/data/can/train/good/269_regular.png,1024,2232,1.0
can,train,/content/msila/src/data/can/train/good/087_regular.png,1024,2232,1.0
can,train,/content/msila/src/data/can/train/good/255_regular.png,1024,2232,1.0
can,train,/content/msila/src/data/can/train/good/185_regular.png,1024,2232,1.0
can,train,/content/msila/src/data/can/train/good/410_regular.png,1024,2232,1.0
can,train,/content/msila/src/data/can/train/good/204_regular.png,1024,2232,1.0
can,train,/content/msila/src/data/can/train/good/315_regular.png,1024,2232,1.0
can,train,/content/msila/src/data/can/train/good/295_regular.png,1024,2232,1.0
can,train,/content/msila/src/data/can/train/good/073_regular.png,1024,2232,1.0
can,train,/content/msila/src/data/can/train/good/032_regular.png,1024,2232,1.0
can,train,/content/msila/src/data/can/train/good/013_regular.png,1024,2232,1.0
can,train,/content/msila/src/data/can/train/good/368_regular.png,1024,2232,1.0
can,train,/content/msila/src/data/can/train/good/409_regular.png,1024,2232,1.0
can,train,/content/msila/src/data/can/train/good/345_regular.png,1024,2232,1.0
can,train,/content/msila/src/data/can/train/good/265_regular.png,1024,2232,1.0
can,train,/content/msila/src/data/can/train/good/212_regular.png,1024,2232,1.0
can,train,/content/msila/src/data/can/train/good/402_regular.png,1024,2232,1.0
can,train,/content/msila/src/data/can/train/good/157_regular.png,1024,2232,1.0
can,train,/content/msila/src/data/can/train/good/006_regular.png,1024,2232,1.0
can,train,/content/msila/src/data/can/train/good/040_regular.png,1024,2232,1.0
can,train,/content/msila/src/data/can/train/good/028_regular.png,1024,2232,1.0
can,train,/content/msila/src/data/can/train/good/235_regular.png,1024,2232,1.0
can,train,/content/msila/src/data/can/train/good/064_regular.png,1024,2232,1.0
can,train,/content/msila/src/data/can/train/good/190_regular.png,1024,2232,1.0
can,train,/content/msila/src/data/can/train/good/045_regular.png,1024,2232,1.0
can,train,/content/msila/src/data/can/train/good/270_regular.png,1024,2232,1.0
can,train,/content/msila/src/data/can/train/good/145_regular.png,1024,2232,1.0
can,train,/content/msila/src/data/can/train/good/098_regular.png,1024,2232,1.0
can,train,/content/msila/src/data/can/train/good/382_regular.png,1024,2232,1.0
can,train,/content/msila/src/data/can/train/good/262_regular.png,1024,2232,1.0
can,train,/content/msila/src/data/can/train/good/197_regular.png,1024,2232,1.0
can,train,/content/msila/src/data/can/train/good/238_regular.png,1024,2232,1.0
can,train,/content/msila/src/data/can/train/good/222_regular.png,1024,2232,1.0
can,train,/content/msila/src/data/can/train/good/034_regular.png,1024,2232,1.0
can,train,/content/msila/src/data/can/train/good/112_regular.png,1024,2232,1.0
can,train,/content/msila/src/data/can/train/good/324_regular.png,1024,2232,1.0
can,train,/content/msila/src/data/can/train/good/175_regular.png,1024,2232,1.0
can,train,/content/msila/src/data/can/train/good/138_regular.png,1024,2232,1.0
can,train,/content/msila/src/data/can/train/good/411_regular.png,1024,2232,1.0
can,train,/content/msila/src/data/can/train/good/224_regular.png,1024,2232,1.0
can,train,/content/msila/src/data/can/train/good/086_regular.png,1024,2232,1.0
can,train,/content/msila/src/data/can/train/good/398_regular.png,1024,2232,1.0
can,train,/content/msila/src/data/can/train/good/353_regular.png,1024,2232,1.0
can,train,/content/msila/src/data/can/train/good/169_regular.png,1024,2232,1.0
can,train,/content/msila/src/data/can/train/good/191_regular.png,1024,2232,1.0
can,train,/content/msila/src/data/can/train/good/260_regular.png,1024,2232,1.0
can,train,/content/msila/src/data/can/train/good/298_regular.png,1024,2232,1.0
can,train,/content/msila/src/data/can/train/good/147_regular.png,1024,2232,1.0
can,train,/content/msila/src/data/can/train/good/198_regular.png,1024,2232,1.0
can,train,/content/msila/src/data/can/train/good/102_regular.png,1024,2232,1.0
can,train,/content/msila/src/data/can/train/good/113_regular.png,1024,2232,1.0
can,train,/content/msila/src/data/can/train/good/218_regular.png,1024,2232,1.0
can,train,/content/msila/src/data/can/train/good/107_regular.png,1024,2232,1.0
can,train,/content/msila/src/data/can/train/good/365_regular.png,1024,2232,1.0
can,train,/content/msila/src/data/can/train/good/357_regular.png,1024,2232,1.0
can,train,/content/msila/src/data/can/train/good/149_regular.png,1024,2232,1.0
can,train,/content/msila/src/data/can/train/good/392_regular.png,1024,2232,1.0
can,train,/content/msila/src/data/can/train/good/279_regular.png,1024,2232,1.0
can,train,/content/msila/src/data/can/train/good/300_regular.png,1024,2232,1.0
can,train,/content/msila/src/data/can/train/good/360_regular.png,1024,2232,1.0
can,train,/content/msila/src/data/can/train/good/095_regular.png,1024,2232,1.0
can,train,/content/msila/src/data/can/train/good/101_regular.png,1024,2232,1.0
can,train,/content/msila/src/data/can/train/good/343_regular.png,1024,2232,1.0
can,train,/content/msila/src/data/can/train/good/305_regular.png,1024,2232,1.0
can,train,/content/msila/src/data/can/train/good/316_regular.png,1024,2232,1.0
can,train,/content/msila/src/data/can/train/good/168_regular.png,1024,2232,1.0
can,train,/content/msila/src/data/can/train/good/092_regular.png,1024,2232,1.0
can,train,/content/msila/src/data/can/train/good/323_regular.png,1024,2232,1.0
can,train,/content/msila/src/data/can/train/good/240_regular.png,1024,2232,1.0
can,train,/content/msila/src/data/can/train/good/047_regular.png,1024,2232,1.0
can,train,/content/msila/src/data/can/train/good/401_regular.png,1024,2232,1.0
can,train,/content/msila/src/data/can/train/good/053_regular.png,1024,2232,1.0
can,train,/content/msila/src/data/can/train/good/237_regular.png,1024,2232,1.0
can,train,/content/msila/src/data/can/train/good/021_regular.png,1024,2232,1.0
can,train,/content/msila/src/data/can/train/good/076_regular.png,1024,2232,1.0
can,train,/content/msila/src/data/can/train/good/302_regular.png,1024,2232,1.0
can,train,/content/msila/src/data/can/train/good/090_regular.png,1024,2232,1.0
can,train,/content/msila/src/data/can/train/good/271_regular.png,1024,2232,1.0
can,train,/content/msila/src/data/can/train/good/159_regular.png,1024,2232,1.0
can,train,/content/msila/src/data/can/train/good/187_regular.png,1024,2232,1.0
can,train,/content/msila/src/data/can/train/good/075_regular.png,1024,2232,1.0
can,train,/content/msila/src/data/can/train/good/163_regular.png,1024,2232,1.0
can,train,/content/msila/src/data/can/train/good/010_regular.png,1024,2232,1.0
can,train,/content/msila/src/data/can/train/good/388_regular.png,1024,2232,1.0
can,train,/content/msila/src/data/can/train/good/247_regular.png,1024,2232,1.0
can,train,/content/msila/src/data/can/train/good/049_regular.png,1024,2232,1.0
can,train,/content/msila/src/data/can/train/good/220_regular.png,1024,2232,1.0
can,train,/content/msila/src/data/can/train/good/015_regular.png,1024,2232,1.0
can,train,/content/msila/src/data/can/train/good/249_regular.png,1024,2232,1.0
can,train,/content/msila/src/data/can/train/good/005_regular.png,1024,2232,1.0
can,train,/content/msila/src/data/can/train/good/133_regular.png,1024,2232,1.0
can,train,/content/msila/src/data/can/train/good/030_regular.png,1024,2232,1.0
can,train,/content/msila/src/data/can/train/good/144_regular.png,1024,2232,1.0
can,train,/content/msila/src/data/can/train/good/124_regular.png,1024,2232,1.0
can,train,/content/msila/src/data/can/train/good/318_regular.png,1024,2232,1.0
can,train,/content/msila/src/data/can/train/good/022_regular.png,1024,2232,1.0
can,train,/content/msila/src/data/can/train/good/328_regular.png,1024,2232,1.0
can,train,/content/msila/src/data/can/train/good/223_regular.png,1024,2232,1.0
can,train,/content/msila/src/data/can/train/good/243_regular.png,1024,2232,1.0
can,train,/content/msila/src/data/can/train/good/404_regular.png,1024,2232,1.0
can,train,/content/msila/src/data/can/train/good/088_regular.png,1024,2232,1.0
can,train,/content/msila/src/data/can/train/good/206_regular.png,1024,2232,1.0
can,train,/content/msila/src/data/can/train/good/336_regular.png,1024,2232,1.0
can,train,/content/msila/src/data/can/train/good/116_regular.png,1024,2232,1.0
can,train,/content/msila/src/data/can/train/good/391_regular.png,1024,2232,1.0
can,train,/content/msila/src/data/can/train/good/364_regular.png,1024,2232,1.0
can,train,/content/msila/src/data/can/train/good/014_regular.png,1024,2232,1.0
can,train,/content/msila/src/data/can/train/good/308_regular.png,1024,2232,1.0
can,train,/content/msila/src/data/can/train/good/018_regular.png,1024,2232,1.0
can,train,/content/msila/src/data/can/train/good/371_regular.png,1024,2232,1.0
can,train,/content/msila/src/data/can/train/good/122_regular.png,1024,2232,1.0
can,train,/content/msila/src/data/can/train/good/125_regular.png,1024,2232,1.0
can,train,/content/msila/src/data/can/train/good/319_regular.png,1024,2232,1.0
can,train,/content/msila/src/data/can/train/good/074_regular.png,1024,2232,1.0
can,train,/content/msila/src/data/can/train/good/002_regular.png,1024,2232,1.0
can,train,/content/msila/src/data/can/train/good/132_regular.png,1024,2232,1.0
can,train,/content/msila/src/data/can/train/good/051_regular.png,1024,2232,1.0
can,train,/content/msila/src/data/can/train/good/162_regular.png,1024,2232,1.0
can,train,/content/msila/src/data/can/train/good/123_regular.png,1024,2232,1.0
can,train,/content/msila/src/data/can/train/good/155_regular.png,1024,2232,1.0
can,train,/content/msila/src/data/can/train/good/282_regular.png,1024,2232,1.0
can,train,/content/msila/src/data/can/train/good/408_regular.png,1024,2232,1.0
can,train,/content/msila/src/data/can/train/good/257_regular.png,1024,2232,1.0
can,train,/content/msila/src/data/can/train/good/283_regular.png,1024,2232,1.0
can,train,/content/msila/src/data/can/train/good/152_regular.png,1024,2232,1.0
can,train,/content/msila/src/data/can/train/good/151_regular.png,1024,2232,1.0
can,train,/content/msila/src/data/can/train/good/079_regular.png,1024,2232,1.0
can,train,/content/msila/src/data/can/train/good/044_regular.png,1024,2232,1.0
can,train,/content/msila/src/data/can/train/good/226_regular.png,1024,2232,1.0
can,train,/content/msila/src/data/can/train/good/272_regular.png,1024,2232,1.0
can,train,/content/msila/src/data/can/train/good/280_regular.png,1024,2232,1.0
can,train,/content/msila/src/data/can/train/good/297_regular.png,1024,2232,1.0
can,train,/content/msila/src/data/can/train/good/091_regular.png,1024,2232,1.0
can,train,/content/msila/src/data/can/train/good/239_regular.png,1024,2232,1.0
can,train,/content/msila/src/data/can/train/good/276_regular.png,1024,2232,1.0
can,train,/content/msila/src/data/can/train/good/134_regular.png,1024,2232,1.0
can,train,/content/msila/src/data/can/train/good/161_regular.png,1024,2232,1.0
can,train,/content/msila/src/data/can/train/good/325_regular.png,1024,2232,1.0
can,train,/content/msila/src/data/can/train/good/106_regular.png,1024,2232,1.0
can,train,/content/msila/src/data/can/train/good/167_regular.png,1024,2232,1.0
can,train,/content/msila/src/data/can/train/good/259_regular.png,1024,2232,1.0
can,train,/content/msila/src/data/can/train/good/374_regular.png,1024,2232,1.0
can,train,/content/msila/src/data/can/train/good/338_regular.png,1024,2232,1.0
can,train,/content/msila/src/data/can/train/good/337_regular.png,1024,2232,1.0
can,train,/content/msila/src/data/can/train/good/139_regular.png,1024,2232,1.0
can,train,/content/msila/src/data/can/train/good/253_regular.png,1024,2232,1.0
can,train,/content/msila/src/data/can/train/good/072_regular.png,1024,2232,1.0
can,train,/content/msila/src/data/can/train/good/245_regular.png,1024,2232,1.0
can,train,/content/msila/src/data/can/train/good/373_regular.png,1024,2232,1.0
can,train,/content/msila/src/data/can/train/good/396_regular.png,1024,2232,1.0
can,train,/content/msila/src/data/can/train/good/380_regular.png,1024,2232,1.0
can,train,/content/msila/src/data/can/train/good/004_regular.png,1024,2232,1.0
can,train,/content/msila/src/data/can/train/good/055_regular.png,1024,2232,1.0
can,train,/content/msila/src/data/can/train/good/352_regular.png,1024,2232,1.0
can,train,/content/msila/src/data/can/train/good/351_regular.png,1024,2232,1.0
can,train,/content/msila/src/data/can/train/good/100_regular.png,1024,2232,1.0
can,train,/content/msila/src/data/can/train/good/117_regular.png,1024,2232,1.0
can,train,/content/msila/src/data/can/train/good/228_regular.png,1024,2232,1.0
can,train,/content/msila/src/data/can/train/good/278_regular.png,1024,2232,1.0
can,train,/content/msila/src/data/can/train/good/184_regular.png,1024,2232,1.0
can,train,/content/msila/src/data/can/train/good/225_regular.png,1024,2232,1.0
can,train,/content/msila/src/data/can/train/good/150_regular.png,1024,2232,1.0
can,train,/content/msila/src/data/can/train/good/016_regular.png,1024,2232,1.0
can,train,/content/msila/src/data/can/train/good/358_regular.png,1024,2232,1.0
can,train,/content/msila/src/data/can/train/good/024_regular.png,1024,2232,1.0
can,train,/content/msila/src/data/can/train/good/310_regular.png,1024,2232,1.0
can,train,/content/msila/src/data/can/train/good/166_regular.png,1024,2232,1.0
can,train,/content/msila/src/data/can/train/good/342_regular.png,1024,2232,1.0
can,train,/content/msila/src/data/can/train/good/251_regular.png,1024,2232,1.0
can,train,/content/msila/src/data/can/train/good/266_regular.png,1024,2232,1.0
can,train,/content/msila/src/data/can/train/good/333_regular.png,1024,2232,1.0
can,train,/content/msila/src/data/can/train/good/294_regular.png,1024,2232,1.0
can,train,/content/msila/src/data/can/train/good/341_regular.png,1024,2232,1.0
can,train,/content/msila/src/data/can/train/good/039_regular.png,1024,2232,1.0
can,train,/content/msila/src/data/can/train/good/176_regular.png,1024,2232,1.0
can,train,/content/msila/src/data/can/train/good/211_regular.png,1024,2232,1.0
can,train,/content/msila/src/data/can/train/good/037_regular.png,1024,2232,1.0
can,train,/content/msila/src/data/can/train/good/011_regular.png,1024,2232,1.0
can,train,/content/msila/src/data/can/train/good/200_regular.png,1024,2232,1.0
can,train,/content/msila/src/data/can/train/good/104_regular.png,1024,2232,1.0
can,train,/content/msila/src/data/can/train/good/062_regular.png,1024,2232,1.0
can,train,/content/msila/src/data/can/train/good/366_regular.png,1024,2232,1.0
can,train,/content/msila/src/data/can/train/good/332_regular.png,1024,2232,1.0
can,train,/content/msila/src/data/can/train/good/154_regular.png,1024,2232,1.0
can,train,/content/msila/src/data/can/train/good/060_regular.png,1024,2232,1.0
can,train,/content/msila/src/data/can/train/good/027_regular.png,1024,2232,1.0
can,train,/content/msila/src/data/can/train/good/320_regular.png,1024,2232,1.0
can,train,/content/msila/src/data/can/train/good/029_regular.png,1024,2232,1.0
can,train,/content/msila/src/data/can/train/good/384_regular.png,1024,2232,1.0
can,train,/content/msila/src/data/can/train/good/148_regular.png,1024,2232,1.0
can,train,/content/msila/src/data/can/train/good/020_regular.png,1024,2232,1.0
can,train,/content/msila/src/data/can/train/good/355_regular.png,1024,2232,1.0
can,train,/content/msila/src/data/can/train/good/334_regular.png,1024,2232,1.0
can,train,/content/msila/src/data/can/train/good/221_regular.png,1024,2232,1.0
can,train,/content/msila/src/data/can/train/good/287_regular.png,1024,2232,1.0
can,train,/content/msila/src/data/can/train/good/120_regular.png,1024,2232,1.0
can,train,/content/msila/src/data/can/train/good/007_regular.png,1024,2232,1.0
can,train,/content/msila/src/data/can/train/good/274_regular.png,1024,2232,1.0
can,train,/content/msila/src/data/can/train/good/275_regular.png,1024,2232,1.0
can,train,/content/msila/src/data/can/train/good/322_regular.png,1024,2232,1.0
can,train,/content/msila/src/data/can/train/good/189_regular.png,1024,2232,1.0
can,train,/content/msila/src/data/can/train/good/286_regular.png,1024,2232,1.0
can,train,/content/msila/src/data/can/train/good/207_regular.png,1024,2232,1.0
can,train,/content/msila/src/data/can/train/good/242_regular.png,1024,2232,1.0
can,train,/content/msila/src/data/can/train/good/083_regular.png,1024,2232,1.0
can,train,/content/msila/src/data/can/train/good/183_regular.png,1024,2232,1.0
can,train,/content/msila/src/data/can/train/good/001_regular.png,1024,2232,1.0
can,train,/content/msila/src/data/can/train/good/066_regular.png,1024,2232,1.0
can,train,/content/msila/src/data/can/train/good/136_regular.png,1024,2232,1.0
can,train,/content/msila/src/data/can/train/good/393_regular.png,1024,2232,1.0
can,train,/content/msila/src/data/can/train/good/026_regular.png,1024,2232,1.0
can,train,/content/msila/src/data/can/train/good/193_regular.png,1024,2232,1.0
can,train,/content/msila/src/data/can/train/good/387_regular.png,1024,2232,1.0
can,train,/content/msila/src/data/can/train/good/031_regular.png,1024,2232,1.0
can,train,/content/msila/src/data/can/train/good/303_regular.png,1024,2232,1.0
can,train,/content/msila/src/data/can/train/good/405_regular.png,1024,2232,1.0
can,train,/content/msila/src/data/can/train/good/361_regular.png,1024,2232,1.0
can,train,/content/msila/src/data/can/train/good/158_regular.png,1024,2232,1.0
can,train,/content/msila/src/data/can/train/good/385_regular.png,1024,2232,1.0
can,train,/content/msila/src/data/can/train/good/081_regular.png,1024,2232,1.0
can,train,/content/msila/src/data/can/train/good/141_regular.png,1024,2232,1.0
can,train,/content/msila/src/data/can/train/good/369_regular.png,1024,2232,1.0
can,train,/content/msila/src/data/can/train/good/208_regular.png,1024,2232,1.0
can,train,/content/msila/src/data/can/train/good/356_regular.png,1024,2232,1.0
can,train,/content/msila/src/data/can/train/good/035_regular.png,1024,2232,1.0
can,train,/content/msila/src/data/can/train/good/008_regular.png,1024,2232,1.0
can,train,/content/msila/src/data/can/train/good/137_regular.png,1024,2232,1.0
can,train,/content/msila/src/data/can/train/good/376_regular.png,1024,2232,1.0
can,train,/content/msila/src/data/can/train/good/346_regular.png,1024,2232,1.0
can,train,/content/msila/src/data/can/train/good/263_regular.png,1024,2232,1.0
can,train,/content/msila/src/data/can/train/good/378_regular.png,1024,2232,1.0
can,train,/content/msila/src/data/can/train/good/250_regular.png,1024,2232,1.0
can,train,/content/msila/src/data/can/train/good/210_regular.png,1024,2232,1.0
can,train,/content/msila/src/data/can/train/good/156_regular.png,1024,2232,1.0
can,train,/content/msila/src/data/can/train/good/058_regular.png,1024,2232,1.0
can,train,/content/msila/src/data/can/train/good/290_regular.png,1024,2232,1.0
can,train,/content/msila/src/data/can/train/good/205_regular.png,1024,2232,1.0
can,train,/content/msila/src/data/can/train/good/236_regular.png,1024,2232,1.0
can,train,/content/msila/src/data/can/train/good/291_regular.png,1024,2232,1.0
can,train,/content/msila/src/data/can/train/good/284_regular.png,1024,2232,1.0
can,train,/content/msila/src/data/can/train/good/186_regular.png,1024,2232,1.0
can,train,/content/msila/src/data/can/train/good/227_regular.png,1024,2232,1.0
can,train,/content/msila/src/data/can/train/good/321_regular.png,1024,2232,1.0
can,train,/content/msila/src/data/can/train/good/052_regular.png,1024,2232,1.0
can,train,/content/msila/src/data/can/train/good/131_regular.png,1024,2232,1.0
can,train,/content/msila/src/data/can/train/good/267_regular.png,1024,2232,1.0
can,train,/content/msila/src/data/can/train/good/214_regular.png,1024,2232,1.0
can,train,/content/msila/src/data/can/train/good/179_regular.png,1024,2232,1.0
can,train,/content/msila/src/data/can/train/good/202_regular.png,1024,2232,1.0
can,train,/content/msila/src/data/can/train/good/232_regular.png,1024,2232,1.0
can,train,/content/msila/src/data/can/train/good/071_regular.png,1024,2232,1.0
can,train,/content/msila/src/data/can/train/good/180_regular.png,1024,2232,1.0
can,train,/content/msila/src/data/can/train/good/089_regular.png,1024,2232,1.0
can,train,/content/msila/src/data/can/train/good/377_regular.png,1024,2232,1.0
can,train,/content/msila/src/data/can/train/good/061_regular.png,1024,2232,1.0
can,train,/content/msila/src/data/can/train/good/068_regular.png,1024,2232,1.0
can,test_public,/content/msila/src/data/can/test_public/bad/012_overexposed.png,1024,2232,1.0
can,test_public,/content/msila/src/data/can/test_public/bad/013_shift_1.png,1024,2232,1.0
can,test_public,/content/msila/src/data/can/test_public/bad/009_overexposed.png,1024,2232,1.0
can,test_public,/content/msila/src/data/can/test_public/bad/010_underexposed.png,1024,2232,1.0
can,test_public,/content/msila/src/data/can/test_public/bad/003_shift_1.png,1024,2232,1.0
can,test_public,/content/msila/src/data/can/test_public/bad/003_overexposed.png,1024,2232,1.0
can,test_public,/content/msila/src/data/can/test_public/bad/002_shift_3.png,1024,2232,1.0
can,test_public,/content/msila/src/data/can/test_public/bad/013_shift_2.png,1024,2232,1.0
can,test_public,/content/msila/src/data/can/test_public/bad/013_overexposed.png,1024,2232,1.0
can,test_public,/content/msila/src/data/can/test_public/bad/010_shift_1.png,1024,2232,1.0
can,test_public,/content/msila/src/data/can/test_public/bad/003_regular.png,1024,2232,1.0
can,test_public,/content/msila/src/data/can/test_public/bad/014_overexposed.png,1024,2232,1.0
can,test_public,/content/msila/src/data/can/test_public/bad/000_regular.png,1024,2232,1.0
can,test_public,/content/msila/src/data/can/test_public/bad/012_regular.png,1024,2232,1.0
can,test_public,/content/msila/src/data/can/test_public/bad/008_underexposed.png,1024,2232,1.0
can,test_public,/content/msila/src/data/can/test_public/bad/004_shift_2.png,1024,2232,1.0
can,test_public,/content/msila/src/data/can/test_public/bad/000_shift_3.png,1024,2232,1.0
can,test_public,/content/msila/src/data/can/test_public/bad/011_shift_2.png,1024,2232,1.0
can,test_public,/content/msila/src/data/can/test_public/bad/005_overexposed.png,1024,2232,1.0
can,test_public,/content/msila/src/data/can/test_public/bad/001_shift_1.png,1024,2232,1.0
can,test_public,/content/msila/src/data/can/test_public/bad/004_shift_1.png,1024,2232,1.0
can,test_public,/content/msila/src/data/can/test_public/bad/010_shift_2.png,1024,2232,1.0
can,test_public,/content/msila/src/data/can/test_public/bad/012_shift_2.png,1024,2232,1.0
can,test_public,/content/msila/src/data/can/test_public/bad/007_overexposed.png,1024,2232,1.0
can,test_public,/content/msila/src/data/can/test_public/bad/009_regular.png,1024,2232,1.0
can,test_public,/content/msila/src/data/can/test_public/bad/008_shift_3.png,1024,2232,1.0
can,test_public,/content/msila/src/data/can/test_public/bad/009_shift_3.png,1024,2232,1.0
can,test_public,/content/msila/src/data/can/test_public/bad/011_overexposed.png,1024,2232,1.0
can,test_public,/content/msila/src/data/can/test_public/bad/005_shift_1.png,1024,2232,1.0
can,test_public,/content/msila/src/data/can/test_public/bad/003_shift_3.png,1024,2232,1.0
can,test_public,/content/msila/src/data/can/test_public/bad/012_shift_1.png,1024,2232,1.0
can,test_public,/content/msila/src/data/can/test_public/bad/004_underexposed.png,1024,2232,1.0
can,test_public,/content/msila/src/data/can/test_public/bad/000_shift_2.png,1024,2232,1.0
can,test_public,/content/msila/src/data/can/test_public/bad/005_shift_2.png,1024,2232,1.0
can,test_public,/content/msila/src/data/can/test_public/bad/014_underexposed.png,1024,2232,1.0
can,test_public,/content/msila/src/data/can/test_public/bad/013_regular.png,1024,2232,1.0
can,test_public,/content/msila/src/data/can/test_public/bad/004_shift_3.png,1024,2232,1.0
can,test_public,/content/msila/src/data/can/test_public/bad/002_overexposed.png,1024,2232,1.0
can,test_public,/content/msila/src/data/can/test_public/bad/006_regular.png,1024,2232,1.0
can,test_public,/content/msila/src/data/can/test_public/bad/006_overexposed.png,1024,2232,1.0
can,test_public,/content/msila/src/data/can/test_public/bad/011_underexposed.png,1024,2232,1.0
can,test_public,/content/msila/src/data/can/test_public/bad/005_underexposed.png,1024,2232,1.0
can,test_public,/content/msila/src/data/can/test_public/bad/009_shift_2.png,1024,2232,1.0
can,test_public,/content/msila/src/data/can/test_public/bad/006_underexposed.png,1024,2232,1.0
can,test_public,/content/msila/src/data/can/test_public/bad/007_shift_1.png,1024,2232,1.0
can,test_public,/content/msila/src/data/can/test_public/bad/001_underexposed.png,1024,2232,1.0
can,test_public,/content/msila/src/data/can/test_public/bad/010_regular.png,1024,2232,1.0
can,test_public,/content/msila/src/data/can/test_public/bad/006_shift_3.png,1024,2232,1.0
can,test_public,/content/msila/src/data/can/test_public/bad/005_regular.png,1024,2232,1.0
can,test_public,/content/msila/src/data/can/test_public/bad/009_underexposed.png,1024,2232,1.0
can,test_public,/content/msila/src/data/can/test_public/bad/000_overexposed.png,1024,2232,1.0
can,test_public,/content/msila/src/data/can/test_public/bad/013_shift_3.png,1024,2232,1.0
can,test_public,/content/msila/src/data/can/test_public/bad/009_shift_1.png,1024,2232,1.0
can,test_public,/content/msila/src/data/can/test_public/bad/014_regular.png,1024,2232,1.0
can,test_public,/content/msila/src/data/can/test_public/bad/005_shift_3.png,1024,2232,1.0
can,test_public,/content/msila/src/data/can/test_public/bad/002_regular.png,1024,2232,1.0
can,test_public,/content/msila/src/data/can/test_public/bad/008_shift_2.png,1024,2232,1.0
can,test_public,/content/msila/src/data/can/test_public/bad/008_overexposed.png,1024,2232,1.0
can,test_public,/content/msila/src/data/can/test_public/bad/010_shift_3.png,1024,2232,1.0
can,test_public,/content/msila/src/data/can/test_public/bad/014_shift_1.png,1024,2232,1.0
can,test_public,/content/msila/src/data/can/test_public/bad/000_shift_1.png,1024,2232,1.0
can,test_public,/content/msila/src/data/can/test_public/bad/006_shift_1.png,1024,2232,1.0
can,test_public,/content/msila/src/data/can/test_public/bad/002_shift_1.png,1024,2232,1.0
can,test_public,/content/msila/src/data/can/test_public/bad/004_overexposed.png,1024,2232,1.0
can,test_public,/content/msila/src/data/can/test_public/bad/014_shift_2.png,1024,2232,1.0
can,test_public,/content/msila/src/data/can/test_public/bad/004_regular.png,1024,2232,1.0
can,test_public,/content/msila/src/data/can/test_public/bad/013_underexposed.png,1024,2232,1.0
can,test_public,/content/msila/src/data/can/test_public/bad/003_shift_2.png,1024,2232,1.0
can,test_public,/content/msila/src/data/can/test_public/bad/001_shift_2.png,1024,2232,1.0
can,test_public,/content/msila/src/data/can/test_public/bad/008_shift_1.png,1024,2232,1.0
can,test_public,/content/msila/src/data/can/test_public/bad/011_regular.png,1024,2232,1.0
can,test_public,/content/msila/src/data/can/test_public/bad/001_overexposed.png,1024,2232,1.0
can,test_public,/content/msila/src/data/can/test_public/bad/000_underexposed.png,1024,2232,1.0
can,test_public,/content/msila/src/data/can/test_public/bad/002_underexposed.png,1024,2232,1.0
can,test_public,/content/msila/src/data/can/test_public/bad/012_shift_3.png,1024,2232,1.0
can,test_public,/content/msila/src/data/can/test_public/bad/007_regular.png,1024,2232,1.0
can,test_public,/content/msila/src/data/can/test_public/bad/012_underexposed.png,1024,2232,1.0
can,test_public,/content/msila/src/data/can/test_public/bad/007_shift_3.png,1024,2232,1.0
can,test_public,/content/msila/src/data/can/test_public/bad/001_regular.png,1024,2232,1.0
can,test_public,/content/msila/src/data/can/test_public/bad/003_underexposed.png,1024,2232,1.0
can,test_public,/content/msila/src/data/can/test_public/bad/008_regular.png,1024,2232,1.0
can,test_public,/content/msila/src/data/can/test_public/bad/014_shift_3.png,1024,2232,1.0
can,test_public,/content/msila/src/data/can/test_public/bad/006_shift_2.png,1024,2232,1.0
can,test_public,/content/msila/src/data/can/test_public/bad/011_shift_1.png,1024,2232,1.0
can,test_public,/content/msila/src/data/can/test_public/bad/001_shift_3.png,1024,2232,1.0
can,test_public,/content/msila/src/data/can/test_public/bad/011_shift_3.png,1024,2232,1.0
can,test_public,/content/msila/src/data/can/test_public/bad/007_shift_2.png,1024,2232,1.0
can,test_public,/content/msila/src/data/can/test_public/bad/007_underexposed.png,1024,2232,1.0
can,test_public,/content/msila/src/data/can/test_public/bad/010_overexposed.png,1024,2232,1.0
can,test_public,/content/msila/src/data/can/test_public/bad/002_shift_2.png,1024,2232,1.0
can,test_public,/content/msila/src/data/can/test_public/good/009_overexposed.png,1024,2232,1.0
can,test_public,/content/msila/src/data/can/test_public/good/010_underexposed.png,1024,2232,1.0
can,test_public,/content/msila/src/data/can/test_public/good/003_shift_1.png,1024,2232,1.0
can,test_public,/content/msila/src/data/can/test_public/good/003_overexposed.png,1024,2232,1.0
can,test_public,/content/msila/src/data/can/test_public/good/002_shift_3.png,1024,2232,1.0
can,test_public,/content/msila/src/data/can/test_public/good/010_shift_1.png,1024,2232,1.0
can,test_public,/content/msila/src/data/can/test_public/good/003_regular.png,1024,2232,1.0
can,test_public,/content/msila/src/data/can/test_public/good/000_regular.png,1024,2232,1.0
can,test_public,/content/msila/src/data/can/test_public/good/008_underexposed.png,1024,2232,1.0
can,test_public,/content/msila/src/data/can/test_public/good/004_shift_2.png,1024,2232,1.0
can,test_public,/content/msila/src/data/can/test_public/good/000_shift_3.png,1024,2232,1.0
can,test_public,/content/msila/src/data/can/test_public/good/011_shift_2.png,1024,2232,1.0
can,test_public,/content/msila/src/data/can/test_public/good/005_overexposed.png,1024,2232,1.0
can,test_public,/content/msila/src/data/can/test_public/good/001_shift_1.png,1024,2232,1.0
can,test_public,/content/msila/src/data/can/test_public/good/004_shift_1.png,1024,2232,1.0
can,test_public,/content/msila/src/data/can/test_public/good/010_shift_2.png,1024,2232,1.0
can,test_public,/content/msila/src/data/can/test_public/good/007_overexposed.png,1024,2232,1.0
can,test_public,/content/msila/src/data/can/test_public/good/009_regular.png,1024,2232,1.0
can,test_public,/content/msila/src/data/can/test_public/good/008_shift_3.png,1024,2232,1.0
can,test_public,/content/msila/src/data/can/test_public/good/009_shift_3.png,1024,2232,1.0
can,test_public,/content/msila/src/data/can/test_public/good/011_overexposed.png,1024,2232,1.0
can,test_public,/content/msila/src/data/can/test_public/good/005_shift_1.png,1024,2232,1.0
can,test_public,/content/msila/src/data/can/test_public/good/003_shift_3.png,1024,2232,1.0
can,test_public,/content/msila/src/data/can/test_public/good/004_underexposed.png,1024,2232,1.0
can,test_public,/content/msila/src/data/can/test_public/good/000_shift_2.png,1024,2232,1.0
can,test_public,/content/msila/src/data/can/test_public/good/005_shift_2.png,1024,2232,1.0
can,test_public,/content/msila/src/data/can/test_public/good/004_shift_3.png,1024,2232,1.0
can,test_public,/content/msila/src/data/can/test_public/good/002_overexposed.png,1024,2232,1.0
can,test_public,/content/msila/src/data/can/test_public/good/006_regular.png,1024,2232,1.0
can,test_public,/content/msila/src/data/can/test_public/good/006_overexposed.png,1024,2232,1.0
can,test_public,/content/msila/src/data/can/test_public/good/011_underexposed.png,1024,2232,1.0
can,test_public,/content/msila/src/data/can/test_public/good/005_underexposed.png,1024,2232,1.0
can,test_public,/content/msila/src/data/can/test_public/good/009_shift_2.png,1024,2232,1.0
can,test_public,/content/msila/src/data/can/test_public/good/006_underexposed.png,1024,2232,1.0
can,test_public,/content/msila/src/data/can/test_public/good/007_shift_1.png,1024,2232,1.0
can,test_public,/content/msila/src/data/can/test_public/good/001_underexposed.png,1024,2232,1.0
can,test_public,/content/msila/src/data/can/test_public/good/010_regular.png,1024,2232,1.0
can,test_public,/content/msila/src/data/can/test_public/good/006_shift_3.png,1024,2232,1.0
can,test_public,/content/msila/src/data/can/test_public/good/005_regular.png,1024,2232,1.0
can,test_public,/content/msila/src/data/can/test_public/good/009_underexposed.png,1024,2232,1.0
can,test_public,/content/msila/src/data/can/test_public/good/000_overexposed.png,1024,2232,1.0
can,test_public,/content/msila/src/data/can/test_public/good/009_shift_1.png,1024,2232,1.0
can,test_public,/content/msila/src/data/can/test_public/good/005_shift_3.png,1024,2232,1.0
can,test_public,/content/msila/src/data/can/test_public/good/002_regular.png,1024,2232,1.0
can,test_public,/content/msila/src/data/can/test_public/good/008_shift_2.png,1024,2232,1.0
can,test_public,/content/msila/src/data/can/test_public/good/008_overexposed.png,1024,2232,1.0
can,test_public,/content/msila/src/data/can/test_public/good/010_shift_3.png,1024,2232,1.0
can,test_public,/content/msila/src/data/can/test_public/good/000_shift_1.png,1024,2232,1.0
can,test_public,/content/msila/src/data/can/test_public/good/006_shift_1.png,1024,2232,1.0
can,test_public,/content/msila/src/data/can/test_public/good/002_shift_1.png,1024,2232,1.0
can,test_public,/content/msila/src/data/can/test_public/good/004_overexposed.png,1024,2232,1.0
can,test_public,/content/msila/src/data/can/test_public/good/004_regular.png,1024,2232,1.0
can,test_public,/content/msila/src/data/can/test_public/good/003_shift_2.png,1024,2232,1.0
can,test_public,/content/msila/src/data/can/test_public/good/001_shift_2.png,1024,2232,1.0
can,test_public,/content/msila/src/data/can/test_public/good/008_shift_1.png,1024,2232,1.0
can,test_public,/content/msila/src/data/can/test_public/good/011_regular.png,1024,2232,1.0
can,test_public,/content/msila/src/data/can/test_public/good/001_overexposed.png,1024,2232,1.0
can,test_public,/content/msila/src/data/can/test_public/good/000_underexposed.png,1024,2232,1.0
can,test_public,/content/msila/src/data/can/test_public/good/002_underexposed.png,1024,2232,1.0
can,test_public,/content/msila/src/data/can/test_public/good/007_regular.png,1024,2232,1.0
can,test_public,/content/msila/src/data/can/test_public/good/007_shift_3.png,1024,2232,1.0
can,test_public,/content/msila/src/data/can/test_public/good/001_regular.png,1024,2232,1.0
can,test_public,/content/msila/src/data/can/test_public/good/003_underexposed.png,1024,2232,1.0
can,test_public,/content/msila/src/data/can/test_public/good/008_regular.png,1024,2232,1.0
can,test_public,/content/msila/src/data/can/test_public/good/006_shift_2.png,1024,2232,1.0
can,test_public,/content/msila/src/data/can/test_public/good/011_shift_1.png,1024,2232,1.0
can,test_public,/content/msila/src/data/can/test_public/good/001_shift_3.png,1024,2232,1.0
can,test_public,/content/msila/src/data/can/test_public/good/011_shift_3.png,1024,2232,1.0
can,test_public,/content/msila/src/data/can/test_public/good/007_shift_2.png,1024,2232,1.0
can,test_public,/content/msila/src/data/can/test_public/good/007_underexposed.png,1024,2232,1.0
can,test_public,/content/msila/src/data/can/test_public/good/010_overexposed.png,1024,2232,1.0
can,test_public,/content/msila/src/data/can/test_public/good/002_shift_2.png,1024,2232,1.0
sheet_metal,test_private_mixed,/content/msila/src/data/sheet_metal/test_private_mixed/098_mixed.png,1056,4224,1.0
sheet_metal,test_private_mixed,/content/msila/src/data/sheet_metal/test_private_mixed/055_mixed.png,1056,4224,1.0
sheet_metal,test_private_mixed,/content/msila/src/data/sheet_metal/test_private_mixed/084_mixed.png,1056,4224,1.0
sheet_metal,test_private_mixed,/content/msila/src/data/sheet_metal/test_private_mixed/015_mixed.png,1056,4224,1.0
sheet_metal,test_private_mixed,/content/msila/src/data/sheet_metal/test_private_mixed/027_mixed.png,1056,4224,1.0
sheet_metal,test_private_mixed,/content/msila/src/data/sheet_metal/test_private_mixed/044_mixed.png,1056,4224,1.0
sheet_metal,test_private_mixed,/content/msila/src/data/sheet_metal/test_private_mixed/018_mixed.png,1056,4224,1.0
sheet_metal,test_private_mixed,/content/msila/src/data/sheet_metal/test_private_mixed/020_mixed.png,1056,4224,1.0
sheet_metal,test_private_mixed,/content/msila/src/data/sheet_metal/test_private_mixed/067_mixed.png,1056,4224,1.0
sheet_metal,test_private_mixed,/content/msila/src/data/sheet_metal/test_private_mixed/080_mixed.png,1056,4224,1.0
sheet_metal,test_private_mixed,/content/msila/src/data/sheet_metal/test_private_mixed/092_mixed.png,1056,4224,1.0
sheet_metal,test_private_mixed,/content/msila/src/data/sheet_metal/test_private_mixed/066_mixed.png,1056,4224,1.0
sheet_metal,test_private_mixed,/content/msila/src/data/sheet_metal/test_private_mixed/070_mixed.png,1056,4224,1.0
sheet_metal,test_private_mixed,/content/msila/src/data/sheet_metal/test_private_mixed/074_mixed.png,1056,4224,1.0
sheet_metal,test_private_mixed,/content/msila/src/data/sheet_metal/test_private_mixed/069_mixed.png,1056,4224,1.0
sheet_metal,test_private_mixed,/content/msila/src/data/sheet_metal/test_private_mixed/016_mixed.png,1056,4224,1.0
sheet_metal,test_private_mixed,/content/msila/src/data/sheet_metal/test_private_mixed/118_mixed.png,1056,4224,1.0
sheet_metal,test_private_mixed,/content/msila/src/data/sheet_metal/test_private_mixed/037_mixed.png,1056,4224,1.0
sheet_metal,test_private_mixed,/content/msila/src/data/sheet_metal/test_private_mixed/079_mixed.png,1056,4224,1.0
sheet_metal,test_private_mixed,/content/msila/src/data/sheet_metal/test_private_mixed/000_mixed.png,1056,4224,1.0
sheet_metal,test_private_mixed,/content/msila/src/data/sheet_metal/test_private_mixed/081_mixed.png,1056,4224,1.0
sheet_metal,test_private_mixed,/content/msila/src/data/sheet_metal/test_private_mixed/082_mixed.png,1056,4224,1.0
sheet_metal,test_private_mixed,/content/msila/src/data/sheet_metal/test_private_mixed/039_mixed.png,1056,4224,1.0
sheet_metal,test_private_mixed,/content/msila/src/data/sheet_metal/test_private_mixed/126_mixed.png,1056,4224,1.0
sheet_metal,test_private_mixed,/content/msila/src/data/sheet_metal/test_private_mixed/059_mixed.png,1056,4224,1.0
sheet_metal,test_private_mixed,/content/msila/src/data/sheet_metal/test_private_mixed/035_mixed.png,1056,4224,1.0
sheet_metal,test_private_mixed,/content/msila/src/data/sheet_metal/test_private_mixed/116_mixed.png,1056,4224,1.0
sheet_metal,test_private_mixed,/content/msila/src/data/sheet_metal/test_private_mixed/062_mixed.png,1056,4224,1.0
sheet_metal,test_private_mixed,/content/msila/src/data/sheet_metal/test_private_mixed/138_mixed.png,1056,4224,1.0
sheet_metal,test_private_mixed,/content/msila/src/data/sheet_metal/test_private_mixed/028_mixed.png,1056,4224,1.0
sheet_metal,test_private_mixed,/content/msila/src/data/sheet_metal/test_private_mixed/012_mixed.png,1056,4224,1.0
sheet_metal,test_private_mixed,/content/msila/src/data/sheet_metal/test_private_mixed/071_mixed.png,1056,4224,1.0
sheet_metal,test_private_mixed,/content/msila/src/data/sheet_metal/test_private_mixed/017_mixed.png,1056,4224,1.0
sheet_metal,test_private_mixed,/content/msila/src/data/sheet_metal/test_private_mixed/006_mixed.png,1056,4224,1.0
sheet_metal,test_private_mixed,/content/msila/src/data/sheet_metal/test_private_mixed/047_mixed.png,1056,4224,1.0
sheet_metal,test_private_mixed,/content/msila/src/data/sheet_metal/test_private_mixed/050_mixed.png,1056,4224,1.0
sheet_metal,test_private_mixed,/content/msila/src/data/sheet_metal/test_private_mixed/119_mixed.png,1056,4224,1.0
sheet_metal,test_private_mixed,/content/msila/src/data/sheet_metal/test_private_mixed/106_mixed.png,1056,4224,1.0
sheet_metal,test_private_mixed,/content/msila/src/data/sheet_metal/test_private_mixed/034_mixed.png,1056,4224,1.0
sheet_metal,test_private_mixed,/content/msila/src/data/sheet_metal/test_private_mixed/104_mixed.png,1056,4224,1.0
sheet_metal,test_private_mixed,/content/msila/src/data/sheet_metal/test_private_mixed/091_mixed.png,1056,4224,1.0
sheet_metal,test_private_mixed,/content/msila/src/data/sheet_metal/test_private_mixed/086_mixed.png,1056,4224,1.0
sheet_metal,test_private_mixed,/content/msila/src/data/sheet_metal/test_private_mixed/127_mixed.png,1056,4224,1.0
sheet_metal,test_private_mixed,/content/msila/src/data/sheet_metal/test_private_mixed/123_mixed.png,1056,4224,1.0
sheet_metal,test_private_mixed,/content/msila/src/data/sheet_metal/test_private_mixed/002_mixed.png,1056,4224,1.0
sheet_metal,test_private_mixed,/content/msila/src/data/sheet_metal/test_private_mixed/130_mixed.png,1056,4224,1.0
sheet_metal,test_private_mixed,/content/msila/src/data/sheet_metal/test_private_mixed/048_mixed.png,1056,4224,1.0
sheet_metal,test_private_mixed,/content/msila/src/data/sheet_metal/test_private_mixed/008_mixed.png,1056,4224,1.0
sheet_metal,test_private_mixed,/content/msila/src/data/sheet_metal/test_private_mixed/013_mixed.png,1056,4224,1.0
sheet_metal,test_private_mixed,/content/msila/src/data/sheet_metal/test_private_mixed/137_mixed.png,1056,4224,1.0
sheet_metal,test_private_mixed,/content/msila/src/data/sheet_metal/test_private_mixed/061_mixed.png,1056,4224,1.0
sheet_metal,test_private_mixed,/content/msila/src/data/sheet_metal/test_private_mixed/122_mixed.png,1056,4224,1.0
sheet_metal,test_private_mixed,/content/msila/src/data/sheet_metal/test_private_mixed/113_mixed.png,1056,4224,1.0
sheet_metal,test_private_mixed,/content/msila/src/data/sheet_metal/test_private_mixed/095_mixed.png,1056,4224,1.0
sheet_metal,test_private_mixed,/content/msila/src/data/sheet_metal/test_private_mixed/060_mixed.png,1056,4224,1.0
sheet_metal,test_private_mixed,/content/msila/src/data/sheet_metal/test_private_mixed/078_mixed.png,1056,4224,1.0
sheet_metal,test_private_mixed,/content/msila/src/data/sheet_metal/test_private_mixed/117_mixed.png,1056,4224,1.0
sheet_metal,test_private_mixed,/content/msila/src/data/sheet_metal/test_private_mixed/089_mixed.png,1056,4224,1.0
sheet_metal,test_private_mixed,/content/msila/src/data/sheet_metal/test_private_mixed/058_mixed.png,1056,4224,1.0
sheet_metal,test_private_mixed,/content/msila/src/data/sheet_metal/test_private_mixed/133_mixed.png,1056,4224,1.0
sheet_metal,test_private_mixed,/content/msila/src/data/sheet_metal/test_private_mixed/054_mixed.png,1056,4224,1.0
sheet_metal,test_private_mixed,/content/msila/src/data/sheet_metal/test_private_mixed/134_mixed.png,1056,4224,1.0
sheet_metal,test_private_mixed,/content/msila/src/data/sheet_metal/test_private_mixed/124_mixed.png,1056,4224,1.0
sheet_metal,test_private_mixed,/content/msila/src/data/sheet_metal/test_private_mixed/019_mixed.png,1056,4224,1.0
sheet_metal,test_private_mixed,/content/msila/src/data/sheet_metal/test_private_mixed/029_mixed.png,1056,4224,1.0
sheet_metal,test_private_mixed,/content/msila/src/data/sheet_metal/test_private_mixed/087_mixed.png,1056,4224,1.0
sheet_metal,test_private_mixed,/content/msila/src/data/sheet_metal/test_private_mixed/129_mixed.png,1056,4224,1.0
sheet_metal,test_private_mixed,/content/msila/src/data/sheet_metal/test_private_mixed/099_mixed.png,1056,4224,1.0
sheet_metal,test_private_mixed,/content/msila/src/data/sheet_metal/test_private_mixed/041_mixed.png,1056,4224,1.0
sheet_metal,test_private_mixed,/content/msila/src/data/sheet_metal/test_private_mixed/036_mixed.png,1056,4224,1.0
sheet_metal,test_private_mixed,/content/msila/src/data/sheet_metal/test_private_mixed/100_mixed.png,1056,4224,1.0
sheet_metal,test_private_mixed,/content/msila/src/data/sheet_metal/test_private_mixed/076_mixed.png,1056,4224,1.0
sheet_metal,test_private_mixed,/content/msila/src/data/sheet_metal/test_private_mixed/108_mixed.png,1056,4224,1.0
sheet_metal,test_private_mixed,/content/msila/src/data/sheet_metal/test_private_mixed/052_mixed.png,1056,4224,1.0
sheet_metal,test_private_mixed,/content/msila/src/data/sheet_metal/test_private_mixed/051_mixed.png,1056,4224,1.0
sheet_metal,test_private_mixed,/content/msila/src/data/sheet_metal/test_private_mixed/097_mixed.png,1056,4224,1.0
sheet_metal,test_private_mixed,/content/msila/src/data/sheet_metal/test_private_mixed/101_mixed.png,1056,4224,1.0
sheet_metal,test_private_mixed,/content/msila/src/data/sheet_metal/test_private_mixed/033_mixed.png,1056,4224,1.0
sheet_metal,test_private_mixed,/content/msila/src/data/sheet_metal/test_private_mixed/085_mixed.png,1056,4224,1.0
sheet_metal,test_private_mixed,/content/msila/src/data/sheet_metal/test_private_mixed/139_mixed.png,1056,4224,1.0
sheet_metal,test_private_mixed,/content/msila/src/data/sheet_metal/test_private_mixed/111_mixed.png,1056,4224,1.0
sheet_metal,test_private_mixed,/content/msila/src/data/sheet_metal/test_private_mixed/032_mixed.png,1056,4224,1.0
sheet_metal,test_private_mixed,/content/msila/src/data/sheet_metal/test_private_mixed/075_mixed.png,1056,4224,1.0
sheet_metal,test_private_mixed,/content/msila/src/data/sheet_metal/test_private_mixed/011_mixed.png,1056,4224,1.0
sheet_metal,test_private_mixed,/content/msila/src/data/sheet_metal/test_private_mixed/107_mixed.png,1056,4224,1.0
sheet_metal,test_private_mixed,/content/msila/src/data/sheet_metal/test_private_mixed/049_mixed.png,1056,4224,1.0
sheet_metal,test_private_mixed,/content/msila/src/data/sheet_metal/test_private_mixed/128_mixed.png,1056,4224,1.0
sheet_metal,test_private_mixed,/content/msila/src/data/sheet_metal/test_private_mixed/102_mixed.png,1056,4224,1.0
sheet_metal,test_private_mixed,/content/msila/src/data/sheet_metal/test_private_mixed/064_mixed.png,1056,4224,1.0
sheet_metal,test_private_mixed,/content/msila/src/data/sheet_metal/test_private_mixed/010_mixed.png,1056,4224,1.0
sheet_metal,test_private_mixed,/content/msila/src/data/sheet_metal/test_private_mixed/083_mixed.png,1056,4224,1.0
sheet_metal,test_private_mixed,/content/msila/src/data/sheet_metal/test_private_mixed/005_mixed.png,1056,4224,1.0
sheet_metal,test_private_mixed,/content/msila/src/data/sheet_metal/test_private_mixed/046_mixed.png,1056,4224,1.0
sheet_metal,test_private_mixed,/content/msila/src/data/sheet_metal/test_private_mixed/022_mixed.png,1056,4224,1.0
sheet_metal,test_private_mixed,/content/msila/src/data/sheet_metal/test_private_mixed/026_mixed.png,1056,4224,1.0
sheet_metal,test_private_mixed,/content/msila/src/data/sheet_metal/test_private_mixed/040_mixed.png,1056,4224,1.0
sheet_metal,test_private_mixed,/content/msila/src/data/sheet_metal/test_private_mixed/073_mixed.png,1056,4224,1.0
sheet_metal,test_private_mixed,/content/msila/src/data/sheet_metal/test_private_mixed/004_mixed.png,1056,4224,1.0
sheet_metal,test_private_mixed,/content/msila/src/data/sheet_metal/test_private_mixed/057_mixed.png,1056,4224,1.0
sheet_metal,test_private_mixed,/content/msila/src/data/sheet_metal/test_private_mixed/068_mixed.png,1056,4224,1.0
sheet_metal,test_private_mixed,/content/msila/src/data/sheet_metal/test_private_mixed/038_mixed.png,1056,4224,1.0
sheet_metal,test_private_mixed,/content/msila/src/data/sheet_metal/test_private_mixed/114_mixed.png,1056,4224,1.0
sheet_metal,test_private_mixed,/content/msila/src/data/sheet_metal/test_private_mixed/105_mixed.png,1056,4224,1.0
sheet_metal,test_private_mixed,/content/msila/src/data/sheet_metal/test_private_mixed/021_mixed.png,1056,4224,1.0
sheet_metal,test_private_mixed,/content/msila/src/data/sheet_metal/test_private_mixed/090_mixed.png,1056,4224,1.0
sheet_metal,test_private_mixed,/content/msila/src/data/sheet_metal/test_private_mixed/056_mixed.png,1056,4224,1.0
sheet_metal,test_private_mixed,/content/msila/src/data/sheet_metal/test_private_mixed/135_mixed.png,1056,4224,1.0
sheet_metal,test_private_mixed,/content/msila/src/data/sheet_metal/test_private_mixed/024_mixed.png,1056,4224,1.0
sheet_metal,test_private_mixed,/content/msila/src/data/sheet_metal/test_private_mixed/072_mixed.png,1056,4224,1.0
sheet_metal,test_private_mixed,/content/msila/src/data/sheet_metal/test_private_mixed/030_mixed.png,1056,4224,1.0
sheet_metal,test_private_mixed,/content/msila/src/data/sheet_metal/test_private_mixed/140_mixed.png,1056,4224,1.0
sheet_metal,test_private_mixed,/content/msila/src/data/sheet_metal/test_private_mixed/110_mixed.png,1056,4224,1.0
sheet_metal,test_private_mixed,/content/msila/src/data/sheet_metal/test_private_mixed/025_mixed.png,1056,4224,1.0
sheet_metal,test_private_mixed,/content/msila/src/data/sheet_metal/test_private_mixed/007_mixed.png,1056,4224,1.0
sheet_metal,test_private_mixed,/content/msila/src/data/sheet_metal/test_private_mixed/014_mixed.png,1056,4224,1.0
sheet_metal,test_private_mixed,/content/msila/src/data/sheet_metal/test_private_mixed/121_mixed.png,1056,4224,1.0
sheet_metal,test_private_mixed,/content/msila/src/data/sheet_metal/test_private_mixed/042_mixed.png,1056,4224,1.0
sheet_metal,test_private_mixed,/content/msila/src/data/sheet_metal/test_private_mixed/009_mixed.png,1056,4224,1.0
sheet_metal,test_private_mixed,/content/msila/src/data/sheet_metal/test_private_mixed/120_mixed.png,1056,4224,1.0
sheet_metal,test_private_mixed,/content/msila/src/data/sheet_metal/test_private_mixed/063_mixed.png,1056,4224,1.0
sheet_metal,test_private_mixed,/content/msila/src/data/sheet_metal/test_private_mixed/109_mixed.png,1056,4224,1.0
sheet_metal,test_private_mixed,/content/msila/src/data/sheet_metal/test_private_mixed/141_mixed.png,1056,4224,1.0
sheet_metal,test_private_mixed,/content/msila/src/data/sheet_metal/test_private_mixed/125_mixed.png,1056,4224,1.0
sheet_metal,test_private_mixed,/content/msila/src/data/sheet_metal/test_private_mixed/045_mixed.png,1056,4224,1.0
sheet_metal,test_private_mixed,/content/msila/src/data/sheet_metal/test_private_mixed/065_mixed.png,1056,4224,1.0
sheet_metal,test_private_mixed,/content/msila/src/data/sheet_metal/test_private_mixed/136_mixed.png,1056,4224,1.0
sheet_metal,test_private_mixed,/content/msila/src/data/sheet_metal/test_private_mixed/132_mixed.png,1056,4224,1.0
sheet_metal,test_private_mixed,/content/msila/src/data/sheet_metal/test_private_mixed/093_mixed.png,1056,4224,1.0
sheet_metal,test_private_mixed,/content/msila/src/data/sheet_metal/test_private_mixed/103_mixed.png,1056,4224,1.0
sheet_metal,test_private_mixed,/content/msila/src/data/sheet_metal/test_private_mixed/031_mixed.png,1056,4224,1.0
sheet_metal,test_private_mixed,/content/msila/src/data/sheet_metal/test_private_mixed/001_mixed.png,1056,4224,1.0
sheet_metal,test_private_mixed,/content/msila/src/data/sheet_metal/test_private_mixed/077_mixed.png,1056,4224,1.0
sheet_metal,test_private_mixed,/content/msila/src/data/sheet_metal/test_private_mixed/112_mixed.png,1056,4224,1.0
sheet_metal,test_private_mixed,/content/msila/src/data/sheet_metal/test_private_mixed/088_mixed.png,1056,4224,1.0
sheet_metal,test_private_mixed,/content/msila/src/data/sheet_metal/test_private_mixed/023_mixed.png,1056,4224,1.0
sheet_metal,test_private_mixed,/content/msila/src/data/sheet_metal/test_private_mixed/043_mixed.png,1056,4224,1.0
sheet_metal,test_private_mixed,/content/msila/src/data/sheet_metal/test_private_mixed/096_mixed.png,1056,4224,1.0
sheet_metal,test_private_mixed,/content/msila/src/data/sheet_metal/test_private_mixed/115_mixed.png,1056,4224,1.0
sheet_metal,test_private_mixed,/content/msila/src/data/sheet_metal/test_private_mixed/131_mixed.png,1056,4224,1.0
sheet_metal,test_private_mixed,/content/msila/src/data/sheet_metal/test_private_mixed/053_mixed.png,1056,4224,1.0
sheet_metal,test_private_mixed,/content/msila/src/data/sheet_metal/test_private_mixed/003_mixed.png,1056,4224,1.0
sheet_metal,test_private_mixed,/content/msila/src/data/sheet_metal/test_private_mixed/094_mixed.png,1056,4224,1.0
sheet_metal,test_private,/content/msila/src/data/sheet_metal/test_private/126_regular.png,1056,4224,1.0
sheet_metal,test_private,/content/msila/src/data/sheet_metal/test_private/023_regular.png,1056,4224,1.0
sheet_metal,test_private,/content/msila/src/data/sheet_metal/test_private/057_regular.png,1056,4224,1.0
sheet_metal,test_private,/content/msila/src/data/sheet_metal/test_private/140_regular.png,1056,4224,1.0
sheet_metal,test_private,/content/msila/src/data/sheet_metal/test_private/019_regular.png,1056,4224,1.0
sheet_metal,test_private,/content/msila/src/data/sheet_metal/test_private/128_regular.png,1056,4224,1.0
sheet_metal,test_private,/content/msila/src/data/sheet_metal/test_private/041_regular.png,1056,4224,1.0
sheet_metal,test_private,/content/msila/src/data/sheet_metal/test_private/069_regular.png,1056,4224,1.0
sheet_metal,test_private,/content/msila/src/data/sheet_metal/test_private/085_regular.png,1056,4224,1.0
sheet_metal,test_private,/content/msila/src/data/sheet_metal/test_private/046_regular.png,1056,4224,1.0
sheet_metal,test_private,/content/msila/src/data/sheet_metal/test_private/056_regular.png,1056,4224,1.0
sheet_metal,test_private,/content/msila/src/data/sheet_metal/test_private/017_regular.png,1056,4224,1.0
sheet_metal,test_private,/content/msila/src/data/sheet_metal/test_private/048_regular.png,1056,4224,1.0
sheet_metal,test_private,/content/msila/src/data/sheet_metal/test_private/118_regular.png,1056,4224,1.0
sheet_metal,test_private,/content/msila/src/data/sheet_metal/test_private/025_regular.png,1056,4224,1.0
sheet_metal,test_private,/content/msila/src/data/sheet_metal/test_private/129_regular.png,1056,4224,1.0
sheet_metal,test_private,/content/msila/src/data/sheet_metal/test_private/003_regular.png,1056,4224,1.0
sheet_metal,test_private,/content/msila/src/data/sheet_metal/test_private/059_regular.png,1056,4224,1.0
sheet_metal,test_private,/content/msila/src/data/sheet_metal/test_private/000_regular.png,1056,4224,1.0
sheet_metal,test_private,/content/msila/src/data/sheet_metal/test_private/054_regular.png,1056,4224,1.0
sheet_metal,test_private,/content/msila/src/data/sheet_metal/test_private/012_regular.png,1056,4224,1.0
sheet_metal,test_private,/content/msila/src/data/sheet_metal/test_private/114_regular.png,1056,4224,1.0
sheet_metal,test_private,/content/msila/src/data/sheet_metal/test_private/050_regular.png,1056,4224,1.0
sheet_metal,test_private,/content/msila/src/data/sheet_metal/test_private/078_regular.png,1056,4224,1.0
sheet_metal,test_private,/content/msila/src/data/sheet_metal/test_private/127_regular.png,1056,4224,1.0
sheet_metal,test_private,/content/msila/src/data/sheet_metal/test_private/080_regular.png,1056,4224,1.0
sheet_metal,test_private,/content/msila/src/data/sheet_metal/test_private/097_regular.png,1056,4224,1.0
sheet_metal,test_private,/content/msila/src/data/sheet_metal/test_private/033_regular.png,1056,4224,1.0
sheet_metal,test_private,/content/msila/src/data/sheet_metal/test_private/110_regular.png,1056,4224,1.0
sheet_metal,test_private,/content/msila/src/data/sheet_metal/test_private/065_regular.png,1056,4224,1.0
sheet_metal,test_private,/content/msila/src/data/sheet_metal/test_private/096_regular.png,1056,4224,1.0
sheet_metal,test_private,/content/msila/src/data/sheet_metal/test_private/082_regular.png,1056,4224,1.0
sheet_metal,test_private,/content/msila/src/data/sheet_metal/test_private/009_regular.png,1056,4224,1.0
sheet_metal,test_private,/content/msila/src/data/sheet_metal/test_private/084_regular.png,1056,4224,1.0
sheet_metal,test_private,/content/msila/src/data/sheet_metal/test_private/043_regular.png,1056,4224,1.0
sheet_metal,test_private,/content/msila/src/data/sheet_metal/test_private/070_regular.png,1056,4224,1.0
sheet_metal,test_private,/content/msila/src/data/sheet_metal/test_private/108_regular.png,1056,4224,1.0
sheet_metal,test_private,/content/msila/src/data/sheet_metal/test_private/135_regular.png,1056,4224,1.0
sheet_metal,test_private,/content/msila/src/data/sheet_metal/test_private/111_regular.png,1056,4224,1.0
sheet_metal,test_private,/content/msila/src/data/sheet_metal/test_private/042_regular.png,1056,4224,1.0
sheet_metal,test_private,/content/msila/src/data/sheet_metal/test_private/103_regular.png,1056,4224,1.0
sheet_metal,test_private,/content/msila/src/data/sheet_metal/test_private/094_regular.png,1056,4224,1.0
sheet_metal,test_private,/content/msila/src/data/sheet_metal/test_private/105_regular.png,1056,4224,1.0
sheet_metal,test_private,/content/msila/src/data/sheet_metal/test_private/115_regular.png,1056,4224,1.0
sheet_metal,test_private,/content/msila/src/data/sheet_metal/test_private/038_regular.png,1056,4224,1.0
sheet_metal,test_private,/content/msila/src/data/sheet_metal/test_private/067_regular.png,1056,4224,1.0
sheet_metal,test_private,/content/msila/src/data/sheet_metal/test_private/099_regular.png,1056,4224,1.0
sheet_metal,test_private,/content/msila/src/data/sheet_metal/test_private/121_regular.png,1056,4224,1.0
sheet_metal,test_private,/content/msila/src/data/sheet_metal/test_private/063_regular.png,1056,4224,1.0
sheet_metal,test_private,/content/msila/src/data/sheet_metal/test_private/109_regular.png,1056,4224,1.0
sheet_metal,test_private,/content/msila/src/data/sheet_metal/test_private/077_regular.png,1056,4224,1.0
sheet_metal,test_private,/content/msila/src/data/sheet_metal/test_private/093_regular.png,1056,4224,1.0
sheet_metal,test_private,/content/msila/src/data/sheet_metal/test_private/130_regular.png,1056,4224,1.0
sheet_metal,test_private,/content/msila/src/data/sheet_metal/test_private/036_regular.png,1056,4224,1.0
sheet_metal,test_private,/content/msila/src/data/sheet_metal/test_private/119_regular.png,1056,4224,1.0
sheet_metal,test_private,/content/msila/src/data/sheet_metal/test_private/087_regular.png,1056,4224,1.0
sheet_metal,test_private,/content/msila/src/data/sheet_metal/test_private/073_regular.png,1056,4224,1.0
sheet_metal,test_private,/content/msila/src/data/sheet_metal/test_private/032_regular.png,1056,4224,1.0
sheet_metal,test_private,/content/msila/src/data/sheet_metal/test_private/013_regular.png,1056,4224,1.0
sheet_metal,test_private,/content/msila/src/data/sheet_metal/test_private/006_regular.png,1056,4224,1.0
sheet_metal,test_private,/content/msila/src/data/sheet_metal/test_private/040_regular.png,1056,4224,1.0
sheet_metal,test_private,/content/msila/src/data/sheet_metal/test_private/028_regular.png,1056,4224,1.0
sheet_metal,test_private,/content/msila/src/data/sheet_metal/test_private/064_regular.png,1056,4224,1.0
sheet_metal,test_private,/content/msila/src/data/sheet_metal/test_private/045_regular.png,1056,4224,1.0
sheet_metal,test_private,/content/msila/src/data/sheet_metal/test_private/098_regular.png,1056,4224,1.0
sheet_metal,test_private,/content/msila/src/data/sheet_metal/test_private/034_regular.png,1056,4224,1.0
sheet_metal,test_private,/content/msila/src/data/sheet_metal/test_private/112_regular.png,1056,4224,1.0
sheet_metal,test_private,/content/msila/src/data/sheet_metal/test_private/138_regular.png,1056,4224,1.0
sheet_metal,test_private,/content/msila/src/data/sheet_metal/test_private/086_regular.png,1056,4224,1.0
sheet_metal,test_private,/content/msila/src/data/sheet_metal/test_private/102_regular.png,1056,4224,1.0
sheet_metal,test_private,/content/msila/src/data/sheet_metal/test_private/113_regular.png,1056,4224,1.0
sheet_metal,test_private,/content/msila/src/data/sheet_metal/test_private/107_regular.png,1056,4224,1.0
sheet_metal,test_private,/content/msila/src/data/sheet_metal/test_private/095_regular.png,1056,4224,1.0
sheet_metal,test_private,/content/msila/src/data/sheet_metal/test_private/101_regular.png,1056,4224,1.0
sheet_metal,test_private,/content/msila/src/data/sheet_metal/test_private/092_regular.png,1056,4224,1.0
sheet_metal,test_private,/content/msila/src/data/sheet_metal/test_private/047_regular.png,1056,4224,1.0
sheet_metal,test_private,/content/msila/src/data/sheet_metal/test_private/053_regular.png,1056,4224,1.0
sheet_metal,test_private,/content/msila/src/data/sheet_metal/test_private/021_regular.png,1056,4224,1.0
sheet_metal,test_private,/content/msila/src/data/sheet_metal/test_private/076_regular.png,1056,4224,1.0
sheet_metal,test_private,/content/msila/src/data/sheet_metal/test_private/090_regular.png,1056,4224,1.0
sheet_metal,test_private,/content/msila/src/data/sheet_metal/test_private/075_regular.png,1056,4224,1.0
sheet_metal,test_private,/content/msila/src/data/sheet_metal/test_private/010_regular.png,1056,4224,1.0
sheet_metal,test_private,/content/msila/src/data/sheet_metal/test_private/049_regular.png,1056,4224,1.0
sheet_metal,test_private,/content/msila/src/data/sheet_metal/test_private/015_regular.png,1056,4224,1.0
sheet_metal,test_private,/content/msila/src/data/sheet_metal/test_private/005_regular.png,1056,4224,1.0
sheet_metal,test_private,/content/msila/src/data/sheet_metal/test_private/133_regular.png,1056,4224,1.0
sheet_metal,test_private,/content/msila/src/data/sheet_metal/test_private/030_regular.png,1056,4224,1.0
sheet_metal,test_private,/content/msila/src/data/sheet_metal/test_private/124_regular.png,1056,4224,1.0
sheet_metal,test_private,/content/msila/src/data/sheet_metal/test_private/022_regular.png,1056,4224,1.0
sheet_metal,test_private,/content/msila/src/data/sheet_metal/test_private/088_regular.png,1056,4224,1.0
sheet_metal,test_private,/content/msila/src/data/sheet_metal/test_private/116_regular.png,1056,4224,1.0
sheet_metal,test_private,/content/msila/src/data/sheet_metal/test_private/014_regular.png,1056,4224,1.0
sheet_metal,test_private,/content/msila/src/data/sheet_metal/test_private/018_regular.png,1056,4224,1.0
sheet_metal,test_private,/content/msila/src/data/sheet_metal/test_private/122_regular.png,1056,4224,1.0
sheet_metal,test_private,/content/msila/src/data/sheet_metal/test_private/125_regular.png,1056,4224,1.0
sheet_metal,test_private,/content/msila/src/data/sheet_metal/test_private/074_regular.png,1056,4224,1.0
sheet_metal,test_private,/content/msila/src/data/sheet_metal/test_private/002_regular.png,1056,4224,1.0
sheet_metal,test_private,/content/msila/src/data/sheet_metal/test_private/132_regular.png,1056,4224,1.0
sheet_metal,test_private,/content/msila/src/data/sheet_metal/test_private/051_regular.png,1056,4224,1.0
sheet_metal,test_private,/content/msila/src/data/sheet_metal/test_private/123_regular.png,1056,4224,1.0
sheet_metal,test_private,/content/msila/src/data/sheet_metal/test_private/079_regular.png,1056,4224,1.0
sheet_metal,test_private,/content/msila/src/data/sheet_metal/test_private/044_regular.png,1056,4224,1.0
sheet_metal,test_private,/content/msila/src/data/sheet_metal/test_private/091_regular.png,1056,4224,1.0
sheet_metal,test_private,/content/msila/src/data/sheet_metal/test_private/134_regular.png,1056,4224,1.0
sheet_metal,test_private,/content/msila/src/data/sheet_metal/test_private/106_regular.png,1056,4224,1.0
sheet_metal,test_private,/content/msila/src/data/sheet_metal/test_private/139_regular.png,1056,4224,1.0
sheet_metal,test_private,/content/msila/src/data/sheet_metal/test_private/072_regular.png,1056,4224,1.0
sheet_metal,test_private,/content/msila/src/data/sheet_metal/test_private/004_regular.png,1056,4224,1.0
sheet_metal,test_private,/content/msila/src/data/sheet_metal/test_private/055_regular.png,1056,4224,1.0
sheet_metal,test_private,/content/msila/src/data/sheet_metal/test_private/100_regular.png,1056,4224,1.0
sheet_metal,test_private,/content/msila/src/data/sheet_metal/test_private/117_regular.png,1056,4224,1.0
sheet_metal,test_private,/content/msila/src/data/sheet_metal/test_private/016_regular.png,1056,4224,1.0
sheet_metal,test_private,/content/msila/src/data/sheet_metal/test_private/024_regular.png,1056,4224,1.0
sheet_metal,test_private,/content/msila/src/data/sheet_metal/test_private/039_regular.png,1056,4224,1.0
sheet_metal,test_private,/content/msila/src/data/sheet_metal/test_private/037_regular.png,1056,4224,1.0
sheet_metal,test_private,/content/msila/src/data/sheet_metal/test_private/011_regular.png,1056,4224,1.0
sheet_metal,test_private,/content/msila/src/data/sheet_metal/test_private/104_regular.png,1056,4224,1.0
sheet_metal,test_private,/content/msila/src/data/sheet_metal/test_private/062_regular.png,1056,4224,1.0
sheet_metal,test_private,/content/msila/src/data/sheet_metal/test_private/060_regular.png,1056,4224,1.0
sheet_metal,test_private,/content/msila/src/data/sheet_metal/test_private/027_regular.png,1056,4224,1.0
sheet_metal,test_private,/content/msila/src/data/sheet_metal/test_private/029_regular.png,1056,4224,1.0
sheet_metal,test_private,/content/msila/src/data/sheet_metal/test_private/020_regular.png,1056,4224,1.0
sheet_metal,test_private,/content/msila/src/data/sheet_metal/test_private/120_regular.png,1056,4224,1.0
sheet_metal,test_private,/content/msila/src/data/sheet_metal/test_private/007_regular.png,1056,4224,1.0
sheet_metal,test_private,/content/msila/src/data/sheet_metal/test_private/083_regular.png,1056,4224,1.0
sheet_metal,test_private,/content/msila/src/data/sheet_metal/test_private/001_regular.png,1056,4224,1.0
sheet_metal,test_private,/content/msila/src/data/sheet_metal/test_private/066_regular.png,1056,4224,1.0
sheet_metal,test_private,/content/msila/src/data/sheet_metal/test_private/136_regular.png,1056,4224,1.0
sheet_metal,test_private,/content/msila/src/data/sheet_metal/test_private/026_regular.png,1056,4224,1.0
sheet_metal,test_private,/content/msila/src/data/sheet_metal/test_private/031_regular.png,1056,4224,1.0
sheet_metal,test_private,/content/msila/src/data/sheet_metal/test_private/081_regular.png,1056,4224,1.0
sheet_metal,test_private,/content/msila/src/data/sheet_metal/test_private/141_regular.png,1056,4224,1.0
sheet_metal,test_private,/content/msila/src/data/sheet_metal/test_private/035_regular.png,1056,4224,1.0
sheet_metal,test_private,/content/msila/src/data/sheet_metal/test_private/008_regular.png,1056,4224,1.0
sheet_metal,test_private,/content/msila/src/data/sheet_metal/test_private/137_regular.png,1056,4224,1.0
sheet_metal,test_private,/content/msila/src/data/sheet_metal/test_private/058_regular.png,1056,4224,1.0
sheet_metal,test_private,/content/msila/src/data/sheet_metal/test_private/052_regular.png,1056,4224,1.0
sheet_metal,test_private,/content/msila/src/data/sheet_metal/test_private/131_regular.png,1056,4224,1.0
sheet_metal,test_private,/content/msila/src/data/sheet_metal/test_private/071_regular.png,1056,4224,1.0
sheet_metal,test_private,/content/msila/src/data/sheet_metal/test_private/089_regular.png,1056,4224,1.0
sheet_metal,test_private,/content/msila/src/data/sheet_metal/test_private/061_regular.png,1056,4224,1.0
sheet_metal,test_private,/content/msila/src/data/sheet_metal/test_private/068_regular.png,1056,4224,1.0
sheet_metal,validation,/content/msila/src/data/sheet_metal/validation/good/017_regular.png,1056,4224,1.0
sheet_metal,validation,/content/msila/src/data/sheet_metal/validation/good/003_regular.png,1056,4224,1.0
sheet_metal,validation,/content/msila/src/data/sheet_metal/validation/good/000_regular.png,1056,4224,1.0
sheet_metal,validation,/content/msila/src/data/sheet_metal/validation/good/012_regular.png,1056,4224,1.0
sheet_metal,validation,/content/msila/src/data/sheet_metal/validation/good/009_regular.png,1056,4224,1.0
sheet_metal,validation,/content/msila/src/data/sheet_metal/validation/good/013_regular.png,1056,4224,1.0
sheet_metal,validation,/content/msila/src/data/sheet_metal/validation/good/006_regular.png,1056,4224,1.0
sheet_metal,validation,/content/msila/src/data/sheet_metal/validation/good/010_regular.png,1056,4224,1.0
sheet_metal,validation,/content/msila/src/data/sheet_metal/validation/good/015_regular.png,1056,4224,1.0
sheet_metal,validation,/content/msila/src/data/sheet_metal/validation/good/005_regular.png,1056,4224,1.0
sheet_metal,validation,/content/msila/src/data/sheet_metal/validation/good/014_regular.png,1056,4224,1.0
sheet_metal,validation,/content/msila/src/data/sheet_metal/validation/good/018_regular.png,1056,4224,1.0
sheet_metal,validation,/content/msila/src/data/sheet_metal/validation/good/002_regular.png,1056,4224,1.0
sheet_metal,validation,/content/msila/src/data/sheet_metal/validation/good/004_regular.png,1056,4224,1.0
sheet_metal,validation,/content/msila/src/data/sheet_metal/validation/good/016_regular.png,1056,4224,1.0
sheet_metal,validation,/content/msila/src/data/sheet_metal/validation/good/011_regular.png,1056,4224,1.0
sheet_metal,validation,/content/msila/src/data/sheet_metal/validation/good/007_regular.png,1056,4224,1.0
sheet_metal,validation,/content/msila/src/data/sheet_metal/validation/good/001_regular.png,1056,4224,1.0
sheet_metal,validation,/content/msila/src/data/sheet_metal/validation/good/008_regular.png,1056,4224,1.0
sheet_metal,train,/content/msila/src/data/sheet_metal/train/good/126_regular.png,1056,4224,1.0
sheet_metal,train,/content/msila/src/data/sheet_metal/train/good/023_regular.png,1056,4224,1.0
sheet_metal,train,/content/msila/src/data/sheet_metal/train/good/057_regular.png,1056,4224,1.0
sheet_metal,train,/content/msila/src/data/sheet_metal/train/good/019_regular.png,1056,4224,1.0
sheet_metal,train,/content/msila/src/data/sheet_metal/train/good/128_regular.png,1056,4224,1.0
sheet_metal,train,/content/msila/src/data/sheet_metal/train/good/041_regular.png,1056,4224,1.0
sheet_metal,train,/content/msila/src/data/sheet_metal/train/good/069_regular.png,1056,4224,1.0
sheet_metal,train,/content/msila/src/data/sheet_metal/train/good/085_regular.png,1056,4224,1.0
sheet_metal,train,/content/msila/src/data/sheet_metal/train/good/046_regular.png,1056,4224,1.0
sheet_metal,train,/content/msila/src/data/sheet_metal/train/good/056_regular.png,1056,4224,1.0
sheet_metal,train,/content/msila/src/data/sheet_metal/train/good/017_regular.png,1056,4224,1.0
sheet_metal,train,/content/msila/src/data/sheet_metal/train/good/048_regular.png,1056,4224,1.0
sheet_metal,train,/content/msila/src/data/sheet_metal/train/good/118_regular.png,1056,4224,1.0
sheet_metal,train,/content/msila/src/data/sheet_metal/train/good/025_regular.png,1056,4224,1.0
sheet_metal,train,/content/msila/src/data/sheet_metal/train/good/129_regular.png,1056,4224,1.0
sheet_metal,train,/content/msila/src/data/sheet_metal/train/good/003_regular.png,1056,4224,1.0
sheet_metal,train,/content/msila/src/data/sheet_metal/train/good/059_regular.png,1056,4224,1.0
sheet_metal,train,/content/msila/src/data/sheet_metal/train/good/000_regular.png,1056,4224,1.0
sheet_metal,train,/content/msila/src/data/sheet_metal/train/good/054_regular.png,1056,4224,1.0
sheet_metal,train,/content/msila/src/data/sheet_metal/train/good/012_regular.png,1056,4224,1.0
sheet_metal,train,/content/msila/src/data/sheet_metal/train/good/114_regular.png,1056,4224,1.0
sheet_metal,train,/content/msila/src/data/sheet_metal/train/good/050_regular.png,1056,4224,1.0
sheet_metal,train,/content/msila/src/data/sheet_metal/train/good/078_regular.png,1056,4224,1.0
sheet_metal,train,/content/msila/src/data/sheet_metal/train/good/127_regular.png,1056,4224,1.0
sheet_metal,train,/content/msila/src/data/sheet_metal/train/good/080_regular.png,1056,4224,1.0
sheet_metal,train,/content/msila/src/data/sheet_metal/train/good/097_regular.png,1056,4224,1.0
sheet_metal,train,/content/msila/src/data/sheet_metal/train/good/033_regular.png,1056,4224,1.0
sheet_metal,train,/content/msila/src/data/sheet_metal/train/good/110_regular.png,1056,4224,1.0
sheet_metal,train,/content/msila/src/data/sheet_metal/train/good/065_regular.png,1056,4224,1.0
sheet_metal,train,/content/msila/src/data/sheet_metal/train/good/096_regular.png,1056,4224,1.0
sheet_metal,train,/content/msila/src/data/sheet_metal/train/good/082_regular.png,1056,4224,1.0
sheet_metal,train,/content/msila/src/data/sheet_metal/train/good/009_regular.png,1056,4224,1.0
sheet_metal,train,/content/msila/src/data/sheet_metal/train/good/084_regular.png,1056,4224,1.0
sheet_metal,train,/content/msila/src/data/sheet_metal/train/good/043_regular.png,1056,4224,1.0
sheet_metal,train,/content/msila/src/data/sheet_metal/train/good/070_regular.png,1056,4224,1.0
sheet_metal,train,/content/msila/src/data/sheet_metal/train/good/108_regular.png,1056,4224,1.0
sheet_metal,train,/content/msila/src/data/sheet_metal/train/good/135_regular.png,1056,4224,1.0
sheet_metal,train,/content/msila/src/data/sheet_metal/train/good/111_regular.png,1056,4224,1.0
sheet_metal,train,/content/msila/src/data/sheet_metal/train/good/042_regular.png,1056,4224,1.0
sheet_metal,train,/content/msila/src/data/sheet_metal/train/good/103_regular.png,1056,4224,1.0
sheet_metal,train,/content/msila/src/data/sheet_metal/train/good/094_regular.png,1056,4224,1.0
sheet_metal,train,/content/msila/src/data/sheet_metal/train/good/105_regular.png,1056,4224,1.0
sheet_metal,train,/content/msila/src/data/sheet_metal/train/good/115_regular.png,1056,4224,1.0
sheet_metal,train,/content/msila/src/data/sheet_metal/train/good/038_regular.png,1056,4224,1.0
sheet_metal,train,/content/msila/src/data/sheet_metal/train/good/067_regular.png,1056,4224,1.0
sheet_metal,train,/content/msila/src/data/sheet_metal/train/good/099_regular.png,1056,4224,1.0
sheet_metal,train,/content/msila/src/data/sheet_metal/train/good/121_regular.png,1056,4224,1.0
sheet_metal,train,/content/msila/src/data/sheet_metal/train/good/063_regular.png,1056,4224,1.0
sheet_metal,train,/content/msila/src/data/sheet_metal/train/good/109_regular.png,1056,4224,1.0
sheet_metal,train,/content/msila/src/data/sheet_metal/train/good/077_regular.png,1056,4224,1.0
sheet_metal,train,/content/msila/src/data/sheet_metal/train/good/093_regular.png,1056,4224,1.0
sheet_metal,train,/content/msila/src/data/sheet_metal/train/good/130_regular.png,1056,4224,1.0
sheet_metal,train,/content/msila/src/data/sheet_metal/train/good/036_regular.png,1056,4224,1.0
sheet_metal,train,/content/msila/src/data/sheet_metal/train/good/119_regular.png,1056,4224,1.0
sheet_metal,train,/content/msila/src/data/sheet_metal/train/good/087_regular.png,1056,4224,1.0
sheet_metal,train,/content/msila/src/data/sheet_metal/train/good/073_regular.png,1056,4224,1.0
sheet_metal,train,/content/msila/src/data/sheet_metal/train/good/032_regular.png,1056,4224,1.0
sheet_metal,train,/content/msila/src/data/sheet_metal/train/good/013_regular.png,1056,4224,1.0
sheet_metal,train,/content/msila/src/data/sheet_metal/train/good/006_regular.png,1056,4224,1.0
sheet_metal,train,/content/msila/src/data/sheet_metal/train/good/040_regular.png,1056,4224,1.0
sheet_metal,train,/content/msila/src/data/sheet_metal/train/good/028_regular.png,1056,4224,1.0
sheet_metal,train,/content/msila/src/data/sheet_metal/train/good/064_regular.png,1056,4224,1.0
sheet_metal,train,/content/msila/src/data/sheet_metal/train/good/045_regular.png,1056,4224,1.0
sheet_metal,train,/content/msila/src/data/sheet_metal/train/good/098_regular.png,1056,4224,1.0
sheet_metal,train,/content/msila/src/data/sheet_metal/train/good/034_regular.png,1056,4224,1.0
sheet_metal,train,/content/msila/src/data/sheet_metal/train/good/112_regular.png,1056,4224,1.0
sheet_metal,train,/content/msila/src/data/sheet_metal/train/good/086_regular.png,1056,4224,1.0
sheet_metal,train,/content/msila/src/data/sheet_metal/train/good/102_regular.png,1056,4224,1.0
sheet_metal,train,/content/msila/src/data/sheet_metal/train/good/113_regular.png,1056,4224,1.0
sheet_metal,train,/content/msila/src/data/sheet_metal/train/good/107_regular.png,1056,4224,1.0
sheet_metal,train,/content/msila/src/data/sheet_metal/train/good/095_regular.png,1056,4224,1.0
sheet_metal,train,/content/msila/src/data/sheet_metal/train/good/101_regular.png,1056,4224,1.0
sheet_metal,train,/content/msila/src/data/sheet_metal/train/good/092_regular.png,1056,4224,1.0
sheet_metal,train,/content/msila/src/data/sheet_metal/train/good/047_regular.png,1056,4224,1.0
sheet_metal,train,/content/msila/src/data/sheet_metal/train/good/053_regular.png,1056,4224,1.0
sheet_metal,train,/content/msila/src/data/sheet_metal/train/good/021_regular.png,1056,4224,1.0
sheet_metal,train,/content/msila/src/data/sheet_metal/train/good/076_regular.png,1056,4224,1.0
sheet_metal,train,/content/msila/src/data/sheet_metal/train/good/090_regular.png,1056,4224,1.0
sheet_metal,train,/content/msila/src/data/sheet_metal/train/good/075_regular.png,1056,4224,1.0
sheet_metal,train,/content/msila/src/data/sheet_metal/train/good/010_regular.png,1056,4224,1.0
sheet_metal,train,/content/msila/src/data/sheet_metal/train/good/049_regular.png,1056,4224,1.0
sheet_metal,train,/content/msila/src/data/sheet_metal/train/good/015_regular.png,1056,4224,1.0
sheet_metal,train,/content/msila/src/data/sheet_metal/train/good/005_regular.png,1056,4224,1.0
sheet_metal,train,/content/msila/src/data/sheet_metal/train/good/133_regular.png,1056,4224,1.0
sheet_metal,train,/content/msila/src/data/sheet_metal/train/good/030_regular.png,1056,4224,1.0
sheet_metal,train,/content/msila/src/data/sheet_metal/train/good/124_regular.png,1056,4224,1.0
sheet_metal,train,/content/msila/src/data/sheet_metal/train/good/022_regular.png,1056,4224,1.0
sheet_metal,train,/content/msila/src/data/sheet_metal/train/good/088_regular.png,1056,4224,1.0
sheet_metal,train,/content/msila/src/data/sheet_metal/train/good/116_regular.png,1056,4224,1.0
sheet_metal,train,/content/msila/src/data/sheet_metal/train/good/014_regular.png,1056,4224,1.0
sheet_metal,train,/content/msila/src/data/sheet_metal/train/good/018_regular.png,1056,4224,1.0
sheet_metal,train,/content/msila/src/data/sheet_metal/train/good/122_regular.png,1056,4224,1.0
sheet_metal,train,/content/msila/src/data/sheet_metal/train/good/125_regular.png,1056,4224,1.0
sheet_metal,train,/content/msila/src/data/sheet_metal/train/good/074_regular.png,1056,4224,1.0
sheet_metal,train,/content/msila/src/data/sheet_metal/train/good/002_regular.png,1056,4224,1.0
sheet_metal,train,/content/msila/src/data/sheet_metal/train/good/132_regular.png,1056,4224,1.0
sheet_metal,train,/content/msila/src/data/sheet_metal/train/good/051_regular.png,1056,4224,1.0
sheet_metal,train,/content/msila/src/data/sheet_metal/train/good/123_regular.png,1056,4224,1.0
sheet_metal,train,/content/msila/src/data/sheet_metal/train/good/079_regular.png,1056,4224,1.0
sheet_metal,train,/content/msila/src/data/sheet_metal/train/good/044_regular.png,1056,4224,1.0
sheet_metal,train,/content/msila/src/data/sheet_metal/train/good/091_regular.png,1056,4224,1.0
sheet_metal,train,/content/msila/src/data/sheet_metal/train/good/134_regular.png,1056,4224,1.0
sheet_metal,train,/content/msila/src/data/sheet_metal/train/good/106_regular.png,1056,4224,1.0
sheet_metal,train,/content/msila/src/data/sheet_metal/train/good/072_regular.png,1056,4224,1.0
sheet_metal,train,/content/msila/src/data/sheet_metal/train/good/004_regular.png,1056,4224,1.0
sheet_metal,train,/content/msila/src/data/sheet_metal/train/good/055_regular.png,1056,4224,1.0
sheet_metal,train,/content/msila/src/data/sheet_metal/train/good/100_regular.png,1056,4224,1.0
sheet_metal,train,/content/msila/src/data/sheet_metal/train/good/117_regular.png,1056,4224,1.0
sheet_metal,train,/content/msila/src/data/sheet_metal/train/good/016_regular.png,1056,4224,1.0
sheet_metal,train,/content/msila/src/data/sheet_metal/train/good/024_regular.png,1056,4224,1.0
sheet_metal,train,/content/msila/src/data/sheet_metal/train/good/039_regular.png,1056,4224,1.0
sheet_metal,train,/content/msila/src/data/sheet_metal/train/good/037_regular.png,1056,4224,1.0
sheet_metal,train,/content/msila/src/data/sheet_metal/train/good/011_regular.png,1056,4224,1.0
sheet_metal,train,/content/msila/src/data/sheet_metal/train/good/104_regular.png,1056,4224,1.0
sheet_metal,train,/content/msila/src/data/sheet_metal/train/good/062_regular.png,1056,4224,1.0
sheet_metal,train,/content/msila/src/data/sheet_metal/train/good/060_regular.png,1056,4224,1.0
sheet_metal,train,/content/msila/src/data/sheet_metal/train/good/027_regular.png,1056,4224,1.0
sheet_metal,train,/content/msila/src/data/sheet_metal/train/good/029_regular.png,1056,4224,1.0
sheet_metal,train,/content/msila/src/data/sheet_metal/train/good/020_regular.png,1056,4224,1.0
sheet_metal,train,/content/msila/src/data/sheet_metal/train/good/120_regular.png,1056,4224,1.0
sheet_metal,train,/content/msila/src/data/sheet_metal/train/good/007_regular.png,1056,4224,1.0
sheet_metal,train,/content/msila/src/data/sheet_metal/train/good/083_regular.png,1056,4224,1.0
sheet_metal,train,/content/msila/src/data/sheet_metal/train/good/001_regular.png,1056,4224,1.0
sheet_metal,train,/content/msila/src/data/sheet_metal/train/good/066_regular.png,1056,4224,1.0
sheet_metal,train,/content/msila/src/data/sheet_metal/train/good/136_regular.png,1056,4224,1.0
sheet_metal,train,/content/msila/src/data/sheet_metal/train/good/026_regular.png,1056,4224,1.0
sheet_metal,train,/content/msila/src/data/sheet_metal/train/good/031_regular.png,1056,4224,1.0
sheet_metal,train,/content/msila/src/data/sheet_metal/train/good/081_regular.png,1056,4224,1.0
sheet_metal,train,/content/msila/src/data/sheet_metal/train/good/035_regular.png,1056,4224,1.0
sheet_metal,train,/content/msila/src/data/sheet_metal/train/good/008_regular.png,1056,4224,1.0
sheet_metal,train,/content/msila/src/data/sheet_metal/train/good/058_regular.png,1056,4224,1.0
sheet_metal,train,/content/msila/src/data/sheet_metal/train/good/052_regular.png,1056,4224,1.0
sheet_metal,train,/content/msila/src/data/sheet_metal/train/good/131_regular.png,1056,4224,1.0
sheet_metal,train,/content/msila/src/data/sheet_metal/train/good/071_regular.png,1056,4224,1.0
sheet_metal,train,/content/msila/src/data/sheet_metal/train/good/089_regular.png,1056,4224,1.0
sheet_metal,train,/content/msila/src/data/sheet_metal/train/good/061_regular.png,1056,4224,1.0
sheet_metal,train,/content/msila/src/data/sheet_metal/train/good/068_regular.png,1056,4224,1.0
sheet_metal,test_public,/content/msila/src/data/sheet_metal/test_public/bad/012_overexposed.png,1056,4224,1.0
sheet_metal,test_public,/content/msila/src/data/sheet_metal/test_public/bad/013_shift_1.png,1056,4224,1.0
sheet_metal,test_public,/content/msila/src/data/sheet_metal/test_public/bad/009_overexposed.png,1056,4224,1.0
sheet_metal,test_public,/content/msila/src/data/sheet_metal/test_public/bad/010_underexposed.png,1056,4224,1.0
sheet_metal,test_public,/content/msila/src/data/sheet_metal/test_public/bad/003_shift_1.png,1056,4224,1.0
sheet_metal,test_public,/content/msila/src/data/sheet_metal/test_public/bad/003_overexposed.png,1056,4224,1.0
sheet_metal,test_public,/content/msila/src/data/sheet_metal/test_public/bad/002_shift_3.png,1056,4224,1.0
sheet_metal,test_public,/content/msila/src/data/sheet_metal/test_public/bad/013_shift_2.png,1056,4224,1.0
sheet_metal,test_public,/content/msila/src/data/sheet_metal/test_public/bad/013_overexposed.png,1056,4224,1.0
sheet_metal,test_public,/content/msila/src/data/sheet_metal/test_public/bad/010_shift_1.png,1056,4224,1.0
sheet_metal,test_public,/content/msila/src/data/sheet_metal/test_public/bad/003_regular.png,1056,4224,1.0
sheet_metal,test_public,/content/msila/src/data/sheet_metal/test_public/bad/014_overexposed.png,1056,4224,1.0
sheet_metal,test_public,/content/msila/src/data/sheet_metal/test_public/bad/000_regular.png,1056,4224,1.0
sheet_metal,test_public,/content/msila/src/data/sheet_metal/test_public/bad/012_regular.png,1056,4224,1.0
sheet_metal,test_public,/content/msila/src/data/sheet_metal/test_public/bad/008_underexposed.png,1056,4224,1.0
sheet_metal,test_public,/content/msila/src/data/sheet_metal/test_public/bad/004_shift_2.png,1056,4224,1.0
sheet_metal,test_public,/content/msila/src/data/sheet_metal/test_public/bad/000_shift_3.png,1056,4224,1.0
sheet_metal,test_public,/content/msila/src/data/sheet_metal/test_public/bad/011_shift_2.png,1056,4224,1.0
sheet_metal,test_public,/content/msila/src/data/sheet_metal/test_public/bad/005_overexposed.png,1056,4224,1.0
sheet_metal,test_public,/content/msila/src/data/sheet_metal/test_public/bad/001_shift_1.png,1056,4224,1.0
sheet_metal,test_public,/content/msila/src/data/sheet_metal/test_public/bad/004_shift_1.png,1056,4224,1.0
sheet_metal,test_public,/content/msila/src/data/sheet_metal/test_public/bad/010_shift_2.png,1056,4224,1.0
sheet_metal,test_public,/content/msila/src/data/sheet_metal/test_public/bad/012_shift_2.png,1056,4224,1.0
sheet_metal,test_public,/content/msila/src/data/sheet_metal/test_public/bad/007_overexposed.png,1056,4224,1.0
sheet_metal,test_public,/content/msila/src/data/sheet_metal/test_public/bad/009_regular.png,1056,4224,1.0
sheet_metal,test_public,/content/msila/src/data/sheet_metal/test_public/bad/008_shift_3.png,1056,4224,1.0
sheet_metal,test_public,/content/msila/src/data/sheet_metal/test_public/bad/009_shift_3.png,1056,4224,1.0
sheet_metal,test_public,/content/msila/src/data/sheet_metal/test_public/bad/011_overexposed.png,1056,4224,1.0
sheet_metal,test_public,/content/msila/src/data/sheet_metal/test_public/bad/005_shift_1.png,1056,4224,1.0
sheet_metal,test_public,/content/msila/src/data/sheet_metal/test_public/bad/003_shift_3.png,1056,4224,1.0
sheet_metal,test_public,/content/msila/src/data/sheet_metal/test_public/bad/012_shift_1.png,1056,4224,1.0
sheet_metal,test_public,/content/msila/src/data/sheet_metal/test_public/bad/004_underexposed.png,1056,4224,1.0
sheet_metal,test_public,/content/msila/src/data/sheet_metal/test_public/bad/000_shift_2.png,1056,4224,1.0
sheet_metal,test_public,/content/msila/src/data/sheet_metal/test_public/bad/005_shift_2.png,1056,4224,1.0
sheet_metal,test_public,/content/msila/src/data/sheet_metal/test_public/bad/014_underexposed.png,1056,4224,1.0
sheet_metal,test_public,/content/msila/src/data/sheet_metal/test_public/bad/013_regular.png,1056,4224,1.0
sheet_metal,test_public,/content/msila/src/data/sheet_metal/test_public/bad/004_shift_3.png,1056,4224,1.0
sheet_metal,test_public,/content/msila/src/data/sheet_metal/test_public/bad/002_overexposed.png,1056,4224,1.0
sheet_metal,test_public,/content/msila/src/data/sheet_metal/test_public/bad/006_regular.png,1056,4224,1.0
sheet_metal,test_public,/content/msila/src/data/sheet_metal/test_public/bad/006_overexposed.png,1056,4224,1.0
sheet_metal,test_public,/content/msila/src/data/sheet_metal/test_public/bad/011_underexposed.png,1056,4224,1.0
sheet_metal,test_public,/content/msila/src/data/sheet_metal/test_public/bad/005_underexposed.png,1056,4224,1.0
sheet_metal,test_public,/content/msila/src/data/sheet_metal/test_public/bad/009_shift_2.png,1056,4224,1.0
sheet_metal,test_public,/content/msila/src/data/sheet_metal/test_public/bad/006_underexposed.png,1056,4224,1.0
sheet_metal,test_public,/content/msila/src/data/sheet_metal/test_public/bad/007_shift_1.png,1056,4224,1.0
sheet_metal,test_public,/content/msila/src/data/sheet_metal/test_public/bad/001_underexposed.png,1056,4224,1.0
sheet_metal,test_public,/content/msila/src/data/sheet_metal/test_public/bad/010_regular.png,1056,4224,1.0
sheet_metal,test_public,/content/msila/src/data/sheet_metal/test_public/bad/006_shift_3.png,1056,4224,1.0
sheet_metal,test_public,/content/msila/src/data/sheet_metal/test_public/bad/005_regular.png,1056,4224,1.0
sheet_metal,test_public,/content/msila/src/data/sheet_metal/test_public/bad/009_underexposed.png,1056,4224,1.0
sheet_metal,test_public,/content/msila/src/data/sheet_metal/test_public/bad/000_overexposed.png,1056,4224,1.0
sheet_metal,test_public,/content/msila/src/data/sheet_metal/test_public/bad/013_shift_3.png,1056,4224,1.0
sheet_metal,test_public,/content/msila/src/data/sheet_metal/test_public/bad/009_shift_1.png,1056,4224,1.0
sheet_metal,test_public,/content/msila/src/data/sheet_metal/test_public/bad/014_regular.png,1056,4224,1.0
sheet_metal,test_public,/content/msila/src/data/sheet_metal/test_public/bad/005_shift_3.png,1056,4224,1.0
sheet_metal,test_public,/content/msila/src/data/sheet_metal/test_public/bad/002_regular.png,1056,4224,1.0
sheet_metal,test_public,/content/msila/src/data/sheet_metal/test_public/bad/008_shift_2.png,1056,4224,1.0
sheet_metal,test_public,/content/msila/src/data/sheet_metal/test_public/bad/008_overexposed.png,1056,4224,1.0
sheet_metal,test_public,/content/msila/src/data/sheet_metal/test_public/bad/010_shift_3.png,1056,4224,1.0
sheet_metal,test_public,/content/msila/src/data/sheet_metal/test_public/bad/014_shift_1.png,1056,4224,1.0
sheet_metal,test_public,/content/msila/src/data/sheet_metal/test_public/bad/000_shift_1.png,1056,4224,1.0
sheet_metal,test_public,/content/msila/src/data/sheet_metal/test_public/bad/006_shift_1.png,1056,4224,1.0
sheet_metal,test_public,/content/msila/src/data/sheet_metal/test_public/bad/002_shift_1.png,1056,4224,1.0
sheet_metal,test_public,/content/msila/src/data/sheet_metal/test_public/bad/004_overexposed.png,1056,4224,1.0
sheet_metal,test_public,/content/msila/src/data/sheet_metal/test_public/bad/014_shift_2.png,1056,4224,1.0
sheet_metal,test_public,/content/msila/src/data/sheet_metal/test_public/bad/004_regular.png,1056,4224,1.0
sheet_metal,test_public,/content/msila/src/data/sheet_metal/test_public/bad/013_underexposed.png,1056,4224,1.0
sheet_metal,test_public,/content/msila/src/data/sheet_metal/test_public/bad/003_shift_2.png,1056,4224,1.0
sheet_metal,test_public,/content/msila/src/data/sheet_metal/test_public/bad/001_shift_2.png,1056,4224,1.0
sheet_metal,test_public,/content/msila/src/data/sheet_metal/test_public/bad/008_shift_1.png,1056,4224,1.0
sheet_metal,test_public,/content/msila/src/data/sheet_metal/test_public/bad/011_regular.png,1056,4224,1.0
sheet_metal,test_public,/content/msila/src/data/sheet_metal/test_public/bad/001_overexposed.png,1056,4224,1.0
sheet_metal,test_public,/content/msila/src/data/sheet_metal/test_public/bad/000_underexposed.png,1056,4224,1.0
sheet_metal,test_public,/content/msila/src/data/sheet_metal/test_public/bad/002_underexposed.png,1056,4224,1.0
sheet_metal,test_public,/content/msila/src/data/sheet_metal/test_public/bad/012_shift_3.png,1056,4224,1.0
sheet_metal,test_public,/content/msila/src/data/sheet_metal/test_public/bad/007_regular.png,1056,4224,1.0
sheet_metal,test_public,/content/msila/src/data/sheet_metal/test_public/bad/012_underexposed.png,1056,4224,1.0
sheet_metal,test_public,/content/msila/src/data/sheet_metal/test_public/bad/007_shift_3.png,1056,4224,1.0
sheet_metal,test_public,/content/msila/src/data/sheet_metal/test_public/bad/001_regular.png,1056,4224,1.0
sheet_metal,test_public,/content/msila/src/data/sheet_metal/test_public/bad/003_underexposed.png,1056,4224,1.0
sheet_metal,test_public,/content/msila/src/data/sheet_metal/test_public/bad/008_regular.png,1056,4224,1.0
sheet_metal,test_public,/content/msila/src/data/sheet_metal/test_public/bad/014_shift_3.png,1056,4224,1.0
sheet_metal,test_public,/content/msila/src/data/sheet_metal/test_public/bad/006_shift_2.png,1056,4224,1.0
sheet_metal,test_public,/content/msila/src/data/sheet_metal/test_public/bad/011_shift_1.png,1056,4224,1.0
sheet_metal,test_public,/content/msila/src/data/sheet_metal/test_public/bad/001_shift_3.png,1056,4224,1.0
sheet_metal,test_public,/content/msila/src/data/sheet_metal/test_public/bad/011_shift_3.png,1056,4224,1.0
sheet_metal,test_public,/content/msila/src/data/sheet_metal/test_public/bad/007_shift_2.png,1056,4224,1.0
sheet_metal,test_public,/content/msila/src/data/sheet_metal/test_public/bad/007_underexposed.png,1056,4224,1.0
sheet_metal,test_public,/content/msila/src/data/sheet_metal/test_public/bad/010_overexposed.png,1056,4224,1.0
sheet_metal,test_public,/content/msila/src/data/sheet_metal/test_public/bad/002_shift_2.png,1056,4224,1.0
sheet_metal,test_public,/content/msila/src/data/sheet_metal/test_public/good/003_shift_1.png,1056,4224,1.0
sheet_metal,test_public,/content/msila/src/data/sheet_metal/test_public/good/003_overexposed.png,1056,4224,1.0
sheet_metal,test_public,/content/msila/src/data/sheet_metal/test_public/good/002_shift_3.png,1056,4224,1.0
sheet_metal,test_public,/content/msila/src/data/sheet_metal/test_public/good/003_regular.png,1056,4224,1.0
sheet_metal,test_public,/content/msila/src/data/sheet_metal/test_public/good/000_regular.png,1056,4224,1.0
sheet_metal,test_public,/content/msila/src/data/sheet_metal/test_public/good/000_shift_3.png,1056,4224,1.0
sheet_metal,test_public,/content/msila/src/data/sheet_metal/test_public/good/001_shift_1.png,1056,4224,1.0
sheet_metal,test_public,/content/msila/src/data/sheet_metal/test_public/good/003_shift_3.png,1056,4224,1.0
sheet_metal,test_public,/content/msila/src/data/sheet_metal/test_public/good/000_shift_2.png,1056,4224,1.0
sheet_metal,test_public,/content/msila/src/data/sheet_metal/test_public/good/002_overexposed.png,1056,4224,1.0
sheet_metal,test_public,/content/msila/src/data/sheet_metal/test_public/good/001_underexposed.png,1056,4224,1.0
sheet_metal,test_public,/content/msila/src/data/sheet_metal/test_public/good/000_overexposed.png,1056,4224,1.0
sheet_metal,test_public,/content/msila/src/data/sheet_metal/test_public/good/002_regular.png,1056,4224,1.0
sheet_metal,test_public,/content/msila/src/data/sheet_metal/test_public/good/000_shift_1.png,1056,4224,1.0
sheet_metal,test_public,/content/msila/src/data/sheet_metal/test_public/good/002_shift_1.png,1056,4224,1.0
sheet_metal,test_public,/content/msila/src/data/sheet_metal/test_public/good/003_shift_2.png,1056,4224,1.0
sheet_metal,test_public,/content/msila/src/data/sheet_metal/test_public/good/001_shift_2.png,1056,4224,1.0
sheet_metal,test_public,/content/msila/src/data/sheet_metal/test_public/good/001_overexposed.png,1056,4224,1.0
sheet_metal,test_public,/content/msila/src/data/sheet_metal/test_public/good/000_underexposed.png,1056,4224,1.0
sheet_metal,test_public,/content/msila/src/data/sheet_metal/test_public/good/002_underexposed.png,1056,4224,1.0
sheet_metal,test_public,/content/msila/src/data/sheet_metal/test_public/good/001_regular.png,1056,4224,1.0
sheet_metal,test_public,/content/msila/src/data/sheet_metal/test_public/good/003_underexposed.png,1056,4224,1.0
sheet_metal,test_public,/content/msila/src/data/sheet_metal/test_public/good/001_shift_3.png,1056,4224,1.0
sheet_metal,test_public,/content/msila/src/data/sheet_metal/test_public/good/002_shift_2.png,1056,4224,1.0
rice,test_private_mixed,/content/msila/src/data/rice/test_private_mixed/098_mixed.png,2048,2448,1.0
rice,test_private_mixed,/content/msila/src/data/rice/test_private_mixed/055_mixed.png,2048,2448,1.0
rice,test_private_mixed,/content/msila/src/data/rice/test_private_mixed/268_mixed.png,2048,2448,1.0
rice,test_private_mixed,/content/msila/src/data/rice/test_private_mixed/159_mixed.png,2048,2448,1.0
rice,test_private_mixed,/content/msila/src/data/rice/test_private_mixed/084_mixed.png,2048,2448,1.0
rice,test_private_mixed,/content/msila/src/data/rice/test_private_mixed/015_mixed.png,2048,2448,1.0
rice,test_private_mixed,/content/msila/src/data/rice/test_private_mixed/027_mixed.png,2048,2448,1.0
rice,test_private_mixed,/content/msila/src/data/rice/test_private_mixed/170_mixed.png,2048,2448,1.0
rice,test_private_mixed,/content/msila/src/data/rice/test_private_mixed/147_mixed.png,2048,2448,1.0
rice,test_private_mixed,/content/msila/src/data/rice/test_private_mixed/156_mixed.png,2048,2448,1.0
rice,test_private_mixed,/content/msila/src/data/rice/test_private_mixed/184_mixed.png,2048,2448,1.0
rice,test_private_mixed,/content/msila/src/data/rice/test_private_mixed/044_mixed.png,2048,2448,1.0
rice,test_private_mixed,/content/msila/src/data/rice/test_private_mixed/018_mixed.png,2048,2448,1.0
rice,test_private_mixed,/content/msila/src/data/rice/test_private_mixed/020_mixed.png,2048,2448,1.0
rice,test_private_mixed,/content/msila/src/data/rice/test_private_mixed/067_mixed.png,2048,2448,1.0
rice,test_private_mixed,/content/msila/src/data/rice/test_private_mixed/080_mixed.png,2048,2448,1.0
rice,test_private_mixed,/content/msila/src/data/rice/test_private_mixed/275_mixed.png,2048,2448,1.0
rice,test_private_mixed,/content/msila/src/data/rice/test_private_mixed/272_mixed.png,2048,2448,1.0
rice,test_private_mixed,/content/msila/src/data/rice/test_private_mixed/092_mixed.png,2048,2448,1.0
rice,test_private_mixed,/content/msila/src/data/rice/test_private_mixed/237_mixed.png,2048,2448,1.0
rice,test_private_mixed,/content/msila/src/data/rice/test_private_mixed/066_mixed.png,2048,2448,1.0
rice,test_private_mixed,/content/msila/src/data/rice/test_private_mixed/187_mixed.png,2048,2448,1.0
rice,test_private_mixed,/content/msila/src/data/rice/test_private_mixed/070_mixed.png,2048,2448,1.0
rice,test_private_mixed,/content/msila/src/data/rice/test_private_mixed/243_mixed.png,2048,2448,1.0
rice,test_private_mixed,/content/msila/src/data/rice/test_private_mixed/231_mixed.png,2048,2448,1.0
rice,test_private_mixed,/content/msila/src/data/rice/test_private_mixed/218_mixed.png,2048,2448,1.0
rice,test_private_mixed,/content/msila/src/data/rice/test_private_mixed/074_mixed.png,2048,2448,1.0
rice,test_private_mixed,/content/msila/src/data/rice/test_private_mixed/069_mixed.png,2048,2448,1.0
rice,test_private_mixed,/content/msila/src/data/rice/test_private_mixed/154_mixed.png,2048,2448,1.0
rice,test_private_mixed,/content/msila/src/data/rice/test_private_mixed/016_mixed.png,2048,2448,1.0
rice,test_private_mixed,/content/msila/src/data/rice/test_private_mixed/118_mixed.png,2048,2448,1.0
rice,test_private_mixed,/content/msila/src/data/rice/test_private_mixed/234_mixed.png,2048,2448,1.0
rice,test_private_mixed,/content/msila/src/data/rice/test_private_mixed/198_mixed.png,2048,2448,1.0
rice,test_private_mixed,/content/msila/src/data/rice/test_private_mixed/248_mixed.png,2048,2448,1.0
rice,test_private_mixed,/content/msila/src/data/rice/test_private_mixed/037_mixed.png,2048,2448,1.0
rice,test_private_mixed,/content/msila/src/data/rice/test_private_mixed/161_mixed.png,2048,2448,1.0
rice,test_private_mixed,/content/msila/src/data/rice/test_private_mixed/167_mixed.png,2048,2448,1.0
rice,test_private_mixed,/content/msila/src/data/rice/test_private_mixed/247_mixed.png,2048,2448,1.0
rice,test_private_mixed,/content/msila/src/data/rice/test_private_mixed/079_mixed.png,2048,2448,1.0
rice,test_private_mixed,/content/msila/src/data/rice/test_private_mixed/000_mixed.png,2048,2448,1.0
rice,test_private_mixed,/content/msila/src/data/rice/test_private_mixed/081_mixed.png,2048,2448,1.0
rice,test_private_mixed,/content/msila/src/data/rice/test_private_mixed/082_mixed.png,2048,2448,1.0
rice,test_private_mixed,/content/msila/src/data/rice/test_private_mixed/039_mixed.png,2048,2448,1.0
rice,test_private_mixed,/content/msila/src/data/rice/test_private_mixed/126_mixed.png,2048,2448,1.0
rice,test_private_mixed,/content/msila/src/data/rice/test_private_mixed/191_mixed.png,2048,2448,1.0
rice,test_private_mixed,/content/msila/src/data/rice/test_private_mixed/150_mixed.png,2048,2448,1.0
rice,test_private_mixed,/content/msila/src/data/rice/test_private_mixed/264_mixed.png,2048,2448,1.0
rice,test_private_mixed,/content/msila/src/data/rice/test_private_mixed/059_mixed.png,2048,2448,1.0
rice,test_private_mixed,/content/msila/src/data/rice/test_private_mixed/035_mixed.png,2048,2448,1.0
rice,test_private_mixed,/content/msila/src/data/rice/test_private_mixed/116_mixed.png,2048,2448,1.0
rice,test_private_mixed,/content/msila/src/data/rice/test_private_mixed/062_mixed.png,2048,2448,1.0
rice,test_private_mixed,/content/msila/src/data/rice/test_private_mixed/182_mixed.png,2048,2448,1.0
rice,test_private_mixed,/content/msila/src/data/rice/test_private_mixed/138_mixed.png,2048,2448,1.0
rice,test_private_mixed,/content/msila/src/data/rice/test_private_mixed/252_mixed.png,2048,2448,1.0
rice,test_private_mixed,/content/msila/src/data/rice/test_private_mixed/158_mixed.png,2048,2448,1.0
rice,test_private_mixed,/content/msila/src/data/rice/test_private_mixed/028_mixed.png,2048,2448,1.0
rice,test_private_mixed,/content/msila/src/data/rice/test_private_mixed/205_mixed.png,2048,2448,1.0
rice,test_private_mixed,/content/msila/src/data/rice/test_private_mixed/012_mixed.png,2048,2448,1.0
rice,test_private_mixed,/content/msila/src/data/rice/test_private_mixed/071_mixed.png,2048,2448,1.0
rice,test_private_mixed,/content/msila/src/data/rice/test_private_mixed/242_mixed.png,2048,2448,1.0
rice,test_private_mixed,/content/msila/src/data/rice/test_private_mixed/017_mixed.png,2048,2448,1.0
rice,test_private_mixed,/content/msila/src/data/rice/test_private_mixed/175_mixed.png,2048,2448,1.0
rice,test_private_mixed,/content/msila/src/data/rice/test_private_mixed/188_mixed.png,2048,2448,1.0
rice,test_private_mixed,/content/msila/src/data/rice/test_private_mixed/006_mixed.png,2048,2448,1.0
rice,test_private_mixed,/content/msila/src/data/rice/test_private_mixed/222_mixed.png,2048,2448,1.0
rice,test_private_mixed,/content/msila/src/data/rice/test_private_mixed/244_mixed.png,2048,2448,1.0
rice,test_private_mixed,/content/msila/src/data/rice/test_private_mixed/146_mixed.png,2048,2448,1.0
rice,test_private_mixed,/content/msila/src/data/rice/test_private_mixed/217_mixed.png,2048,2448,1.0
rice,test_private_mixed,/content/msila/src/data/rice/test_private_mixed/163_mixed.png,2048,2448,1.0
rice,test_private_mixed,/content/msila/src/data/rice/test_private_mixed/260_mixed.png,2048,2448,1.0
rice,test_private_mixed,/content/msila/src/data/rice/test_private_mixed/047_mixed.png,2048,2448,1.0
rice,test_private_mixed,/content/msila/src/data/rice/test_private_mixed/232_mixed.png,2048,2448,1.0
rice,test_private_mixed,/content/msila/src/data/rice/test_private_mixed/155_mixed.png,2048,2448,1.0
rice,test_private_mixed,/content/msila/src/data/rice/test_private_mixed/169_mixed.png,2048,2448,1.0
rice,test_private_mixed,/content/msila/src/data/rice/test_private_mixed/189_mixed.png,2048,2448,1.0
rice,test_private_mixed,/content/msila/src/data/rice/test_private_mixed/050_mixed.png,2048,2448,1.0
rice,test_private_mixed,/content/msila/src/data/rice/test_private_mixed/119_mixed.png,2048,2448,1.0
rice,test_private_mixed,/content/msila/src/data/rice/test_private_mixed/262_mixed.png,2048,2448,1.0
rice,test_private_mixed,/content/msila/src/data/rice/test_private_mixed/259_mixed.png,2048,2448,1.0
rice,test_private_mixed,/content/msila/src/data/rice/test_private_mixed/196_mixed.png,2048,2448,1.0
rice,test_private_mixed,/content/msila/src/data/rice/test_private_mixed/236_mixed.png,2048,2448,1.0
rice,test_private_mixed,/content/msila/src/data/rice/test_private_mixed/106_mixed.png,2048,2448,1.0
rice,test_private_mixed,/content/msila/src/data/rice/test_private_mixed/034_mixed.png,2048,2448,1.0
rice,test_private_mixed,/content/msila/src/data/rice/test_private_mixed/104_mixed.png,2048,2448,1.0
rice,test_private_mixed,/content/msila/src/data/rice/test_private_mixed/091_mixed.png,2048,2448,1.0
rice,test_private_mixed,/content/msila/src/data/rice/test_private_mixed/246_mixed.png,2048,2448,1.0
rice,test_private_mixed,/content/msila/src/data/rice/test_private_mixed/086_mixed.png,2048,2448,1.0
rice,test_private_mixed,/content/msila/src/data/rice/test_private_mixed/178_mixed.png,2048,2448,1.0
rice,test_private_mixed,/content/msila/src/data/rice/test_private_mixed/166_mixed.png,2048,2448,1.0
rice,test_private_mixed,/content/msila/src/data/rice/test_private_mixed/127_mixed.png,2048,2448,1.0
rice,test_private_mixed,/content/msila/src/data/rice/test_private_mixed/123_mixed.png,2048,2448,1.0
rice,test_private_mixed,/content/msila/src/data/rice/test_private_mixed/194_mixed.png,2048,2448,1.0
rice,test_private_mixed,/content/msila/src/data/rice/test_private_mixed/193_mixed.png,2048,2448,1.0
rice,test_private_mixed,/content/msila/src/data/rice/test_private_mixed/206_mixed.png,2048,2448,1.0
rice,test_private_mixed,/content/msila/src/data/rice/test_private_mixed/148_mixed.png,2048,2448,1.0
rice,test_private_mixed,/content/msila/src/data/rice/test_private_mixed/162_mixed.png,2048,2448,1.0
rice,test_private_mixed,/content/msila/src/data/rice/test_private_mixed/002_mixed.png,2048,2448,1.0
rice,test_private_mixed,/content/msila/src/data/rice/test_private_mixed/130_mixed.png,2048,2448,1.0
rice,test_private_mixed,/content/msila/src/data/rice/test_private_mixed/210_mixed.png,2048,2448,1.0
rice,test_private_mixed,/content/msila/src/data/rice/test_private_mixed/251_mixed.png,2048,2448,1.0
rice,test_private_mixed,/content/msila/src/data/rice/test_private_mixed/048_mixed.png,2048,2448,1.0
rice,test_private_mixed,/content/msila/src/data/rice/test_private_mixed/157_mixed.png,2048,2448,1.0
rice,test_private_mixed,/content/msila/src/data/rice/test_private_mixed/266_mixed.png,2048,2448,1.0
rice,test_private_mixed,/content/msila/src/data/rice/test_private_mixed/008_mixed.png,2048,2448,1.0
rice,test_private_mixed,/content/msila/src/data/rice/test_private_mixed/239_mixed.png,2048,2448,1.0
rice,test_private_mixed,/content/msila/src/data/rice/test_private_mixed/013_mixed.png,2048,2448,1.0
rice,test_private_mixed,/content/msila/src/data/rice/test_private_mixed/137_mixed.png,2048,2448,1.0
rice,test_private_mixed,/content/msila/src/data/rice/test_private_mixed/177_mixed.png,2048,2448,1.0
rice,test_private_mixed,/content/msila/src/data/rice/test_private_mixed/061_mixed.png,2048,2448,1.0
rice,test_private_mixed,/content/msila/src/data/rice/test_private_mixed/122_mixed.png,2048,2448,1.0
rice,test_private_mixed,/content/msila/src/data/rice/test_private_mixed/179_mixed.png,2048,2448,1.0
rice,test_private_mixed,/content/msila/src/data/rice/test_private_mixed/230_mixed.png,2048,2448,1.0
rice,test_private_mixed,/content/msila/src/data/rice/test_private_mixed/226_mixed.png,2048,2448,1.0
rice,test_private_mixed,/content/msila/src/data/rice/test_private_mixed/113_mixed.png,2048,2448,1.0
rice,test_private_mixed,/content/msila/src/data/rice/test_private_mixed/273_mixed.png,2048,2448,1.0
rice,test_private_mixed,/content/msila/src/data/rice/test_private_mixed/095_mixed.png,2048,2448,1.0
rice,test_private_mixed,/content/msila/src/data/rice/test_private_mixed/060_mixed.png,2048,2448,1.0
rice,test_private_mixed,/content/msila/src/data/rice/test_private_mixed/181_mixed.png,2048,2448,1.0
rice,test_private_mixed,/content/msila/src/data/rice/test_private_mixed/168_mixed.png,2048,2448,1.0
rice,test_private_mixed,/content/msila/src/data/rice/test_private_mixed/192_mixed.png,2048,2448,1.0
rice,test_private_mixed,/content/msila/src/data/rice/test_private_mixed/078_mixed.png,2048,2448,1.0
rice,test_private_mixed,/content/msila/src/data/rice/test_private_mixed/117_mixed.png,2048,2448,1.0
rice,test_private_mixed,/content/msila/src/data/rice/test_private_mixed/089_mixed.png,2048,2448,1.0
rice,test_private_mixed,/content/msila/src/data/rice/test_private_mixed/058_mixed.png,2048,2448,1.0
rice,test_private_mixed,/content/msila/src/data/rice/test_private_mixed/133_mixed.png,2048,2448,1.0
rice,test_private_mixed,/content/msila/src/data/rice/test_private_mixed/263_mixed.png,2048,2448,1.0
rice,test_private_mixed,/content/msila/src/data/rice/test_private_mixed/254_mixed.png,2048,2448,1.0
rice,test_private_mixed,/content/msila/src/data/rice/test_private_mixed/208_mixed.png,2048,2448,1.0
rice,test_private_mixed,/content/msila/src/data/rice/test_private_mixed/173_mixed.png,2048,2448,1.0
rice,test_private_mixed,/content/msila/src/data/rice/test_private_mixed/054_mixed.png,2048,2448,1.0
rice,test_private_mixed,/content/msila/src/data/rice/test_private_mixed/250_mixed.png,2048,2448,1.0
rice,test_private_mixed,/content/msila/src/data/rice/test_private_mixed/134_mixed.png,2048,2448,1.0
rice,test_private_mixed,/content/msila/src/data/rice/test_private_mixed/124_mixed.png,2048,2448,1.0
rice,test_private_mixed,/content/msila/src/data/rice/test_private_mixed/219_mixed.png,2048,2448,1.0
rice,test_private_mixed,/content/msila/src/data/rice/test_private_mixed/270_mixed.png,2048,2448,1.0
rice,test_private_mixed,/content/msila/src/data/rice/test_private_mixed/019_mixed.png,2048,2448,1.0
rice,test_private_mixed,/content/msila/src/data/rice/test_private_mixed/029_mixed.png,2048,2448,1.0
rice,test_private_mixed,/content/msila/src/data/rice/test_private_mixed/203_mixed.png,2048,2448,1.0
rice,test_private_mixed,/content/msila/src/data/rice/test_private_mixed/149_mixed.png,2048,2448,1.0
rice,test_private_mixed,/content/msila/src/data/rice/test_private_mixed/209_mixed.png,2048,2448,1.0
rice,test_private_mixed,/content/msila/src/data/rice/test_private_mixed/087_mixed.png,2048,2448,1.0
rice,test_private_mixed,/content/msila/src/data/rice/test_private_mixed/129_mixed.png,2048,2448,1.0
rice,test_private_mixed,/content/msila/src/data/rice/test_private_mixed/099_mixed.png,2048,2448,1.0
rice,test_private_mixed,/content/msila/src/data/rice/test_private_mixed/213_mixed.png,2048,2448,1.0
rice,test_private_mixed,/content/msila/src/data/rice/test_private_mixed/041_mixed.png,2048,2448,1.0
rice,test_private_mixed,/content/msila/src/data/rice/test_private_mixed/036_mixed.png,2048,2448,1.0
rice,test_private_mixed,/content/msila/src/data/rice/test_private_mixed/100_mixed.png,2048,2448,1.0
rice,test_private_mixed,/content/msila/src/data/rice/test_private_mixed/245_mixed.png,2048,2448,1.0
rice,test_private_mixed,/content/msila/src/data/rice/test_private_mixed/076_mixed.png,2048,2448,1.0
rice,test_private_mixed,/content/msila/src/data/rice/test_private_mixed/240_mixed.png,2048,2448,1.0
rice,test_private_mixed,/content/msila/src/data/rice/test_private_mixed/235_mixed.png,2048,2448,1.0
rice,test_private_mixed,/content/msila/src/data/rice/test_private_mixed/228_mixed.png,2048,2448,1.0
rice,test_private_mixed,/content/msila/src/data/rice/test_private_mixed/108_mixed.png,2048,2448,1.0
rice,test_private_mixed,/content/msila/src/data/rice/test_private_mixed/152_mixed.png,2048,2448,1.0
rice,test_private_mixed,/content/msila/src/data/rice/test_private_mixed/052_mixed.png,2048,2448,1.0
rice,test_private_mixed,/content/msila/src/data/rice/test_private_mixed/051_mixed.png,2048,2448,1.0
rice,test_private_mixed,/content/msila/src/data/rice/test_private_mixed/097_mixed.png,2048,2448,1.0
rice,test_private_mixed,/content/msila/src/data/rice/test_private_mixed/101_mixed.png,2048,2448,1.0
rice,test_private_mixed,/content/msila/src/data/rice/test_private_mixed/183_mixed.png,2048,2448,1.0
rice,test_private_mixed,/content/msila/src/data/rice/test_private_mixed/145_mixed.png,2048,2448,1.0
rice,test_private_mixed,/content/msila/src/data/rice/test_private_mixed/211_mixed.png,2048,2448,1.0
rice,test_private_mixed,/content/msila/src/data/rice/test_private_mixed/171_mixed.png,2048,2448,1.0
rice,test_private_mixed,/content/msila/src/data/rice/test_private_mixed/033_mixed.png,2048,2448,1.0
rice,test_private_mixed,/content/msila/src/data/rice/test_private_mixed/212_mixed.png,2048,2448,1.0
rice,test_private_mixed,/content/msila/src/data/rice/test_private_mixed/085_mixed.png,2048,2448,1.0
rice,test_private_mixed,/content/msila/src/data/rice/test_private_mixed/269_mixed.png,2048,2448,1.0
rice,test_private_mixed,/content/msila/src/data/rice/test_private_mixed/139_mixed.png,2048,2448,1.0
rice,test_private_mixed,/content/msila/src/data/rice/test_private_mixed/111_mixed.png,2048,2448,1.0
rice,test_private_mixed,/content/msila/src/data/rice/test_private_mixed/032_mixed.png,2048,2448,1.0
rice,test_private_mixed,/content/msila/src/data/rice/test_private_mixed/075_mixed.png,2048,2448,1.0
rice,test_private_mixed,/content/msila/src/data/rice/test_private_mixed/011_mixed.png,2048,2448,1.0
rice,test_private_mixed,/content/msila/src/data/rice/test_private_mixed/107_mixed.png,2048,2448,1.0
rice,test_private_mixed,/content/msila/src/data/rice/test_private_mixed/215_mixed.png,2048,2448,1.0
rice,test_private_mixed,/content/msila/src/data/rice/test_private_mixed/214_mixed.png,2048,2448,1.0
rice,test_private_mixed,/content/msila/src/data/rice/test_private_mixed/202_mixed.png,2048,2448,1.0
rice,test_private_mixed,/content/msila/src/data/rice/test_private_mixed/221_mixed.png,2048,2448,1.0
rice,test_private_mixed,/content/msila/src/data/rice/test_private_mixed/049_mixed.png,2048,2448,1.0
rice,test_private_mixed,/content/msila/src/data/rice/test_private_mixed/128_mixed.png,2048,2448,1.0
rice,test_private_mixed,/content/msila/src/data/rice/test_private_mixed/102_mixed.png,2048,2448,1.0
rice,test_private_mixed,/content/msila/src/data/rice/test_private_mixed/176_mixed.png,2048,2448,1.0
rice,test_private_mixed,/content/msila/src/data/rice/test_private_mixed/200_mixed.png,2048,2448,1.0
rice,test_private_mixed,/content/msila/src/data/rice/test_private_mixed/185_mixed.png,2048,2448,1.0
rice,test_private_mixed,/content/msila/src/data/rice/test_private_mixed/190_mixed.png,2048,2448,1.0
rice,test_private_mixed,/content/msila/src/data/rice/test_private_mixed/064_mixed.png,2048,2448,1.0
rice,test_private_mixed,/content/msila/src/data/rice/test_private_mixed/010_mixed.png,2048,2448,1.0
rice,test_private_mixed,/content/msila/src/data/rice/test_private_mixed/083_mixed.png,2048,2448,1.0
rice,test_private_mixed,/content/msila/src/data/rice/test_private_mixed/172_mixed.png,2048,2448,1.0
rice,test_private_mixed,/content/msila/src/data/rice/test_private_mixed/005_mixed.png,2048,2448,1.0
rice,test_private_mixed,/content/msila/src/data/rice/test_private_mixed/046_mixed.png,2048,2448,1.0
rice,test_private_mixed,/content/msila/src/data/rice/test_private_mixed/238_mixed.png,2048,2448,1.0
rice,test_private_mixed,/content/msila/src/data/rice/test_private_mixed/022_mixed.png,2048,2448,1.0
rice,test_private_mixed,/content/msila/src/data/rice/test_private_mixed/026_mixed.png,2048,2448,1.0
rice,test_private_mixed,/content/msila/src/data/rice/test_private_mixed/256_mixed.png,2048,2448,1.0
rice,test_private_mixed,/content/msila/src/data/rice/test_private_mixed/204_mixed.png,2048,2448,1.0
rice,test_private_mixed,/content/msila/src/data/rice/test_private_mixed/274_mixed.png,2048,2448,1.0
rice,test_private_mixed,/content/msila/src/data/rice/test_private_mixed/040_mixed.png,2048,2448,1.0
rice,test_private_mixed,/content/msila/src/data/rice/test_private_mixed/195_mixed.png,2048,2448,1.0
rice,test_private_mixed,/content/msila/src/data/rice/test_private_mixed/073_mixed.png,2048,2448,1.0
rice,test_private_mixed,/content/msila/src/data/rice/test_private_mixed/004_mixed.png,2048,2448,1.0
rice,test_private_mixed,/content/msila/src/data/rice/test_private_mixed/057_mixed.png,2048,2448,1.0
rice,test_private_mixed,/content/msila/src/data/rice/test_private_mixed/174_mixed.png,2048,2448,1.0
rice,test_private_mixed,/content/msila/src/data/rice/test_private_mixed/143_mixed.png,2048,2448,1.0
rice,test_private_mixed,/content/msila/src/data/rice/test_private_mixed/068_mixed.png,2048,2448,1.0
rice,test_private_mixed,/content/msila/src/data/rice/test_private_mixed/038_mixed.png,2048,2448,1.0
rice,test_private_mixed,/content/msila/src/data/rice/test_private_mixed/165_mixed.png,2048,2448,1.0
rice,test_private_mixed,/content/msila/src/data/rice/test_private_mixed/114_mixed.png,2048,2448,1.0
rice,test_private_mixed,/content/msila/src/data/rice/test_private_mixed/151_mixed.png,2048,2448,1.0
rice,test_private_mixed,/content/msila/src/data/rice/test_private_mixed/105_mixed.png,2048,2448,1.0
rice,test_private_mixed,/content/msila/src/data/rice/test_private_mixed/021_mixed.png,2048,2448,1.0
rice,test_private_mixed,/content/msila/src/data/rice/test_private_mixed/090_mixed.png,2048,2448,1.0
rice,test_private_mixed,/content/msila/src/data/rice/test_private_mixed/271_mixed.png,2048,2448,1.0
rice,test_private_mixed,/content/msila/src/data/rice/test_private_mixed/199_mixed.png,2048,2448,1.0
rice,test_private_mixed,/content/msila/src/data/rice/test_private_mixed/056_mixed.png,2048,2448,1.0
rice,test_private_mixed,/content/msila/src/data/rice/test_private_mixed/135_mixed.png,2048,2448,1.0
rice,test_private_mixed,/content/msila/src/data/rice/test_private_mixed/024_mixed.png,2048,2448,1.0
rice,test_private_mixed,/content/msila/src/data/rice/test_private_mixed/227_mixed.png,2048,2448,1.0
rice,test_private_mixed,/content/msila/src/data/rice/test_private_mixed/072_mixed.png,2048,2448,1.0
rice,test_private_mixed,/content/msila/src/data/rice/test_private_mixed/030_mixed.png,2048,2448,1.0
rice,test_private_mixed,/content/msila/src/data/rice/test_private_mixed/140_mixed.png,2048,2448,1.0
rice,test_private_mixed,/content/msila/src/data/rice/test_private_mixed/216_mixed.png,2048,2448,1.0
rice,test_private_mixed,/content/msila/src/data/rice/test_private_mixed/261_mixed.png,2048,2448,1.0
rice,test_private_mixed,/content/msila/src/data/rice/test_private_mixed/180_mixed.png,2048,2448,1.0
rice,test_private_mixed,/content/msila/src/data/rice/test_private_mixed/110_mixed.png,2048,2448,1.0
rice,test_private_mixed,/content/msila/src/data/rice/test_private_mixed/201_mixed.png,2048,2448,1.0
rice,test_private_mixed,/content/msila/src/data/rice/test_private_mixed/229_mixed.png,2048,2448,1.0
rice,test_private_mixed,/content/msila/src/data/rice/test_private_mixed/267_mixed.png,2048,2448,1.0
rice,test_private_mixed,/content/msila/src/data/rice/test_private_mixed/025_mixed.png,2048,2448,1.0
rice,test_private_mixed,/content/msila/src/data/rice/test_private_mixed/007_mixed.png,2048,2448,1.0
rice,test_private_mixed,/content/msila/src/data/rice/test_private_mixed/253_mixed.png,2048,2448,1.0
rice,test_private_mixed,/content/msila/src/data/rice/test_private_mixed/014_mixed.png,2048,2448,1.0
rice,test_private_mixed,/content/msila/src/data/rice/test_private_mixed/121_mixed.png,2048,2448,1.0
rice,test_private_mixed,/content/msila/src/data/rice/test_private_mixed/160_mixed.png,2048,2448,1.0
rice,test_private_mixed,/content/msila/src/data/rice/test_private_mixed/153_mixed.png,2048,2448,1.0
rice,test_private_mixed,/content/msila/src/data/rice/test_private_mixed/042_mixed.png,2048,2448,1.0
rice,test_private_mixed,/content/msila/src/data/rice/test_private_mixed/233_mixed.png,2048,2448,1.0
rice,test_private_mixed,/content/msila/src/data/rice/test_private_mixed/009_mixed.png,2048,2448,1.0
rice,test_private_mixed,/content/msila/src/data/rice/test_private_mixed/276_mixed.png,2048,2448,1.0
rice,test_private_mixed,/content/msila/src/data/rice/test_private_mixed/120_mixed.png,2048,2448,1.0
rice,test_private_mixed,/content/msila/src/data/rice/test_private_mixed/224_mixed.png,2048,2448,1.0
rice,test_private_mixed,/content/msila/src/data/rice/test_private_mixed/063_mixed.png,2048,2448,1.0
rice,test_private_mixed,/content/msila/src/data/rice/test_private_mixed/109_mixed.png,2048,2448,1.0
rice,test_private_mixed,/content/msila/src/data/rice/test_private_mixed/186_mixed.png,2048,2448,1.0
rice,test_private_mixed,/content/msila/src/data/rice/test_private_mixed/141_mixed.png,2048,2448,1.0
rice,test_private_mixed,/content/msila/src/data/rice/test_private_mixed/164_mixed.png,2048,2448,1.0
rice,test_private_mixed,/content/msila/src/data/rice/test_private_mixed/144_mixed.png,2048,2448,1.0
rice,test_private_mixed,/content/msila/src/data/rice/test_private_mixed/125_mixed.png,2048,2448,1.0
rice,test_private_mixed,/content/msila/src/data/rice/test_private_mixed/045_mixed.png,2048,2448,1.0
rice,test_private_mixed,/content/msila/src/data/rice/test_private_mixed/223_mixed.png,2048,2448,1.0
rice,test_private_mixed,/content/msila/src/data/rice/test_private_mixed/065_mixed.png,2048,2448,1.0
rice,test_private_mixed,/content/msila/src/data/rice/test_private_mixed/136_mixed.png,2048,2448,1.0
rice,test_private_mixed,/content/msila/src/data/rice/test_private_mixed/132_mixed.png,2048,2448,1.0
rice,test_private_mixed,/content/msila/src/data/rice/test_private_mixed/197_mixed.png,2048,2448,1.0
rice,test_private_mixed,/content/msila/src/data/rice/test_private_mixed/258_mixed.png,2048,2448,1.0
rice,test_private_mixed,/content/msila/src/data/rice/test_private_mixed/255_mixed.png,2048,2448,1.0
rice,test_private_mixed,/content/msila/src/data/rice/test_private_mixed/093_mixed.png,2048,2448,1.0
rice,test_private_mixed,/content/msila/src/data/rice/test_private_mixed/257_mixed.png,2048,2448,1.0
rice,test_private_mixed,/content/msila/src/data/rice/test_private_mixed/103_mixed.png,2048,2448,1.0
rice,test_private_mixed,/content/msila/src/data/rice/test_private_mixed/031_mixed.png,2048,2448,1.0
rice,test_private_mixed,/content/msila/src/data/rice/test_private_mixed/001_mixed.png,2048,2448,1.0
rice,test_private_mixed,/content/msila/src/data/rice/test_private_mixed/241_mixed.png,2048,2448,1.0
rice,test_private_mixed,/content/msila/src/data/rice/test_private_mixed/077_mixed.png,2048,2448,1.0
rice,test_private_mixed,/content/msila/src/data/rice/test_private_mixed/249_mixed.png,2048,2448,1.0
rice,test_private_mixed,/content/msila/src/data/rice/test_private_mixed/220_mixed.png,2048,2448,1.0
rice,test_private_mixed,/content/msila/src/data/rice/test_private_mixed/265_mixed.png,2048,2448,1.0
rice,test_private_mixed,/content/msila/src/data/rice/test_private_mixed/112_mixed.png,2048,2448,1.0
rice,test_private_mixed,/content/msila/src/data/rice/test_private_mixed/088_mixed.png,2048,2448,1.0
rice,test_private_mixed,/content/msila/src/data/rice/test_private_mixed/023_mixed.png,2048,2448,1.0
rice,test_private_mixed,/content/msila/src/data/rice/test_private_mixed/043_mixed.png,2048,2448,1.0
rice,test_private_mixed,/content/msila/src/data/rice/test_private_mixed/096_mixed.png,2048,2448,1.0
rice,test_private_mixed,/content/msila/src/data/rice/test_private_mixed/207_mixed.png,2048,2448,1.0
rice,test_private_mixed,/content/msila/src/data/rice/test_private_mixed/115_mixed.png,2048,2448,1.0
rice,test_private_mixed,/content/msila/src/data/rice/test_private_mixed/225_mixed.png,2048,2448,1.0
rice,test_private_mixed,/content/msila/src/data/rice/test_private_mixed/131_mixed.png,2048,2448,1.0
rice,test_private_mixed,/content/msila/src/data/rice/test_private_mixed/053_mixed.png,2048,2448,1.0
rice,test_private_mixed,/content/msila/src/data/rice/test_private_mixed/003_mixed.png,2048,2448,1.0
rice,test_private_mixed,/content/msila/src/data/rice/test_private_mixed/142_mixed.png,2048,2448,1.0
rice,test_private_mixed,/content/msila/src/data/rice/test_private_mixed/094_mixed.png,2048,2448,1.0
rice,test_private,/content/msila/src/data/rice/test_private/126_regular.png,2048,2448,1.0
rice,test_private,/content/msila/src/data/rice/test_private/160_regular.png,2048,2448,1.0
rice,test_private,/content/msila/src/data/rice/test_private/023_regular.png,2048,2448,1.0
rice,test_private,/content/msila/src/data/rice/test_private/057_regular.png,2048,2448,1.0
rice,test_private,/content/msila/src/data/rice/test_private/140_regular.png,2048,2448,1.0
rice,test_private,/content/msila/src/data/rice/test_private/019_regular.png,2048,2448,1.0
rice,test_private,/content/msila/src/data/rice/test_private/146_regular.png,2048,2448,1.0
rice,test_private,/content/msila/src/data/rice/test_private/217_regular.png,2048,2448,1.0
rice,test_private,/content/msila/src/data/rice/test_private/258_regular.png,2048,2448,1.0
rice,test_private,/content/msila/src/data/rice/test_private/128_regular.png,2048,2448,1.0
rice,test_private,/content/msila/src/data/rice/test_private/233_regular.png,2048,2448,1.0
rice,test_private,/content/msila/src/data/rice/test_private/041_regular.png,2048,2448,1.0
rice,test_private,/content/msila/src/data/rice/test_private/069_regular.png,2048,2448,1.0
rice,test_private,/content/msila/src/data/rice/test_private/216_regular.png,2048,2448,1.0
rice,test_private,/content/msila/src/data/rice/test_private/209_regular.png,2048,2448,1.0
rice,test_private,/content/msila/src/data/rice/test_private/164_regular.png,2048,2448,1.0
rice,test_private,/content/msila/src/data/rice/test_private/142_regular.png,2048,2448,1.0
rice,test_private,/content/msila/src/data/rice/test_private/085_regular.png,2048,2448,1.0
rice,test_private,/content/msila/src/data/rice/test_private/046_regular.png,2048,2448,1.0
rice,test_private,/content/msila/src/data/rice/test_private/219_regular.png,2048,2448,1.0
rice,test_private,/content/msila/src/data/rice/test_private/056_regular.png,2048,2448,1.0
rice,test_private,/content/msila/src/data/rice/test_private/229_regular.png,2048,2448,1.0
rice,test_private,/content/msila/src/data/rice/test_private/261_regular.png,2048,2448,1.0
rice,test_private,/content/msila/src/data/rice/test_private/178_regular.png,2048,2448,1.0
rice,test_private,/content/msila/src/data/rice/test_private/143_regular.png,2048,2448,1.0
rice,test_private,/content/msila/src/data/rice/test_private/248_regular.png,2048,2448,1.0
rice,test_private,/content/msila/src/data/rice/test_private/017_regular.png,2048,2448,1.0
rice,test_private,/content/msila/src/data/rice/test_private/048_regular.png,2048,2448,1.0
rice,test_private,/content/msila/src/data/rice/test_private/118_regular.png,2048,2448,1.0
rice,test_private,/content/msila/src/data/rice/test_private/195_regular.png,2048,2448,1.0
rice,test_private,/content/msila/src/data/rice/test_private/025_regular.png,2048,2448,1.0
rice,test_private,/content/msila/src/data/rice/test_private/230_regular.png,2048,2448,1.0
rice,test_private,/content/msila/src/data/rice/test_private/129_regular.png,2048,2448,1.0
rice,test_private,/content/msila/src/data/rice/test_private/215_regular.png,2048,2448,1.0
rice,test_private,/content/msila/src/data/rice/test_private/003_regular.png,2048,2448,1.0
rice,test_private,/content/msila/src/data/rice/test_private/182_regular.png,2048,2448,1.0
rice,test_private,/content/msila/src/data/rice/test_private/059_regular.png,2048,2448,1.0
rice,test_private,/content/msila/src/data/rice/test_private/000_regular.png,2048,2448,1.0
rice,test_private,/content/msila/src/data/rice/test_private/054_regular.png,2048,2448,1.0
rice,test_private,/content/msila/src/data/rice/test_private/012_regular.png,2048,2448,1.0
rice,test_private,/content/msila/src/data/rice/test_private/114_regular.png,2048,2448,1.0
rice,test_private,/content/msila/src/data/rice/test_private/050_regular.png,2048,2448,1.0
rice,test_private,/content/msila/src/data/rice/test_private/078_regular.png,2048,2448,1.0
rice,test_private,/content/msila/src/data/rice/test_private/252_regular.png,2048,2448,1.0
rice,test_private,/content/msila/src/data/rice/test_private/196_regular.png,2048,2448,1.0
rice,test_private,/content/msila/src/data/rice/test_private/192_regular.png,2048,2448,1.0
rice,test_private,/content/msila/src/data/rice/test_private/127_regular.png,2048,2448,1.0
rice,test_private,/content/msila/src/data/rice/test_private/080_regular.png,2048,2448,1.0
rice,test_private,/content/msila/src/data/rice/test_private/097_regular.png,2048,2448,1.0
rice,test_private,/content/msila/src/data/rice/test_private/033_regular.png,2048,2448,1.0
rice,test_private,/content/msila/src/data/rice/test_private/177_regular.png,2048,2448,1.0
rice,test_private,/content/msila/src/data/rice/test_private/110_regular.png,2048,2448,1.0
rice,test_private,/content/msila/src/data/rice/test_private/273_regular.png,2048,2448,1.0
rice,test_private,/content/msila/src/data/rice/test_private/231_regular.png,2048,2448,1.0
rice,test_private,/content/msila/src/data/rice/test_private/173_regular.png,2048,2448,1.0
rice,test_private,/content/msila/src/data/rice/test_private/153_regular.png,2048,2448,1.0
rice,test_private,/content/msila/src/data/rice/test_private/065_regular.png,2048,2448,1.0
rice,test_private,/content/msila/src/data/rice/test_private/241_regular.png,2048,2448,1.0
rice,test_private,/content/msila/src/data/rice/test_private/096_regular.png,2048,2448,1.0
rice,test_private,/content/msila/src/data/rice/test_private/268_regular.png,2048,2448,1.0
rice,test_private,/content/msila/src/data/rice/test_private/171_regular.png,2048,2448,1.0
rice,test_private,/content/msila/src/data/rice/test_private/082_regular.png,2048,2448,1.0
rice,test_private,/content/msila/src/data/rice/test_private/244_regular.png,2048,2448,1.0
rice,test_private,/content/msila/src/data/rice/test_private/170_regular.png,2048,2448,1.0
rice,test_private,/content/msila/src/data/rice/test_private/009_regular.png,2048,2448,1.0
rice,test_private,/content/msila/src/data/rice/test_private/084_regular.png,2048,2448,1.0
rice,test_private,/content/msila/src/data/rice/test_private/264_regular.png,2048,2448,1.0
rice,test_private,/content/msila/src/data/rice/test_private/188_regular.png,2048,2448,1.0
rice,test_private,/content/msila/src/data/rice/test_private/043_regular.png,2048,2448,1.0
rice,test_private,/content/msila/src/data/rice/test_private/070_regular.png,2048,2448,1.0
rice,test_private,/content/msila/src/data/rice/test_private/246_regular.png,2048,2448,1.0
rice,test_private,/content/msila/src/data/rice/test_private/181_regular.png,2048,2448,1.0
rice,test_private,/content/msila/src/data/rice/test_private/254_regular.png,2048,2448,1.0
rice,test_private,/content/msila/src/data/rice/test_private/108_regular.png,2048,2448,1.0
rice,test_private,/content/msila/src/data/rice/test_private/174_regular.png,2048,2448,1.0
rice,test_private,/content/msila/src/data/rice/test_private/256_regular.png,2048,2448,1.0
rice,test_private,/content/msila/src/data/rice/test_private/165_regular.png,2048,2448,1.0
rice,test_private,/content/msila/src/data/rice/test_private/201_regular.png,2048,2448,1.0
rice,test_private,/content/msila/src/data/rice/test_private/203_regular.png,2048,2448,1.0
rice,test_private,/content/msila/src/data/rice/test_private/135_regular.png,2048,2448,1.0
rice,test_private,/content/msila/src/data/rice/test_private/213_regular.png,2048,2448,1.0
rice,test_private,/content/msila/src/data/rice/test_private/111_regular.png,2048,2448,1.0
rice,test_private,/content/msila/src/data/rice/test_private/042_regular.png,2048,2448,1.0
rice,test_private,/content/msila/src/data/rice/test_private/103_regular.png,2048,2448,1.0
rice,test_private,/content/msila/src/data/rice/test_private/199_regular.png,2048,2448,1.0
rice,test_private,/content/msila/src/data/rice/test_private/094_regular.png,2048,2448,1.0
rice,test_private,/content/msila/src/data/rice/test_private/105_regular.png,2048,2448,1.0
rice,test_private,/content/msila/src/data/rice/test_private/115_regular.png,2048,2448,1.0
rice,test_private,/content/msila/src/data/rice/test_private/038_regular.png,2048,2448,1.0
rice,test_private,/content/msila/src/data/rice/test_private/067_regular.png,2048,2448,1.0
rice,test_private,/content/msila/src/data/rice/test_private/234_regular.png,2048,2448,1.0
rice,test_private,/content/msila/src/data/rice/test_private/099_regular.png,2048,2448,1.0
rice,test_private,/content/msila/src/data/rice/test_private/121_regular.png,2048,2448,1.0
rice,test_private,/content/msila/src/data/rice/test_private/063_regular.png,2048,2448,1.0
rice,test_private,/content/msila/src/data/rice/test_private/194_regular.png,2048,2448,1.0
rice,test_private,/content/msila/src/data/rice/test_private/109_regular.png,2048,2448,1.0
rice,test_private,/content/msila/src/data/rice/test_private/077_regular.png,2048,2448,1.0
rice,test_private,/content/msila/src/data/rice/test_private/093_regular.png,2048,2448,1.0
rice,test_private,/content/msila/src/data/rice/test_private/172_regular.png,2048,2448,1.0
rice,test_private,/content/msila/src/data/rice/test_private/130_regular.png,2048,2448,1.0
rice,test_private,/content/msila/src/data/rice/test_private/036_regular.png,2048,2448,1.0
rice,test_private,/content/msila/src/data/rice/test_private/119_regular.png,2048,2448,1.0
rice,test_private,/content/msila/src/data/rice/test_private/269_regular.png,2048,2448,1.0
rice,test_private,/content/msila/src/data/rice/test_private/087_regular.png,2048,2448,1.0
rice,test_private,/content/msila/src/data/rice/test_private/255_regular.png,2048,2448,1.0
rice,test_private,/content/msila/src/data/rice/test_private/185_regular.png,2048,2448,1.0
rice,test_private,/content/msila/src/data/rice/test_private/204_regular.png,2048,2448,1.0
rice,test_private,/content/msila/src/data/rice/test_private/073_regular.png,2048,2448,1.0
rice,test_private,/content/msila/src/data/rice/test_private/032_regular.png,2048,2448,1.0
rice,test_private,/content/msila/src/data/rice/test_private/013_regular.png,2048,2448,1.0
rice,test_private,/content/msila/src/data/rice/test_private/265_regular.png,2048,2448,1.0
rice,test_private,/content/msila/src/data/rice/test_private/212_regular.png,2048,2448,1.0
rice,test_private,/content/msila/src/data/rice/test_private/157_regular.png,2048,2448,1.0
rice,test_private,/content/msila/src/data/rice/test_private/006_regular.png,2048,2448,1.0
rice,test_private,/content/msila/src/data/rice/test_private/040_regular.png,2048,2448,1.0
rice,test_private,/content/msila/src/data/rice/test_private/028_regular.png,2048,2448,1.0
rice,test_private,/content/msila/src/data/rice/test_private/235_regular.png,2048,2448,1.0
rice,test_private,/content/msila/src/data/rice/test_private/064_regular.png,2048,2448,1.0
rice,test_private,/content/msila/src/data/rice/test_private/190_regular.png,2048,2448,1.0
rice,test_private,/content/msila/src/data/rice/test_private/045_regular.png,2048,2448,1.0
rice,test_private,/content/msila/src/data/rice/test_private/270_regular.png,2048,2448,1.0
rice,test_private,/content/msila/src/data/rice/test_private/145_regular.png,2048,2448,1.0
rice,test_private,/content/msila/src/data/rice/test_private/098_regular.png,2048,2448,1.0
rice,test_private,/content/msila/src/data/rice/test_private/262_regular.png,2048,2448,1.0
rice,test_private,/content/msila/src/data/rice/test_private/197_regular.png,2048,2448,1.0
rice,test_private,/content/msila/src/data/rice/test_private/238_regular.png,2048,2448,1.0
rice,test_private,/content/msila/src/data/rice/test_private/222_regular.png,2048,2448,1.0
rice,test_private,/content/msila/src/data/rice/test_private/034_regular.png,2048,2448,1.0
rice,test_private,/content/msila/src/data/rice/test_private/112_regular.png,2048,2448,1.0
rice,test_private,/content/msila/src/data/rice/test_private/175_regular.png,2048,2448,1.0
rice,test_private,/content/msila/src/data/rice/test_private/138_regular.png,2048,2448,1.0
rice,test_private,/content/msila/src/data/rice/test_private/224_regular.png,2048,2448,1.0
rice,test_private,/content/msila/src/data/rice/test_private/086_regular.png,2048,2448,1.0
rice,test_private,/content/msila/src/data/rice/test_private/169_regular.png,2048,2448,1.0
rice,test_private,/content/msila/src/data/rice/test_private/191_regular.png,2048,2448,1.0
rice,test_private,/content/msila/src/data/rice/test_private/260_regular.png,2048,2448,1.0
rice,test_private,/content/msila/src/data/rice/test_private/147_regular.png,2048,2448,1.0
rice,test_private,/content/msila/src/data/rice/test_private/198_regular.png,2048,2448,1.0
rice,test_private,/content/msila/src/data/rice/test_private/102_regular.png,2048,2448,1.0
rice,test_private,/content/msila/src/data/rice/test_private/113_regular.png,2048,2448,1.0
rice,test_private,/content/msila/src/data/rice/test_private/218_regular.png,2048,2448,1.0
rice,test_private,/content/msila/src/data/rice/test_private/107_regular.png,2048,2448,1.0
rice,test_private,/content/msila/src/data/rice/test_private/149_regular.png,2048,2448,1.0
rice,test_private,/content/msila/src/data/rice/test_private/095_regular.png,2048,2448,1.0
rice,test_private,/content/msila/src/data/rice/test_private/101_regular.png,2048,2448,1.0
rice,test_private,/content/msila/src/data/rice/test_private/168_regular.png,2048,2448,1.0
rice,test_private,/content/msila/src/data/rice/test_private/092_regular.png,2048,2448,1.0
rice,test_private,/content/msila/src/data/rice/test_private/240_regular.png,2048,2448,1.0
rice,test_private,/content/msila/src/data/rice/test_private/047_regular.png,2048,2448,1.0
rice,test_private,/content/msila/src/data/rice/test_private/053_regular.png,2048,2448,1.0
rice,test_private,/content/msila/src/data/rice/test_private/237_regular.png,2048,2448,1.0
rice,test_private,/content/msila/src/data/rice/test_private/021_regular.png,2048,2448,1.0
rice,test_private,/content/msila/src/data/rice/test_private/076_regular.png,2048,2448,1.0
rice,test_private,/content/msila/src/data/rice/test_private/090_regular.png,2048,2448,1.0
rice,test_private,/content/msila/src/data/rice/test_private/271_regular.png,2048,2448,1.0
rice,test_private,/content/msila/src/data/rice/test_private/159_regular.png,2048,2448,1.0
rice,test_private,/content/msila/src/data/rice/test_private/187_regular.png,2048,2448,1.0
rice,test_private,/content/msila/src/data/rice/test_private/075_regular.png,2048,2448,1.0
rice,test_private,/content/msila/src/data/rice/test_private/163_regular.png,2048,2448,1.0
rice,test_private,/content/msila/src/data/rice/test_private/010_regular.png,2048,2448,1.0
rice,test_private,/content/msila/src/data/rice/test_private/247_regular.png,2048,2448,1.0
rice,test_private,/content/msila/src/data/rice/test_private/049_regular.png,2048,2448,1.0
rice,test_private,/content/msila/src/data/rice/test_private/220_regular.png,2048,2448,1.0
rice,test_private,/content/msila/src/data/rice/test_private/015_regular.png,2048,2448,1.0
rice,test_private,/content/msila/src/data/rice/test_private/249_regular.png,2048,2448,1.0
rice,test_private,/content/msila/src/data/rice/test_private/005_regular.png,2048,2448,1.0
rice,test_private,/content/msila/src/data/rice/test_private/133_regular.png,2048,2448,1.0
rice,test_private,/content/msila/src/data/rice/test_private/030_regular.png,2048,2448,1.0
rice,test_private,/content/msila/src/data/rice/test_private/144_regular.png,2048,2448,1.0
rice,test_private,/content/msila/src/data/rice/test_private/124_regular.png,2048,2448,1.0
rice,test_private,/content/msila/src/data/rice/test_private/022_regular.png,2048,2448,1.0
rice,test_private,/content/msila/src/data/rice/test_private/223_regular.png,2048,2448,1.0
rice,test_private,/content/msila/src/data/rice/test_private/243_regular.png,2048,2448,1.0
rice,test_private,/content/msila/src/data/rice/test_private/088_regular.png,2048,2448,1.0
rice,test_private,/content/msila/src/data/rice/test_private/206_regular.png,2048,2448,1.0
rice,test_private,/content/msila/src/data/rice/test_private/116_regular.png,2048,2448,1.0
rice,test_private,/content/msila/src/data/rice/test_private/014_regular.png,2048,2448,1.0
rice,test_private,/content/msila/src/data/rice/test_private/018_regular.png,2048,2448,1.0
rice,test_private,/content/msila/src/data/rice/test_private/122_regular.png,2048,2448,1.0
rice,test_private,/content/msila/src/data/rice/test_private/125_regular.png,2048,2448,1.0
rice,test_private,/content/msila/src/data/rice/test_private/074_regular.png,2048,2448,1.0
rice,test_private,/content/msila/src/data/rice/test_private/002_regular.png,2048,2448,1.0
rice,test_private,/content/msila/src/data/rice/test_private/132_regular.png,2048,2448,1.0
rice,test_private,/content/msila/src/data/rice/test_private/051_regular.png,2048,2448,1.0
rice,test_private,/content/msila/src/data/rice/test_private/162_regular.png,2048,2448,1.0
rice,test_private,/content/msila/src/data/rice/test_private/123_regular.png,2048,2448,1.0
rice,test_private,/content/msila/src/data/rice/test_private/155_regular.png,2048,2448,1.0
rice,test_private,/content/msila/src/data/rice/test_private/257_regular.png,2048,2448,1.0
rice,test_private,/content/msila/src/data/rice/test_private/152_regular.png,2048,2448,1.0
rice,test_private,/content/msila/src/data/rice/test_private/151_regular.png,2048,2448,1.0
rice,test_private,/content/msila/src/data/rice/test_private/079_regular.png,2048,2448,1.0
rice,test_private,/content/msila/src/data/rice/test_private/044_regular.png,2048,2448,1.0
rice,test_private,/content/msila/src/data/rice/test_private/226_regular.png,2048,2448,1.0
rice,test_private,/content/msila/src/data/rice/test_private/272_regular.png,2048,2448,1.0
rice,test_private,/content/msila/src/data/rice/test_private/091_regular.png,2048,2448,1.0
rice,test_private,/content/msila/src/data/rice/test_private/239_regular.png,2048,2448,1.0
rice,test_private,/content/msila/src/data/rice/test_private/276_regular.png,2048,2448,1.0
rice,test_private,/content/msila/src/data/rice/test_private/134_regular.png,2048,2448,1.0
rice,test_private,/content/msila/src/data/rice/test_private/161_regular.png,2048,2448,1.0
rice,test_private,/content/msila/src/data/rice/test_private/106_regular.png,2048,2448,1.0
rice,test_private,/content/msila/src/data/rice/test_private/167_regular.png,2048,2448,1.0
rice,test_private,/content/msila/src/data/rice/test_private/259_regular.png,2048,2448,1.0
rice,test_private,/content/msila/src/data/rice/test_private/139_regular.png,2048,2448,1.0
rice,test_private,/content/msila/src/data/rice/test_private/253_regular.png,2048,2448,1.0
rice,test_private,/content/msila/src/data/rice/test_private/072_regular.png,2048,2448,1.0
rice,test_private,/content/msila/src/data/rice/test_private/245_regular.png,2048,2448,1.0
rice,test_private,/content/msila/src/data/rice/test_private/004_regular.png,2048,2448,1.0
rice,test_private,/content/msila/src/data/rice/test_private/055_regular.png,2048,2448,1.0
rice,test_private,/content/msila/src/data/rice/test_private/100_regular.png,2048,2448,1.0
rice,test_private,/content/msila/src/data/rice/test_private/117_regular.png,2048,2448,1.0
rice,test_private,/content/msila/src/data/rice/test_private/228_regular.png,2048,2448,1.0
rice,test_private,/content/msila/src/data/rice/test_private/184_regular.png,2048,2448,1.0
rice,test_private,/content/msila/src/data/rice/test_private/225_regular.png,2048,2448,1.0
rice,test_private,/content/msila/src/data/rice/test_private/150_regular.png,2048,2448,1.0
rice,test_private,/content/msila/src/data/rice/test_private/016_regular.png,2048,2448,1.0
rice,test_private,/content/msila/src/data/rice/test_private/024_regular.png,2048,2448,1.0
rice,test_private,/content/msila/src/data/rice/test_private/166_regular.png,2048,2448,1.0
rice,test_private,/content/msila/src/data/rice/test_private/251_regular.png,2048,2448,1.0
rice,test_private,/content/msila/src/data/rice/test_private/266_regular.png,2048,2448,1.0
rice,test_private,/content/msila/src/data/rice/test_private/039_regular.png,2048,2448,1.0
rice,test_private,/content/msila/src/data/rice/test_private/176_regular.png,2048,2448,1.0
rice,test_private,/content/msila/src/data/rice/test_private/211_regular.png,2048,2448,1.0
rice,test_private,/content/msila/src/data/rice/test_private/037_regular.png,2048,2448,1.0
rice,test_private,/content/msila/src/data/rice/test_private/011_regular.png,2048,2448,1.0
rice,test_private,/content/msila/src/data/rice/test_private/200_regular.png,2048,2448,1.0
rice,test_private,/content/msila/src/data/rice/test_private/104_regular.png,2048,2448,1.0
rice,test_private,/content/msila/src/data/rice/test_private/062_regular.png,2048,2448,1.0
rice,test_private,/content/msila/src/data/rice/test_private/154_regular.png,2048,2448,1.0
rice,test_private,/content/msila/src/data/rice/test_private/060_regular.png,2048,2448,1.0
rice,test_private,/content/msila/src/data/rice/test_private/027_regular.png,2048,2448,1.0
rice,test_private,/content/msila/src/data/rice/test_private/029_regular.png,2048,2448,1.0
rice,test_private,/content/msila/src/data/rice/test_private/148_regular.png,2048,2448,1.0
rice,test_private,/content/msila/src/data/rice/test_private/020_regular.png,2048,2448,1.0
rice,test_private,/content/msila/src/data/rice/test_private/221_regular.png,2048,2448,1.0
rice,test_private,/content/msila/src/data/rice/test_private/120_regular.png,2048,2448,1.0
rice,test_private,/content/msila/src/data/rice/test_private/007_regular.png,2048,2448,1.0
rice,test_private,/content/msila/src/data/rice/test_private/274_regular.png,2048,2448,1.0
rice,test_private,/content/msila/src/data/rice/test_private/275_regular.png,2048,2448,1.0
rice,test_private,/content/msila/src/data/rice/test_private/189_regular.png,2048,2448,1.0
rice,test_private,/content/msila/src/data/rice/test_private/207_regular.png,2048,2448,1.0
rice,test_private,/content/msila/src/data/rice/test_private/242_regular.png,2048,2448,1.0
rice,test_private,/content/msila/src/data/rice/test_private/083_regular.png,2048,2448,1.0
rice,test_private,/content/msila/src/data/rice/test_private/183_regular.png,2048,2448,1.0
rice,test_private,/content/msila/src/data/rice/test_private/001_regular.png,2048,2448,1.0
rice,test_private,/content/msila/src/data/rice/test_private/066_regular.png,2048,2448,1.0
rice,test_private,/content/msila/src/data/rice/test_private/136_regular.png,2048,2448,1.0
rice,test_private,/content/msila/src/data/rice/test_private/026_regular.png,2048,2448,1.0
rice,test_private,/content/msila/src/data/rice/test_private/193_regular.png,2048,2448,1.0
rice,test_private,/content/msila/src/data/rice/test_private/031_regular.png,2048,2448,1.0
rice,test_private,/content/msila/src/data/rice/test_private/158_regular.png,2048,2448,1.0
rice,test_private,/content/msila/src/data/rice/test_private/081_regular.png,2048,2448,1.0
rice,test_private,/content/msila/src/data/rice/test_private/141_regular.png,2048,2448,1.0
rice,test_private,/content/msila/src/data/rice/test_private/208_regular.png,2048,2448,1.0
rice,test_private,/content/msila/src/data/rice/test_private/035_regular.png,2048,2448,1.0
rice,test_private,/content/msila/src/data/rice/test_private/008_regular.png,2048,2448,1.0
rice,test_private,/content/msila/src/data/rice/test_private/137_regular.png,2048,2448,1.0
rice,test_private,/content/msila/src/data/rice/test_private/263_regular.png,2048,2448,1.0
rice,test_private,/content/msila/src/data/rice/test_private/250_regular.png,2048,2448,1.0
rice,test_private,/content/msila/src/data/rice/test_private/210_regular.png,2048,2448,1.0
rice,test_private,/content/msila/src/data/rice/test_private/156_regular.png,2048,2448,1.0
rice,test_private,/content/msila/src/data/rice/test_private/058_regular.png,2048,2448,1.0
rice,test_private,/content/msila/src/data/rice/test_private/205_regular.png,2048,2448,1.0
rice,test_private,/content/msila/src/data/rice/test_private/236_regular.png,2048,2448,1.0
rice,test_private,/content/msila/src/data/rice/test_private/186_regular.png,2048,2448,1.0
rice,test_private,/content/msila/src/data/rice/test_private/227_regular.png,2048,2448,1.0
rice,test_private,/content/msila/src/data/rice/test_private/052_regular.png,2048,2448,1.0
rice,test_private,/content/msila/src/data/rice/test_private/131_regular.png,2048,2448,1.0
rice,test_private,/content/msila/src/data/rice/test_private/267_regular.png,2048,2448,1.0
rice,test_private,/content/msila/src/data/rice/test_private/214_regular.png,2048,2448,1.0
rice,test_private,/content/msila/src/data/rice/test_private/179_regular.png,2048,2448,1.0
rice,test_private,/content/msila/src/data/rice/test_private/202_regular.png,2048,2448,1.0
rice,test_private,/content/msila/src/data/rice/test_private/232_regular.png,2048,2448,1.0
rice,test_private,/content/msila/src/data/rice/test_private/071_regular.png,2048,2448,1.0
rice,test_private,/content/msila/src/data/rice/test_private/180_regular.png,2048,2448,1.0
rice,test_private,/content/msila/src/data/rice/test_private/089_regular.png,2048,2448,1.0
rice,test_private,/content/msila/src/data/rice/test_private/061_regular.png,2048,2448,1.0
rice,test_private,/content/msila/src/data/rice/test_private/068_regular.png,2048,2448,1.0
rice,validation,/content/msila/src/data/rice/validation/good/023_regular.png,2048,2448,1.0
rice,validation,/content/msila/src/data/rice/validation/good/019_regular.png,2048,2448,1.0
rice,validation,/content/msila/src/data/rice/validation/good/017_regular.png,2048,2448,1.0
rice,validation,/content/msila/src/data/rice/validation/good/025_regular.png,2048,2448,1.0
rice,validation,/content/msila/src/data/rice/validation/good/003_regular.png,2048,2448,1.0
rice,validation,/content/msila/src/data/rice/validation/good/000_regular.png,2048,2448,1.0
rice,validation,/content/msila/src/data/rice/validation/good/012_regular.png,2048,2448,1.0
rice,validation,/content/msila/src/data/rice/validation/good/033_regular.png,2048,2448,1.0
rice,validation,/content/msila/src/data/rice/validation/good/009_regular.png,2048,2448,1.0
rice,validation,/content/msila/src/data/rice/validation/good/032_regular.png,2048,2448,1.0
rice,validation,/content/msila/src/data/rice/validation/good/013_regular.png,2048,2448,1.0
rice,validation,/content/msila/src/data/rice/validation/good/006_regular.png,2048,2448,1.0
rice,validation,/content/msila/src/data/rice/validation/good/028_regular.png,2048,2448,1.0
rice,validation,/content/msila/src/data/rice/validation/good/034_regular.png,2048,2448,1.0
rice,validation,/content/msila/src/data/rice/validation/good/021_regular.png,2048,2448,1.0
rice,validation,/content/msila/src/data/rice/validation/good/010_regular.png,2048,2448,1.0
rice,validation,/content/msila/src/data/rice/validation/good/015_regular.png,2048,2448,1.0
rice,validation,/content/msila/src/data/rice/validation/good/005_regular.png,2048,2448,1.0
rice,validation,/content/msila/src/data/rice/validation/good/030_regular.png,2048,2448,1.0
rice,validation,/content/msila/src/data/rice/validation/good/022_regular.png,2048,2448,1.0
rice,validation,/content/msila/src/data/rice/validation/good/014_regular.png,2048,2448,1.0
rice,validation,/content/msila/src/data/rice/validation/good/018_regular.png,2048,2448,1.0
rice,validation,/content/msila/src/data/rice/validation/good/002_regular.png,2048,2448,1.0
rice,validation,/content/msila/src/data/rice/validation/good/004_regular.png,2048,2448,1.0
rice,validation,/content/msila/src/data/rice/validation/good/016_regular.png,2048,2448,1.0
rice,validation,/content/msila/src/data/rice/validation/good/024_regular.png,2048,2448,1.0
rice,validation,/content/msila/src/data/rice/validation/good/011_regular.png,2048,2448,1.0
rice,validation,/content/msila/src/data/rice/validation/good/027_regular.png,2048,2448,1.0
rice,validation,/content/msila/src/data/rice/validation/good/029_regular.png,2048,2448,1.0
rice,validation,/content/msila/src/data/rice/validation/good/020_regular.png,2048,2448,1.0
rice,validation,/content/msila/src/data/rice/validation/good/007_regular.png,2048,2448,1.0
rice,validation,/content/msila/src/data/rice/validation/good/001_regular.png,2048,2448,1.0
rice,validation,/content/msila/src/data/rice/validation/good/026_regular.png,2048,2448,1.0
rice,validation,/content/msila/src/data/rice/validation/good/031_regular.png,2048,2448,1.0
rice,validation,/content/msila/src/data/rice/validation/good/008_regular.png,2048,2448,1.0
rice,train,/content/msila/src/data/rice/train/good/126_regular.png,2048,2448,1.0
rice,train,/content/msila/src/data/rice/train/good/160_regular.png,2048,2448,1.0
rice,train,/content/msila/src/data/rice/train/good/306_regular.png,2048,2448,1.0
rice,train,/content/msila/src/data/rice/train/good/023_regular.png,2048,2448,1.0
rice,train,/content/msila/src/data/rice/train/good/057_regular.png,2048,2448,1.0
rice,train,/content/msila/src/data/rice/train/good/140_regular.png,2048,2448,1.0
rice,train,/content/msila/src/data/rice/train/good/019_regular.png,2048,2448,1.0
rice,train,/content/msila/src/data/rice/train/good/146_regular.png,2048,2448,1.0
rice,train,/content/msila/src/data/rice/train/good/217_regular.png,2048,2448,1.0
rice,train,/content/msila/src/data/rice/train/good/258_regular.png,2048,2448,1.0
rice,train,/content/msila/src/data/rice/train/good/128_regular.png,2048,2448,1.0
rice,train,/content/msila/src/data/rice/train/good/233_regular.png,2048,2448,1.0
rice,train,/content/msila/src/data/rice/train/good/041_regular.png,2048,2448,1.0
rice,train,/content/msila/src/data/rice/train/good/069_regular.png,2048,2448,1.0
rice,train,/content/msila/src/data/rice/train/good/216_regular.png,2048,2448,1.0
rice,train,/content/msila/src/data/rice/train/good/209_regular.png,2048,2448,1.0
rice,train,/content/msila/src/data/rice/train/good/164_regular.png,2048,2448,1.0
rice,train,/content/msila/src/data/rice/train/good/142_regular.png,2048,2448,1.0
rice,train,/content/msila/src/data/rice/train/good/085_regular.png,2048,2448,1.0
rice,train,/content/msila/src/data/rice/train/good/046_regular.png,2048,2448,1.0
rice,train,/content/msila/src/data/rice/train/good/219_regular.png,2048,2448,1.0
rice,train,/content/msila/src/data/rice/train/good/056_regular.png,2048,2448,1.0
rice,train,/content/msila/src/data/rice/train/good/229_regular.png,2048,2448,1.0
rice,train,/content/msila/src/data/rice/train/good/304_regular.png,2048,2448,1.0
rice,train,/content/msila/src/data/rice/train/good/261_regular.png,2048,2448,1.0
rice,train,/content/msila/src/data/rice/train/good/178_regular.png,2048,2448,1.0
rice,train,/content/msila/src/data/rice/train/good/143_regular.png,2048,2448,1.0
rice,train,/content/msila/src/data/rice/train/good/248_regular.png,2048,2448,1.0
rice,train,/content/msila/src/data/rice/train/good/017_regular.png,2048,2448,1.0
rice,train,/content/msila/src/data/rice/train/good/301_regular.png,2048,2448,1.0
rice,train,/content/msila/src/data/rice/train/good/048_regular.png,2048,2448,1.0
rice,train,/content/msila/src/data/rice/train/good/118_regular.png,2048,2448,1.0
rice,train,/content/msila/src/data/rice/train/good/312_regular.png,2048,2448,1.0
rice,train,/content/msila/src/data/rice/train/good/195_regular.png,2048,2448,1.0
rice,train,/content/msila/src/data/rice/train/good/025_regular.png,2048,2448,1.0
rice,train,/content/msila/src/data/rice/train/good/230_regular.png,2048,2448,1.0
rice,train,/content/msila/src/data/rice/train/good/129_regular.png,2048,2448,1.0
rice,train,/content/msila/src/data/rice/train/good/215_regular.png,2048,2448,1.0
rice,train,/content/msila/src/data/rice/train/good/003_regular.png,2048,2448,1.0
rice,train,/content/msila/src/data/rice/train/good/182_regular.png,2048,2448,1.0
rice,train,/content/msila/src/data/rice/train/good/299_regular.png,2048,2448,1.0
rice,train,/content/msila/src/data/rice/train/good/059_regular.png,2048,2448,1.0
rice,train,/content/msila/src/data/rice/train/good/000_regular.png,2048,2448,1.0
rice,train,/content/msila/src/data/rice/train/good/054_regular.png,2048,2448,1.0
rice,train,/content/msila/src/data/rice/train/good/281_regular.png,2048,2448,1.0
rice,train,/content/msila/src/data/rice/train/good/012_regular.png,2048,2448,1.0
rice,train,/content/msila/src/data/rice/train/good/293_regular.png,2048,2448,1.0
rice,train,/content/msila/src/data/rice/train/good/114_regular.png,2048,2448,1.0
rice,train,/content/msila/src/data/rice/train/good/050_regular.png,2048,2448,1.0
rice,train,/content/msila/src/data/rice/train/good/078_regular.png,2048,2448,1.0
rice,train,/content/msila/src/data/rice/train/good/252_regular.png,2048,2448,1.0
rice,train,/content/msila/src/data/rice/train/good/196_regular.png,2048,2448,1.0
rice,train,/content/msila/src/data/rice/train/good/192_regular.png,2048,2448,1.0
rice,train,/content/msila/src/data/rice/train/good/127_regular.png,2048,2448,1.0
rice,train,/content/msila/src/data/rice/train/good/277_regular.png,2048,2448,1.0
rice,train,/content/msila/src/data/rice/train/good/080_regular.png,2048,2448,1.0
rice,train,/content/msila/src/data/rice/train/good/097_regular.png,2048,2448,1.0
rice,train,/content/msila/src/data/rice/train/good/033_regular.png,2048,2448,1.0
rice,train,/content/msila/src/data/rice/train/good/177_regular.png,2048,2448,1.0
rice,train,/content/msila/src/data/rice/train/good/110_regular.png,2048,2448,1.0
rice,train,/content/msila/src/data/rice/train/good/273_regular.png,2048,2448,1.0
rice,train,/content/msila/src/data/rice/train/good/231_regular.png,2048,2448,1.0
rice,train,/content/msila/src/data/rice/train/good/173_regular.png,2048,2448,1.0
rice,train,/content/msila/src/data/rice/train/good/153_regular.png,2048,2448,1.0
rice,train,/content/msila/src/data/rice/train/good/065_regular.png,2048,2448,1.0
rice,train,/content/msila/src/data/rice/train/good/241_regular.png,2048,2448,1.0
rice,train,/content/msila/src/data/rice/train/good/096_regular.png,2048,2448,1.0
rice,train,/content/msila/src/data/rice/train/good/268_regular.png,2048,2448,1.0
rice,train,/content/msila/src/data/rice/train/good/292_regular.png,2048,2448,1.0
rice,train,/content/msila/src/data/rice/train/good/289_regular.png,2048,2448,1.0
rice,train,/content/msila/src/data/rice/train/good/171_regular.png,2048,2448,1.0
rice,train,/content/msila/src/data/rice/train/good/082_regular.png,2048,2448,1.0
rice,train,/content/msila/src/data/rice/train/good/244_regular.png,2048,2448,1.0
rice,train,/content/msila/src/data/rice/train/good/170_regular.png,2048,2448,1.0
rice,train,/content/msila/src/data/rice/train/good/296_regular.png,2048,2448,1.0
rice,train,/content/msila/src/data/rice/train/good/009_regular.png,2048,2448,1.0
rice,train,/content/msila/src/data/rice/train/good/084_regular.png,2048,2448,1.0
rice,train,/content/msila/src/data/rice/train/good/264_regular.png,2048,2448,1.0
rice,train,/content/msila/src/data/rice/train/good/188_regular.png,2048,2448,1.0
rice,train,/content/msila/src/data/rice/train/good/043_regular.png,2048,2448,1.0
rice,train,/content/msila/src/data/rice/train/good/070_regular.png,2048,2448,1.0
rice,train,/content/msila/src/data/rice/train/good/246_regular.png,2048,2448,1.0
rice,train,/content/msila/src/data/rice/train/good/181_regular.png,2048,2448,1.0
rice,train,/content/msila/src/data/rice/train/good/254_regular.png,2048,2448,1.0
rice,train,/content/msila/src/data/rice/train/good/311_regular.png,2048,2448,1.0
rice,train,/content/msila/src/data/rice/train/good/108_regular.png,2048,2448,1.0
rice,train,/content/msila/src/data/rice/train/good/174_regular.png,2048,2448,1.0
rice,train,/content/msila/src/data/rice/train/good/256_regular.png,2048,2448,1.0
rice,train,/content/msila/src/data/rice/train/good/165_regular.png,2048,2448,1.0
rice,train,/content/msila/src/data/rice/train/good/201_regular.png,2048,2448,1.0
rice,train,/content/msila/src/data/rice/train/good/203_regular.png,2048,2448,1.0
rice,train,/content/msila/src/data/rice/train/good/135_regular.png,2048,2448,1.0
rice,train,/content/msila/src/data/rice/train/good/213_regular.png,2048,2448,1.0
rice,train,/content/msila/src/data/rice/train/good/111_regular.png,2048,2448,1.0
rice,train,/content/msila/src/data/rice/train/good/042_regular.png,2048,2448,1.0
rice,train,/content/msila/src/data/rice/train/good/103_regular.png,2048,2448,1.0
rice,train,/content/msila/src/data/rice/train/good/199_regular.png,2048,2448,1.0
rice,train,/content/msila/src/data/rice/train/good/094_regular.png,2048,2448,1.0
rice,train,/content/msila/src/data/rice/train/good/105_regular.png,2048,2448,1.0
rice,train,/content/msila/src/data/rice/train/good/115_regular.png,2048,2448,1.0
rice,train,/content/msila/src/data/rice/train/good/038_regular.png,2048,2448,1.0
rice,train,/content/msila/src/data/rice/train/good/288_regular.png,2048,2448,1.0
rice,train,/content/msila/src/data/rice/train/good/067_regular.png,2048,2448,1.0
rice,train,/content/msila/src/data/rice/train/good/234_regular.png,2048,2448,1.0
rice,train,/content/msila/src/data/rice/train/good/309_regular.png,2048,2448,1.0
rice,train,/content/msila/src/data/rice/train/good/099_regular.png,2048,2448,1.0
rice,train,/content/msila/src/data/rice/train/good/121_regular.png,2048,2448,1.0
rice,train,/content/msila/src/data/rice/train/good/063_regular.png,2048,2448,1.0
rice,train,/content/msila/src/data/rice/train/good/307_regular.png,2048,2448,1.0
rice,train,/content/msila/src/data/rice/train/good/194_regular.png,2048,2448,1.0
rice,train,/content/msila/src/data/rice/train/good/109_regular.png,2048,2448,1.0
rice,train,/content/msila/src/data/rice/train/good/077_regular.png,2048,2448,1.0
rice,train,/content/msila/src/data/rice/train/good/093_regular.png,2048,2448,1.0
rice,train,/content/msila/src/data/rice/train/good/172_regular.png,2048,2448,1.0
rice,train,/content/msila/src/data/rice/train/good/130_regular.png,2048,2448,1.0
rice,train,/content/msila/src/data/rice/train/good/036_regular.png,2048,2448,1.0
rice,train,/content/msila/src/data/rice/train/good/119_regular.png,2048,2448,1.0
rice,train,/content/msila/src/data/rice/train/good/285_regular.png,2048,2448,1.0
rice,train,/content/msila/src/data/rice/train/good/269_regular.png,2048,2448,1.0
rice,train,/content/msila/src/data/rice/train/good/087_regular.png,2048,2448,1.0
rice,train,/content/msila/src/data/rice/train/good/255_regular.png,2048,2448,1.0
rice,train,/content/msila/src/data/rice/train/good/185_regular.png,2048,2448,1.0
rice,train,/content/msila/src/data/rice/train/good/204_regular.png,2048,2448,1.0
rice,train,/content/msila/src/data/rice/train/good/295_regular.png,2048,2448,1.0
rice,train,/content/msila/src/data/rice/train/good/073_regular.png,2048,2448,1.0
rice,train,/content/msila/src/data/rice/train/good/032_regular.png,2048,2448,1.0
rice,train,/content/msila/src/data/rice/train/good/013_regular.png,2048,2448,1.0
rice,train,/content/msila/src/data/rice/train/good/265_regular.png,2048,2448,1.0
rice,train,/content/msila/src/data/rice/train/good/212_regular.png,2048,2448,1.0
rice,train,/content/msila/src/data/rice/train/good/157_regular.png,2048,2448,1.0
rice,train,/content/msila/src/data/rice/train/good/006_regular.png,2048,2448,1.0
rice,train,/content/msila/src/data/rice/train/good/040_regular.png,2048,2448,1.0
rice,train,/content/msila/src/data/rice/train/good/028_regular.png,2048,2448,1.0
rice,train,/content/msila/src/data/rice/train/good/235_regular.png,2048,2448,1.0
rice,train,/content/msila/src/data/rice/train/good/064_regular.png,2048,2448,1.0
rice,train,/content/msila/src/data/rice/train/good/190_regular.png,2048,2448,1.0
rice,train,/content/msila/src/data/rice/train/good/045_regular.png,2048,2448,1.0
rice,train,/content/msila/src/data/rice/train/good/270_regular.png,2048,2448,1.0
rice,train,/content/msila/src/data/rice/train/good/145_regular.png,2048,2448,1.0
rice,train,/content/msila/src/data/rice/train/good/098_regular.png,2048,2448,1.0
rice,train,/content/msila/src/data/rice/train/good/262_regular.png,2048,2448,1.0
rice,train,/content/msila/src/data/rice/train/good/197_regular.png,2048,2448,1.0
rice,train,/content/msila/src/data/rice/train/good/238_regular.png,2048,2448,1.0
rice,train,/content/msila/src/data/rice/train/good/222_regular.png,2048,2448,1.0
rice,train,/content/msila/src/data/rice/train/good/034_regular.png,2048,2448,1.0
rice,train,/content/msila/src/data/rice/train/good/112_regular.png,2048,2448,1.0
rice,train,/content/msila/src/data/rice/train/good/175_regular.png,2048,2448,1.0
rice,train,/content/msila/src/data/rice/train/good/138_regular.png,2048,2448,1.0
rice,train,/content/msila/src/data/rice/train/good/224_regular.png,2048,2448,1.0
rice,train,/content/msila/src/data/rice/train/good/086_regular.png,2048,2448,1.0
rice,train,/content/msila/src/data/rice/train/good/169_regular.png,2048,2448,1.0
rice,train,/content/msila/src/data/rice/train/good/191_regular.png,2048,2448,1.0
rice,train,/content/msila/src/data/rice/train/good/260_regular.png,2048,2448,1.0
rice,train,/content/msila/src/data/rice/train/good/298_regular.png,2048,2448,1.0
rice,train,/content/msila/src/data/rice/train/good/147_regular.png,2048,2448,1.0
rice,train,/content/msila/src/data/rice/train/good/198_regular.png,2048,2448,1.0
rice,train,/content/msila/src/data/rice/train/good/102_regular.png,2048,2448,1.0
rice,train,/content/msila/src/data/rice/train/good/113_regular.png,2048,2448,1.0
rice,train,/content/msila/src/data/rice/train/good/218_regular.png,2048,2448,1.0
rice,train,/content/msila/src/data/rice/train/good/107_regular.png,2048,2448,1.0
rice,train,/content/msila/src/data/rice/train/good/149_regular.png,2048,2448,1.0
rice,train,/content/msila/src/data/rice/train/good/279_regular.png,2048,2448,1.0
rice,train,/content/msila/src/data/rice/train/good/300_regular.png,2048,2448,1.0
rice,train,/content/msila/src/data/rice/train/good/095_regular.png,2048,2448,1.0
rice,train,/content/msila/src/data/rice/train/good/101_regular.png,2048,2448,1.0
rice,train,/content/msila/src/data/rice/train/good/305_regular.png,2048,2448,1.0
rice,train,/content/msila/src/data/rice/train/good/168_regular.png,2048,2448,1.0
rice,train,/content/msila/src/data/rice/train/good/092_regular.png,2048,2448,1.0
rice,train,/content/msila/src/data/rice/train/good/240_regular.png,2048,2448,1.0
rice,train,/content/msila/src/data/rice/train/good/047_regular.png,2048,2448,1.0
rice,train,/content/msila/src/data/rice/train/good/053_regular.png,2048,2448,1.0
rice,train,/content/msila/src/data/rice/train/good/237_regular.png,2048,2448,1.0
rice,train,/content/msila/src/data/rice/train/good/021_regular.png,2048,2448,1.0
rice,train,/content/msila/src/data/rice/train/good/076_regular.png,2048,2448,1.0
rice,train,/content/msila/src/data/rice/train/good/302_regular.png,2048,2448,1.0
rice,train,/content/msila/src/data/rice/train/good/090_regular.png,2048,2448,1.0
rice,train,/content/msila/src/data/rice/train/good/271_regular.png,2048,2448,1.0
rice,train,/content/msila/src/data/rice/train/good/159_regular.png,2048,2448,1.0
rice,train,/content/msila/src/data/rice/train/good/187_regular.png,2048,2448,1.0
rice,train,/content/msila/src/data/rice/train/good/075_regular.png,2048,2448,1.0
rice,train,/content/msila/src/data/rice/train/good/163_regular.png,2048,2448,1.0
rice,train,/content/msila/src/data/rice/train/good/010_regular.png,2048,2448,1.0
rice,train,/content/msila/src/data/rice/train/good/247_regular.png,2048,2448,1.0
rice,train,/content/msila/src/data/rice/train/good/049_regular.png,2048,2448,1.0
rice,train,/content/msila/src/data/rice/train/good/220_regular.png,2048,2448,1.0
rice,train,/content/msila/src/data/rice/train/good/015_regular.png,2048,2448,1.0
rice,train,/content/msila/src/data/rice/train/good/249_regular.png,2048,2448,1.0
rice,train,/content/msila/src/data/rice/train/good/005_regular.png,2048,2448,1.0
rice,train,/content/msila/src/data/rice/train/good/133_regular.png,2048,2448,1.0
rice,train,/content/msila/src/data/rice/train/good/030_regular.png,2048,2448,1.0
rice,train,/content/msila/src/data/rice/train/good/144_regular.png,2048,2448,1.0
rice,train,/content/msila/src/data/rice/train/good/124_regular.png,2048,2448,1.0
rice,train,/content/msila/src/data/rice/train/good/022_regular.png,2048,2448,1.0
rice,train,/content/msila/src/data/rice/train/good/223_regular.png,2048,2448,1.0
rice,train,/content/msila/src/data/rice/train/good/243_regular.png,2048,2448,1.0
rice,train,/content/msila/src/data/rice/train/good/088_regular.png,2048,2448,1.0
rice,train,/content/msila/src/data/rice/train/good/206_regular.png,2048,2448,1.0
rice,train,/content/msila/src/data/rice/train/good/116_regular.png,2048,2448,1.0
rice,train,/content/msila/src/data/rice/train/good/014_regular.png,2048,2448,1.0
rice,train,/content/msila/src/data/rice/train/good/308_regular.png,2048,2448,1.0
rice,train,/content/msila/src/data/rice/train/good/018_regular.png,2048,2448,1.0
rice,train,/content/msila/src/data/rice/train/good/122_regular.png,2048,2448,1.0
rice,train,/content/msila/src/data/rice/train/good/125_regular.png,2048,2448,1.0
rice,train,/content/msila/src/data/rice/train/good/074_regular.png,2048,2448,1.0
rice,train,/content/msila/src/data/rice/train/good/002_regular.png,2048,2448,1.0
rice,train,/content/msila/src/data/rice/train/good/132_regular.png,2048,2448,1.0
rice,train,/content/msila/src/data/rice/train/good/051_regular.png,2048,2448,1.0
rice,train,/content/msila/src/data/rice/train/good/162_regular.png,2048,2448,1.0
rice,train,/content/msila/src/data/rice/train/good/123_regular.png,2048,2448,1.0
rice,train,/content/msila/src/data/rice/train/good/155_regular.png,2048,2448,1.0
rice,train,/content/msila/src/data/rice/train/good/282_regular.png,2048,2448,1.0
rice,train,/content/msila/src/data/rice/train/good/257_regular.png,2048,2448,1.0
rice,train,/content/msila/src/data/rice/train/good/283_regular.png,2048,2448,1.0
rice,train,/content/msila/src/data/rice/train/good/152_regular.png,2048,2448,1.0
rice,train,/content/msila/src/data/rice/train/good/151_regular.png,2048,2448,1.0
rice,train,/content/msila/src/data/rice/train/good/079_regular.png,2048,2448,1.0
rice,train,/content/msila/src/data/rice/train/good/044_regular.png,2048,2448,1.0
rice,train,/content/msila/src/data/rice/train/good/226_regular.png,2048,2448,1.0
rice,train,/content/msila/src/data/rice/train/good/272_regular.png,2048,2448,1.0
rice,train,/content/msila/src/data/rice/train/good/280_regular.png,2048,2448,1.0
rice,train,/content/msila/src/data/rice/train/good/297_regular.png,2048,2448,1.0
rice,train,/content/msila/src/data/rice/train/good/091_regular.png,2048,2448,1.0
rice,train,/content/msila/src/data/rice/train/good/239_regular.png,2048,2448,1.0
rice,train,/content/msila/src/data/rice/train/good/276_regular.png,2048,2448,1.0
rice,train,/content/msila/src/data/rice/train/good/134_regular.png,2048,2448,1.0
rice,train,/content/msila/src/data/rice/train/good/161_regular.png,2048,2448,1.0
rice,train,/content/msila/src/data/rice/train/good/106_regular.png,2048,2448,1.0
rice,train,/content/msila/src/data/rice/train/good/167_regular.png,2048,2448,1.0
rice,train,/content/msila/src/data/rice/train/good/259_regular.png,2048,2448,1.0
rice,train,/content/msila/src/data/rice/train/good/139_regular.png,2048,2448,1.0
rice,train,/content/msila/src/data/rice/train/good/253_regular.png,2048,2448,1.0
rice,train,/content/msila/src/data/rice/train/good/072_regular.png,2048,2448,1.0
rice,train,/content/msila/src/data/rice/train/good/245_regular.png,2048,2448,1.0
rice,train,/content/msila/src/data/rice/train/good/004_regular.png,2048,2448,1.0
rice,train,/content/msila/src/data/rice/train/good/055_regular.png,2048,2448,1.0
rice,train,/content/msila/src/data/rice/train/good/100_regular.png,2048,2448,1.0
rice,train,/content/msila/src/data/rice/train/good/117_regular.png,2048,2448,1.0
rice,train,/content/msila/src/data/rice/train/good/228_regular.png,2048,2448,1.0
rice,train,/content/msila/src/data/rice/train/good/278_regular.png,2048,2448,1.0
rice,train,/content/msila/src/data/rice/train/good/184_regular.png,2048,2448,1.0
rice,train,/content/msila/src/data/rice/train/good/225_regular.png,2048,2448,1.0
rice,train,/content/msila/src/data/rice/train/good/150_regular.png,2048,2448,1.0
rice,train,/content/msila/src/data/rice/train/good/016_regular.png,2048,2448,1.0
rice,train,/content/msila/src/data/rice/train/good/024_regular.png,2048,2448,1.0
rice,train,/content/msila/src/data/rice/train/good/310_regular.png,2048,2448,1.0
rice,train,/content/msila/src/data/rice/train/good/166_regular.png,2048,2448,1.0
rice,train,/content/msila/src/data/rice/train/good/251_regular.png,2048,2448,1.0
rice,train,/content/msila/src/data/rice/train/good/266_regular.png,2048,2448,1.0
rice,train,/content/msila/src/data/rice/train/good/294_regular.png,2048,2448,1.0
rice,train,/content/msila/src/data/rice/train/good/039_regular.png,2048,2448,1.0
rice,train,/content/msila/src/data/rice/train/good/176_regular.png,2048,2448,1.0
rice,train,/content/msila/src/data/rice/train/good/211_regular.png,2048,2448,1.0
rice,train,/content/msila/src/data/rice/train/good/037_regular.png,2048,2448,1.0
rice,train,/content/msila/src/data/rice/train/good/011_regular.png,2048,2448,1.0
rice,train,/content/msila/src/data/rice/train/good/200_regular.png,2048,2448,1.0
rice,train,/content/msila/src/data/rice/train/good/104_regular.png,2048,2448,1.0
rice,train,/content/msila/src/data/rice/train/good/062_regular.png,2048,2448,1.0
rice,train,/content/msila/src/data/rice/train/good/154_regular.png,2048,2448,1.0
rice,train,/content/msila/src/data/rice/train/good/060_regular.png,2048,2448,1.0
rice,train,/content/msila/src/data/rice/train/good/027_regular.png,2048,2448,1.0
rice,train,/content/msila/src/data/rice/train/good/029_regular.png,2048,2448,1.0
rice,train,/content/msila/src/data/rice/train/good/148_regular.png,2048,2448,1.0
rice,train,/content/msila/src/data/rice/train/good/020_regular.png,2048,2448,1.0
rice,train,/content/msila/src/data/rice/train/good/221_regular.png,2048,2448,1.0
rice,train,/content/msila/src/data/rice/train/good/287_regular.png,2048,2448,1.0
rice,train,/content/msila/src/data/rice/train/good/120_regular.png,2048,2448,1.0
rice,train,/content/msila/src/data/rice/train/good/007_regular.png,2048,2448,1.0
rice,train,/content/msila/src/data/rice/train/good/274_regular.png,2048,2448,1.0
rice,train,/content/msila/src/data/rice/train/good/275_regular.png,2048,2448,1.0
rice,train,/content/msila/src/data/rice/train/good/189_regular.png,2048,2448,1.0
rice,train,/content/msila/src/data/rice/train/good/286_regular.png,2048,2448,1.0
rice,train,/content/msila/src/data/rice/train/good/207_regular.png,2048,2448,1.0
rice,train,/content/msila/src/data/rice/train/good/242_regular.png,2048,2448,1.0
rice,train,/content/msila/src/data/rice/train/good/083_regular.png,2048,2448,1.0
rice,train,/content/msila/src/data/rice/train/good/183_regular.png,2048,2448,1.0
rice,train,/content/msila/src/data/rice/train/good/001_regular.png,2048,2448,1.0
rice,train,/content/msila/src/data/rice/train/good/066_regular.png,2048,2448,1.0
rice,train,/content/msila/src/data/rice/train/good/136_regular.png,2048,2448,1.0
rice,train,/content/msila/src/data/rice/train/good/026_regular.png,2048,2448,1.0
rice,train,/content/msila/src/data/rice/train/good/193_regular.png,2048,2448,1.0
rice,train,/content/msila/src/data/rice/train/good/031_regular.png,2048,2448,1.0
rice,train,/content/msila/src/data/rice/train/good/303_regular.png,2048,2448,1.0
rice,train,/content/msila/src/data/rice/train/good/158_regular.png,2048,2448,1.0
rice,train,/content/msila/src/data/rice/train/good/081_regular.png,2048,2448,1.0
rice,train,/content/msila/src/data/rice/train/good/141_regular.png,2048,2448,1.0
rice,train,/content/msila/src/data/rice/train/good/208_regular.png,2048,2448,1.0
rice,train,/content/msila/src/data/rice/train/good/035_regular.png,2048,2448,1.0
rice,train,/content/msila/src/data/rice/train/good/008_regular.png,2048,2448,1.0
rice,train,/content/msila/src/data/rice/train/good/137_regular.png,2048,2448,1.0
rice,train,/content/msila/src/data/rice/train/good/263_regular.png,2048,2448,1.0
rice,train,/content/msila/src/data/rice/train/good/250_regular.png,2048,2448,1.0
rice,train,/content/msila/src/data/rice/train/good/210_regular.png,2048,2448,1.0
rice,train,/content/msila/src/data/rice/train/good/156_regular.png,2048,2448,1.0
rice,train,/content/msila/src/data/rice/train/good/058_regular.png,2048,2448,1.0
rice,train,/content/msila/src/data/rice/train/good/290_regular.png,2048,2448,1.0
rice,train,/content/msila/src/data/rice/train/good/205_regular.png,2048,2448,1.0
rice,train,/content/msila/src/data/rice/train/good/236_regular.png,2048,2448,1.0
rice,train,/content/msila/src/data/rice/train/good/291_regular.png,2048,2448,1.0
rice,train,/content/msila/src/data/rice/train/good/284_regular.png,2048,2448,1.0
rice,train,/content/msila/src/data/rice/train/good/186_regular.png,2048,2448,1.0
rice,train,/content/msila/src/data/rice/train/good/227_regular.png,2048,2448,1.0
rice,train,/content/msila/src/data/rice/train/good/052_regular.png,2048,2448,1.0
rice,train,/content/msila/src/data/rice/train/good/131_regular.png,2048,2448,1.0
rice,train,/content/msila/src/data/rice/train/good/267_regular.png,2048,2448,1.0
rice,train,/content/msila/src/data/rice/train/good/214_regular.png,2048,2448,1.0
rice,train,/content/msila/src/data/rice/train/good/179_regular.png,2048,2448,1.0
rice,train,/content/msila/src/data/rice/train/good/202_regular.png,2048,2448,1.0
rice,train,/content/msila/src/data/rice/train/good/232_regular.png,2048,2448,1.0
rice,train,/content/msila/src/data/rice/train/good/071_regular.png,2048,2448,1.0
rice,train,/content/msila/src/data/rice/train/good/180_regular.png,2048,2448,1.0
rice,train,/content/msila/src/data/rice/train/good/089_regular.png,2048,2448,1.0
rice,train,/content/msila/src/data/rice/train/good/061_regular.png,2048,2448,1.0
rice,train,/content/msila/src/data/rice/train/good/068_regular.png,2048,2448,1.0
rice,test_public,/content/msila/src/data/rice/test_public/bad/012_overexposed.png,2048,2448,1.0
rice,test_public,/content/msila/src/data/rice/test_public/bad/013_shift_1.png,2048,2448,1.0
rice,test_public,/content/msila/src/data/rice/test_public/bad/009_overexposed.png,2048,2448,1.0
rice,test_public,/content/msila/src/data/rice/test_public/bad/010_underexposed.png,2048,2448,1.0
rice,test_public,/content/msila/src/data/rice/test_public/bad/003_shift_1.png,2048,2448,1.0
rice,test_public,/content/msila/src/data/rice/test_public/bad/003_overexposed.png,2048,2448,1.0
rice,test_public,/content/msila/src/data/rice/test_public/bad/002_shift_3.png,2048,2448,1.0
rice,test_public,/content/msila/src/data/rice/test_public/bad/013_shift_2.png,2048,2448,1.0
rice,test_public,/content/msila/src/data/rice/test_public/bad/013_overexposed.png,2048,2448,1.0
rice,test_public,/content/msila/src/data/rice/test_public/bad/010_shift_1.png,2048,2448,1.0
rice,test_public,/content/msila/src/data/rice/test_public/bad/003_regular.png,2048,2448,1.0
rice,test_public,/content/msila/src/data/rice/test_public/bad/014_overexposed.png,2048,2448,1.0
rice,test_public,/content/msila/src/data/rice/test_public/bad/000_regular.png,2048,2448,1.0
rice,test_public,/content/msila/src/data/rice/test_public/bad/012_regular.png,2048,2448,1.0
rice,test_public,/content/msila/src/data/rice/test_public/bad/008_underexposed.png,2048,2448,1.0
rice,test_public,/content/msila/src/data/rice/test_public/bad/004_shift_2.png,2048,2448,1.0
rice,test_public,/content/msila/src/data/rice/test_public/bad/000_shift_3.png,2048,2448,1.0
rice,test_public,/content/msila/src/data/rice/test_public/bad/011_shift_2.png,2048,2448,1.0
rice,test_public,/content/msila/src/data/rice/test_public/bad/005_overexposed.png,2048,2448,1.0
rice,test_public,/content/msila/src/data/rice/test_public/bad/001_shift_1.png,2048,2448,1.0
rice,test_public,/content/msila/src/data/rice/test_public/bad/004_shift_1.png,2048,2448,1.0
rice,test_public,/content/msila/src/data/rice/test_public/bad/010_shift_2.png,2048,2448,1.0
rice,test_public,/content/msila/src/data/rice/test_public/bad/012_shift_2.png,2048,2448,1.0
rice,test_public,/content/msila/src/data/rice/test_public/bad/007_overexposed.png,2048,2448,1.0
rice,test_public,/content/msila/src/data/rice/test_public/bad/009_regular.png,2048,2448,1.0
rice,test_public,/content/msila/src/data/rice/test_public/bad/008_shift_3.png,2048,2448,1.0
rice,test_public,/content/msila/src/data/rice/test_public/bad/009_shift_3.png,2048,2448,1.0
rice,test_public,/content/msila/src/data/rice/test_public/bad/011_overexposed.png,2048,2448,1.0
rice,test_public,/content/msila/src/data/rice/test_public/bad/005_shift_1.png,2048,2448,1.0
rice,test_public,/content/msila/src/data/rice/test_public/bad/003_shift_3.png,2048,2448,1.0
rice,test_public,/content/msila/src/data/rice/test_public/bad/012_shift_1.png,2048,2448,1.0
rice,test_public,/content/msila/src/data/rice/test_public/bad/004_underexposed.png,2048,2448,1.0
rice,test_public,/content/msila/src/data/rice/test_public/bad/000_shift_2.png,2048,2448,1.0
rice,test_public,/content/msila/src/data/rice/test_public/bad/005_shift_2.png,2048,2448,1.0
rice,test_public,/content/msila/src/data/rice/test_public/bad/014_underexposed.png,2048,2448,1.0
rice,test_public,/content/msila/src/data/rice/test_public/bad/013_regular.png,2048,2448,1.0
rice,test_public,/content/msila/src/data/rice/test_public/bad/004_shift_3.png,2048,2448,1.0
rice,test_public,/content/msila/src/data/rice/test_public/bad/002_overexposed.png,2048,2448,1.0
rice,test_public,/content/msila/src/data/rice/test_public/bad/006_regular.png,2048,2448,1.0
rice,test_public,/content/msila/src/data/rice/test_public/bad/006_overexposed.png,2048,2448,1.0
rice,test_public,/content/msila/src/data/rice/test_public/bad/011_underexposed.png,2048,2448,1.0
rice,test_public,/content/msila/src/data/rice/test_public/bad/005_underexposed.png,2048,2448,1.0
rice,test_public,/content/msila/src/data/rice/test_public/bad/009_shift_2.png,2048,2448,1.0
rice,test_public,/content/msila/src/data/rice/test_public/bad/006_underexposed.png,2048,2448,1.0
rice,test_public,/content/msila/src/data/rice/test_public/bad/007_shift_1.png,2048,2448,1.0
rice,test_public,/content/msila/src/data/rice/test_public/bad/001_underexposed.png,2048,2448,1.0
rice,test_public,/content/msila/src/data/rice/test_public/bad/010_regular.png,2048,2448,1.0
rice,test_public,/content/msila/src/data/rice/test_public/bad/006_shift_3.png,2048,2448,1.0
rice,test_public,/content/msila/src/data/rice/test_public/bad/005_regular.png,2048,2448,1.0
rice,test_public,/content/msila/src/data/rice/test_public/bad/009_underexposed.png,2048,2448,1.0
rice,test_public,/content/msila/src/data/rice/test_public/bad/000_overexposed.png,2048,2448,1.0
rice,test_public,/content/msila/src/data/rice/test_public/bad/013_shift_3.png,2048,2448,1.0
rice,test_public,/content/msila/src/data/rice/test_public/bad/009_shift_1.png,2048,2448,1.0
rice,test_public,/content/msila/src/data/rice/test_public/bad/014_regular.png,2048,2448,1.0
rice,test_public,/content/msila/src/data/rice/test_public/bad/005_shift_3.png,2048,2448,1.0
rice,test_public,/content/msila/src/data/rice/test_public/bad/002_regular.png,2048,2448,1.0
rice,test_public,/content/msila/src/data/rice/test_public/bad/008_shift_2.png,2048,2448,1.0
rice,test_public,/content/msila/src/data/rice/test_public/bad/008_overexposed.png,2048,2448,1.0
rice,test_public,/content/msila/src/data/rice/test_public/bad/010_shift_3.png,2048,2448,1.0
rice,test_public,/content/msila/src/data/rice/test_public/bad/014_shift_1.png,2048,2448,1.0
rice,test_public,/content/msila/src/data/rice/test_public/bad/000_shift_1.png,2048,2448,1.0
rice,test_public,/content/msila/src/data/rice/test_public/bad/006_shift_1.png,2048,2448,1.0
rice,test_public,/content/msila/src/data/rice/test_public/bad/002_shift_1.png,2048,2448,1.0
rice,test_public,/content/msila/src/data/rice/test_public/bad/004_overexposed.png,2048,2448,1.0
rice,test_public,/content/msila/src/data/rice/test_public/bad/014_shift_2.png,2048,2448,1.0
rice,test_public,/content/msila/src/data/rice/test_public/bad/004_regular.png,2048,2448,1.0
rice,test_public,/content/msila/src/data/rice/test_public/bad/013_underexposed.png,2048,2448,1.0
rice,test_public,/content/msila/src/data/rice/test_public/bad/003_shift_2.png,2048,2448,1.0
rice,test_public,/content/msila/src/data/rice/test_public/bad/001_shift_2.png,2048,2448,1.0
rice,test_public,/content/msila/src/data/rice/test_public/bad/008_shift_1.png,2048,2448,1.0
rice,test_public,/content/msila/src/data/rice/test_public/bad/011_regular.png,2048,2448,1.0
rice,test_public,/content/msila/src/data/rice/test_public/bad/001_overexposed.png,2048,2448,1.0
rice,test_public,/content/msila/src/data/rice/test_public/bad/000_underexposed.png,2048,2448,1.0
rice,test_public,/content/msila/src/data/rice/test_public/bad/002_underexposed.png,2048,2448,1.0
rice,test_public,/content/msila/src/data/rice/test_public/bad/012_shift_3.png,2048,2448,1.0
rice,test_public,/content/msila/src/data/rice/test_public/bad/007_regular.png,2048,2448,1.0
rice,test_public,/content/msila/src/data/rice/test_public/bad/012_underexposed.png,2048,2448,1.0
rice,test_public,/content/msila/src/data/rice/test_public/bad/007_shift_3.png,2048,2448,1.0
rice,test_public,/content/msila/src/data/rice/test_public/bad/001_regular.png,2048,2448,1.0
rice,test_public,/content/msila/src/data/rice/test_public/bad/003_underexposed.png,2048,2448,1.0
rice,test_public,/content/msila/src/data/rice/test_public/bad/008_regular.png,2048,2448,1.0
rice,test_public,/content/msila/src/data/rice/test_public/bad/014_shift_3.png,2048,2448,1.0
rice,test_public,/content/msila/src/data/rice/test_public/bad/006_shift_2.png,2048,2448,1.0
rice,test_public,/content/msila/src/data/rice/test_public/bad/011_shift_1.png,2048,2448,1.0
rice,test_public,/content/msila/src/data/rice/test_public/bad/001_shift_3.png,2048,2448,1.0
rice,test_public,/content/msila/src/data/rice/test_public/bad/011_shift_3.png,2048,2448,1.0
rice,test_public,/content/msila/src/data/rice/test_public/bad/007_shift_2.png,2048,2448,1.0
rice,test_public,/content/msila/src/data/rice/test_public/bad/007_underexposed.png,2048,2448,1.0
rice,test_public,/content/msila/src/data/rice/test_public/bad/010_overexposed.png,2048,2448,1.0
rice,test_public,/content/msila/src/data/rice/test_public/bad/002_shift_2.png,2048,2448,1.0
rice,test_public,/content/msila/src/data/rice/test_public/good/003_shift_1.png,2048,2448,1.0
rice,test_public,/content/msila/src/data/rice/test_public/good/003_overexposed.png,2048,2448,1.0
rice,test_public,/content/msila/src/data/rice/test_public/good/002_shift_3.png,2048,2448,1.0
rice,test_public,/content/msila/src/data/rice/test_public/good/003_regular.png,2048,2448,1.0
rice,test_public,/content/msila/src/data/rice/test_public/good/000_regular.png,2048,2448,1.0
rice,test_public,/content/msila/src/data/rice/test_public/good/004_shift_2.png,2048,2448,1.0
rice,test_public,/content/msila/src/data/rice/test_public/good/000_shift_3.png,2048,2448,1.0
rice,test_public,/content/msila/src/data/rice/test_public/good/005_overexposed.png,2048,2448,1.0
rice,test_public,/content/msila/src/data/rice/test_public/good/001_shift_1.png,2048,2448,1.0
rice,test_public,/content/msila/src/data/rice/test_public/good/004_shift_1.png,2048,2448,1.0
rice,test_public,/content/msila/src/data/rice/test_public/good/005_shift_1.png,2048,2448,1.0
rice,test_public,/content/msila/src/data/rice/test_public/good/003_shift_3.png,2048,2448,1.0
rice,test_public,/content/msila/src/data/rice/test_public/good/004_underexposed.png,2048,2448,1.0
rice,test_public,/content/msila/src/data/rice/test_public/good/000_shift_2.png,2048,2448,1.0
rice,test_public,/content/msila/src/data/rice/test_public/good/005_shift_2.png,2048,2448,1.0
rice,test_public,/content/msila/src/data/rice/test_public/good/004_shift_3.png,2048,2448,1.0
rice,test_public,/content/msila/src/data/rice/test_public/good/002_overexposed.png,2048,2448,1.0
rice,test_public,/content/msila/src/data/rice/test_public/good/006_regular.png,2048,2448,1.0
rice,test_public,/content/msila/src/data/rice/test_public/good/006_overexposed.png,2048,2448,1.0
rice,test_public,/content/msila/src/data/rice/test_public/good/005_underexposed.png,2048,2448,1.0
rice,test_public,/content/msila/src/data/rice/test_public/good/006_underexposed.png,2048,2448,1.0
rice,test_public,/content/msila/src/data/rice/test_public/good/001_underexposed.png,2048,2448,1.0
rice,test_public,/content/msila/src/data/rice/test_public/good/006_shift_3.png,2048,2448,1.0
rice,test_public,/content/msila/src/data/rice/test_public/good/005_regular.png,2048,2448,1.0
rice,test_public,/content/msila/src/data/rice/test_public/good/000_overexposed.png,2048,2448,1.0
rice,test_public,/content/msila/src/data/rice/test_public/good/005_shift_3.png,2048,2448,1.0
rice,test_public,/content/msila/src/data/rice/test_public/good/002_regular.png,2048,2448,1.0
rice,test_public,/content/msila/src/data/rice/test_public/good/000_shift_1.png,2048,2448,1.0
rice,test_public,/content/msila/src/data/rice/test_public/good/006_shift_1.png,2048,2448,1.0
rice,test_public,/content/msila/src/data/rice/test_public/good/002_shift_1.png,2048,2448,1.0
rice,test_public,/content/msila/src/data/rice/test_public/good/004_overexposed.png,2048,2448,1.0
rice,test_public,/content/msila/src/data/rice/test_public/good/004_regular.png,2048,2448,1.0
rice,test_public,/content/msila/src/data/rice/test_public/good/003_shift_2.png,2048,2448,1.0
rice,test_public,/content/msila/src/data/rice/test_public/good/001_shift_2.png,2048,2448,1.0
rice,test_public,/content/msila/src/data/rice/test_public/good/001_overexposed.png,2048,2448,1.0
rice,test_public,/content/msila/src/data/rice/test_public/good/000_underexposed.png,2048,2448,1.0
rice,test_public,/content/msila/src/data/rice/test_public/good/002_underexposed.png,2048,2448,1.0
rice,test_public,/content/msila/src/data/rice/test_public/good/001_regular.png,2048,2448,1.0
rice,test_public,/content/msila/src/data/rice/test_public/good/003_underexposed.png,2048,2448,1.0
rice,test_public,/content/msila/src/data/rice/test_public/good/006_shift_2.png,2048,2448,1.0
rice,test_public,/content/msila/src/data/rice/test_public/good/001_shift_3.png,2048,2448,1.0
rice,test_public,/content/msila/src/data/rice/test_public/good/002_shift_2.png,2048,2448,1.0
fruit_jelly,test_private_mixed,/content/msila/src/data/fruit_jelly/test_private_mixed/098_mixed.png,1520,2100,1.0
fruit_jelly,test_private_mixed,/content/msila/src/data/fruit_jelly/test_private_mixed/055_mixed.png,1520,2100,1.0
fruit_jelly,test_private_mixed,/content/msila/src/data/fruit_jelly/test_private_mixed/159_mixed.png,1520,2100,1.0
fruit_jelly,test_private_mixed,/content/msila/src/data/fruit_jelly/test_private_mixed/084_mixed.png,1520,2100,1.0
fruit_jelly,test_private_mixed,/content/msila/src/data/fruit_jelly/test_private_mixed/015_mixed.png,1520,2100,1.0
fruit_jelly,test_private_mixed,/content/msila/src/data/fruit_jelly/test_private_mixed/027_mixed.png,1520,2100,1.0
fruit_jelly,test_private_mixed,/content/msila/src/data/fruit_jelly/test_private_mixed/170_mixed.png,1520,2100,1.0
fruit_jelly,test_private_mixed,/content/msila/src/data/fruit_jelly/test_private_mixed/147_mixed.png,1520,2100,1.0
fruit_jelly,test_private_mixed,/content/msila/src/data/fruit_jelly/test_private_mixed/156_mixed.png,1520,2100,1.0
fruit_jelly,test_private_mixed,/content/msila/src/data/fruit_jelly/test_private_mixed/184_mixed.png,1520,2100,1.0
fruit_jelly,test_private_mixed,/content/msila/src/data/fruit_jelly/test_private_mixed/044_mixed.png,1520,2100,1.0
fruit_jelly,test_private_mixed,/content/msila/src/data/fruit_jelly/test_private_mixed/018_mixed.png,1520,2100,1.0
fruit_jelly,test_private_mixed,/content/msila/src/data/fruit_jelly/test_private_mixed/020_mixed.png,1520,2100,1.0
fruit_jelly,test_private_mixed,/content/msila/src/data/fruit_jelly/test_private_mixed/067_mixed.png,1520,2100,1.0
fruit_jelly,test_private_mixed,/content/msila/src/data/fruit_jelly/test_private_mixed/080_mixed.png,1520,2100,1.0
fruit_jelly,test_private_mixed,/content/msila/src/data/fruit_jelly/test_private_mixed/092_mixed.png,1520,2100,1.0
fruit_jelly,test_private_mixed,/content/msila/src/data/fruit_jelly/test_private_mixed/237_mixed.png,1520,2100,1.0
fruit_jelly,test_private_mixed,/content/msila/src/data/fruit_jelly/test_private_mixed/066_mixed.png,1520,2100,1.0
fruit_jelly,test_private_mixed,/content/msila/src/data/fruit_jelly/test_private_mixed/187_mixed.png,1520,2100,1.0
fruit_jelly,test_private_mixed,/content/msila/src/data/fruit_jelly/test_private_mixed/070_mixed.png,1520,2100,1.0
fruit_jelly,test_private_mixed,/content/msila/src/data/fruit_jelly/test_private_mixed/243_mixed.png,1520,2100,1.0
fruit_jelly,test_private_mixed,/content/msila/src/data/fruit_jelly/test_private_mixed/231_mixed.png,1520,2100,1.0
fruit_jelly,test_private_mixed,/content/msila/src/data/fruit_jelly/test_private_mixed/218_mixed.png,1520,2100,1.0
fruit_jelly,test_private_mixed,/content/msila/src/data/fruit_jelly/test_private_mixed/074_mixed.png,1520,2100,1.0
fruit_jelly,test_private_mixed,/content/msila/src/data/fruit_jelly/test_private_mixed/069_mixed.png,1520,2100,1.0
fruit_jelly,test_private_mixed,/content/msila/src/data/fruit_jelly/test_private_mixed/154_mixed.png,1520,2100,1.0
fruit_jelly,test_private_mixed,/content/msila/src/data/fruit_jelly/test_private_mixed/016_mixed.png,1520,2100,1.0
fruit_jelly,test_private_mixed,/content/msila/src/data/fruit_jelly/test_private_mixed/118_mixed.png,1520,2100,1.0
fruit_jelly,test_private_mixed,/content/msila/src/data/fruit_jelly/test_private_mixed/234_mixed.png,1520,2100,1.0
fruit_jelly,test_private_mixed,/content/msila/src/data/fruit_jelly/test_private_mixed/198_mixed.png,1520,2100,1.0
fruit_jelly,test_private_mixed,/content/msila/src/data/fruit_jelly/test_private_mixed/248_mixed.png,1520,2100,1.0
fruit_jelly,test_private_mixed,/content/msila/src/data/fruit_jelly/test_private_mixed/037_mixed.png,1520,2100,1.0
fruit_jelly,test_private_mixed,/content/msila/src/data/fruit_jelly/test_private_mixed/161_mixed.png,1520,2100,1.0
fruit_jelly,test_private_mixed,/content/msila/src/data/fruit_jelly/test_private_mixed/167_mixed.png,1520,2100,1.0
fruit_jelly,test_private_mixed,/content/msila/src/data/fruit_jelly/test_private_mixed/247_mixed.png,1520,2100,1.0
fruit_jelly,test_private_mixed,/content/msila/src/data/fruit_jelly/test_private_mixed/079_mixed.png,1520,2100,1.0
fruit_jelly,test_private_mixed,/content/msila/src/data/fruit_jelly/test_private_mixed/000_mixed.png,1520,2100,1.0
fruit_jelly,test_private_mixed,/content/msila/src/data/fruit_jelly/test_private_mixed/081_mixed.png,1520,2100,1.0
fruit_jelly,test_private_mixed,/content/msila/src/data/fruit_jelly/test_private_mixed/082_mixed.png,1520,2100,1.0
fruit_jelly,test_private_mixed,/content/msila/src/data/fruit_jelly/test_private_mixed/039_mixed.png,1520,2100,1.0
fruit_jelly,test_private_mixed,/content/msila/src/data/fruit_jelly/test_private_mixed/126_mixed.png,1520,2100,1.0
fruit_jelly,test_private_mixed,/content/msila/src/data/fruit_jelly/test_private_mixed/191_mixed.png,1520,2100,1.0
fruit_jelly,test_private_mixed,/content/msila/src/data/fruit_jelly/test_private_mixed/150_mixed.png,1520,2100,1.0
fruit_jelly,test_private_mixed,/content/msila/src/data/fruit_jelly/test_private_mixed/059_mixed.png,1520,2100,1.0
fruit_jelly,test_private_mixed,/content/msila/src/data/fruit_jelly/test_private_mixed/035_mixed.png,1520,2100,1.0
fruit_jelly,test_private_mixed,/content/msila/src/data/fruit_jelly/test_private_mixed/116_mixed.png,1520,2100,1.0
fruit_jelly,test_private_mixed,/content/msila/src/data/fruit_jelly/test_private_mixed/062_mixed.png,1520,2100,1.0
fruit_jelly,test_private_mixed,/content/msila/src/data/fruit_jelly/test_private_mixed/182_mixed.png,1520,2100,1.0
fruit_jelly,test_private_mixed,/content/msila/src/data/fruit_jelly/test_private_mixed/138_mixed.png,1520,2100,1.0
fruit_jelly,test_private_mixed,/content/msila/src/data/fruit_jelly/test_private_mixed/252_mixed.png,1520,2100,1.0
fruit_jelly,test_private_mixed,/content/msila/src/data/fruit_jelly/test_private_mixed/158_mixed.png,1520,2100,1.0
fruit_jelly,test_private_mixed,/content/msila/src/data/fruit_jelly/test_private_mixed/028_mixed.png,1520,2100,1.0
fruit_jelly,test_private_mixed,/content/msila/src/data/fruit_jelly/test_private_mixed/205_mixed.png,1520,2100,1.0
fruit_jelly,test_private_mixed,/content/msila/src/data/fruit_jelly/test_private_mixed/012_mixed.png,1520,2100,1.0
fruit_jelly,test_private_mixed,/content/msila/src/data/fruit_jelly/test_private_mixed/071_mixed.png,1520,2100,1.0
fruit_jelly,test_private_mixed,/content/msila/src/data/fruit_jelly/test_private_mixed/242_mixed.png,1520,2100,1.0
fruit_jelly,test_private_mixed,/content/msila/src/data/fruit_jelly/test_private_mixed/017_mixed.png,1520,2100,1.0
fruit_jelly,test_private_mixed,/content/msila/src/data/fruit_jelly/test_private_mixed/175_mixed.png,1520,2100,1.0
fruit_jelly,test_private_mixed,/content/msila/src/data/fruit_jelly/test_private_mixed/188_mixed.png,1520,2100,1.0
fruit_jelly,test_private_mixed,/content/msila/src/data/fruit_jelly/test_private_mixed/006_mixed.png,1520,2100,1.0
fruit_jelly,test_private_mixed,/content/msila/src/data/fruit_jelly/test_private_mixed/222_mixed.png,1520,2100,1.0
fruit_jelly,test_private_mixed,/content/msila/src/data/fruit_jelly/test_private_mixed/244_mixed.png,1520,2100,1.0
fruit_jelly,test_private_mixed,/content/msila/src/data/fruit_jelly/test_private_mixed/146_mixed.png,1520,2100,1.0
fruit_jelly,test_private_mixed,/content/msila/src/data/fruit_jelly/test_private_mixed/217_mixed.png,1520,2100,1.0
fruit_jelly,test_private_mixed,/content/msila/src/data/fruit_jelly/test_private_mixed/163_mixed.png,1520,2100,1.0
fruit_jelly,test_private_mixed,/content/msila/src/data/fruit_jelly/test_private_mixed/047_mixed.png,1520,2100,1.0
fruit_jelly,test_private_mixed,/content/msila/src/data/fruit_jelly/test_private_mixed/232_mixed.png,1520,2100,1.0
fruit_jelly,test_private_mixed,/content/msila/src/data/fruit_jelly/test_private_mixed/155_mixed.png,1520,2100,1.0
fruit_jelly,test_private_mixed,/content/msila/src/data/fruit_jelly/test_private_mixed/169_mixed.png,1520,2100,1.0
fruit_jelly,test_private_mixed,/content/msila/src/data/fruit_jelly/test_private_mixed/189_mixed.png,1520,2100,1.0
fruit_jelly,test_private_mixed,/content/msila/src/data/fruit_jelly/test_private_mixed/050_mixed.png,1520,2100,1.0
fruit_jelly,test_private_mixed,/content/msila/src/data/fruit_jelly/test_private_mixed/119_mixed.png,1520,2100,1.0
fruit_jelly,test_private_mixed,/content/msila/src/data/fruit_jelly/test_private_mixed/196_mixed.png,1520,2100,1.0
fruit_jelly,test_private_mixed,/content/msila/src/data/fruit_jelly/test_private_mixed/236_mixed.png,1520,2100,1.0
fruit_jelly,test_private_mixed,/content/msila/src/data/fruit_jelly/test_private_mixed/106_mixed.png,1520,2100,1.0
fruit_jelly,test_private_mixed,/content/msila/src/data/fruit_jelly/test_private_mixed/034_mixed.png,1520,2100,1.0
fruit_jelly,test_private_mixed,/content/msila/src/data/fruit_jelly/test_private_mixed/104_mixed.png,1520,2100,1.0
fruit_jelly,test_private_mixed,/content/msila/src/data/fruit_jelly/test_private_mixed/091_mixed.png,1520,2100,1.0
fruit_jelly,test_private_mixed,/content/msila/src/data/fruit_jelly/test_private_mixed/246_mixed.png,1520,2100,1.0
fruit_jelly,test_private_mixed,/content/msila/src/data/fruit_jelly/test_private_mixed/086_mixed.png,1520,2100,1.0
fruit_jelly,test_private_mixed,/content/msila/src/data/fruit_jelly/test_private_mixed/178_mixed.png,1520,2100,1.0
fruit_jelly,test_private_mixed,/content/msila/src/data/fruit_jelly/test_private_mixed/166_mixed.png,1520,2100,1.0
fruit_jelly,test_private_mixed,/content/msila/src/data/fruit_jelly/test_private_mixed/127_mixed.png,1520,2100,1.0
fruit_jelly,test_private_mixed,/content/msila/src/data/fruit_jelly/test_private_mixed/123_mixed.png,1520,2100,1.0
fruit_jelly,test_private_mixed,/content/msila/src/data/fruit_jelly/test_private_mixed/194_mixed.png,1520,2100,1.0
fruit_jelly,test_private_mixed,/content/msila/src/data/fruit_jelly/test_private_mixed/193_mixed.png,1520,2100,1.0
fruit_jelly,test_private_mixed,/content/msila/src/data/fruit_jelly/test_private_mixed/206_mixed.png,1520,2100,1.0
fruit_jelly,test_private_mixed,/content/msila/src/data/fruit_jelly/test_private_mixed/148_mixed.png,1520,2100,1.0
fruit_jelly,test_private_mixed,/content/msila/src/data/fruit_jelly/test_private_mixed/162_mixed.png,1520,2100,1.0
fruit_jelly,test_private_mixed,/content/msila/src/data/fruit_jelly/test_private_mixed/002_mixed.png,1520,2100,1.0
fruit_jelly,test_private_mixed,/content/msila/src/data/fruit_jelly/test_private_mixed/130_mixed.png,1520,2100,1.0
fruit_jelly,test_private_mixed,/content/msila/src/data/fruit_jelly/test_private_mixed/210_mixed.png,1520,2100,1.0
fruit_jelly,test_private_mixed,/content/msila/src/data/fruit_jelly/test_private_mixed/251_mixed.png,1520,2100,1.0
fruit_jelly,test_private_mixed,/content/msila/src/data/fruit_jelly/test_private_mixed/048_mixed.png,1520,2100,1.0
fruit_jelly,test_private_mixed,/content/msila/src/data/fruit_jelly/test_private_mixed/157_mixed.png,1520,2100,1.0
fruit_jelly,test_private_mixed,/content/msila/src/data/fruit_jelly/test_private_mixed/008_mixed.png,1520,2100,1.0
fruit_jelly,test_private_mixed,/content/msila/src/data/fruit_jelly/test_private_mixed/239_mixed.png,1520,2100,1.0
fruit_jelly,test_private_mixed,/content/msila/src/data/fruit_jelly/test_private_mixed/013_mixed.png,1520,2100,1.0
fruit_jelly,test_private_mixed,/content/msila/src/data/fruit_jelly/test_private_mixed/137_mixed.png,1520,2100,1.0
fruit_jelly,test_private_mixed,/content/msila/src/data/fruit_jelly/test_private_mixed/177_mixed.png,1520,2100,1.0
fruit_jelly,test_private_mixed,/content/msila/src/data/fruit_jelly/test_private_mixed/061_mixed.png,1520,2100,1.0
fruit_jelly,test_private_mixed,/content/msila/src/data/fruit_jelly/test_private_mixed/122_mixed.png,1520,2100,1.0
fruit_jelly,test_private_mixed,/content/msila/src/data/fruit_jelly/test_private_mixed/179_mixed.png,1520,2100,1.0
fruit_jelly,test_private_mixed,/content/msila/src/data/fruit_jelly/test_private_mixed/230_mixed.png,1520,2100,1.0
fruit_jelly,test_private_mixed,/content/msila/src/data/fruit_jelly/test_private_mixed/226_mixed.png,1520,2100,1.0
fruit_jelly,test_private_mixed,/content/msila/src/data/fruit_jelly/test_private_mixed/113_mixed.png,1520,2100,1.0
fruit_jelly,test_private_mixed,/content/msila/src/data/fruit_jelly/test_private_mixed/095_mixed.png,1520,2100,1.0
fruit_jelly,test_private_mixed,/content/msila/src/data/fruit_jelly/test_private_mixed/060_mixed.png,1520,2100,1.0
fruit_jelly,test_private_mixed,/content/msila/src/data/fruit_jelly/test_private_mixed/181_mixed.png,1520,2100,1.0
fruit_jelly,test_private_mixed,/content/msila/src/data/fruit_jelly/test_private_mixed/168_mixed.png,1520,2100,1.0
fruit_jelly,test_private_mixed,/content/msila/src/data/fruit_jelly/test_private_mixed/192_mixed.png,1520,2100,1.0
fruit_jelly,test_private_mixed,/content/msila/src/data/fruit_jelly/test_private_mixed/078_mixed.png,1520,2100,1.0
fruit_jelly,test_private_mixed,/content/msila/src/data/fruit_jelly/test_private_mixed/117_mixed.png,1520,2100,1.0
fruit_jelly,test_private_mixed,/content/msila/src/data/fruit_jelly/test_private_mixed/089_mixed.png,1520,2100,1.0
fruit_jelly,test_private_mixed,/content/msila/src/data/fruit_jelly/test_private_mixed/058_mixed.png,1520,2100,1.0
fruit_jelly,test_private_mixed,/content/msila/src/data/fruit_jelly/test_private_mixed/133_mixed.png,1520,2100,1.0
fruit_jelly,test_private_mixed,/content/msila/src/data/fruit_jelly/test_private_mixed/254_mixed.png,1520,2100,1.0
fruit_jelly,test_private_mixed,/content/msila/src/data/fruit_jelly/test_private_mixed/208_mixed.png,1520,2100,1.0
fruit_jelly,test_private_mixed,/content/msila/src/data/fruit_jelly/test_private_mixed/173_mixed.png,1520,2100,1.0
fruit_jelly,test_private_mixed,/content/msila/src/data/fruit_jelly/test_private_mixed/054_mixed.png,1520,2100,1.0
fruit_jelly,test_private_mixed,/content/msila/src/data/fruit_jelly/test_private_mixed/250_mixed.png,1520,2100,1.0
fruit_jelly,test_private_mixed,/content/msila/src/data/fruit_jelly/test_private_mixed/134_mixed.png,1520,2100,1.0
fruit_jelly,test_private_mixed,/content/msila/src/data/fruit_jelly/test_private_mixed/124_mixed.png,1520,2100,1.0
fruit_jelly,test_private_mixed,/content/msila/src/data/fruit_jelly/test_private_mixed/219_mixed.png,1520,2100,1.0
fruit_jelly,test_private_mixed,/content/msila/src/data/fruit_jelly/test_private_mixed/019_mixed.png,1520,2100,1.0
fruit_jelly,test_private_mixed,/content/msila/src/data/fruit_jelly/test_private_mixed/029_mixed.png,1520,2100,1.0
fruit_jelly,test_private_mixed,/content/msila/src/data/fruit_jelly/test_private_mixed/203_mixed.png,1520,2100,1.0
fruit_jelly,test_private_mixed,/content/msila/src/data/fruit_jelly/test_private_mixed/149_mixed.png,1520,2100,1.0
fruit_jelly,test_private_mixed,/content/msila/src/data/fruit_jelly/test_private_mixed/209_mixed.png,1520,2100,1.0
fruit_jelly,test_private_mixed,/content/msila/src/data/fruit_jelly/test_private_mixed/087_mixed.png,1520,2100,1.0
fruit_jelly,test_private_mixed,/content/msila/src/data/fruit_jelly/test_private_mixed/129_mixed.png,1520,2100,1.0
fruit_jelly,test_private_mixed,/content/msila/src/data/fruit_jelly/test_private_mixed/099_mixed.png,1520,2100,1.0
fruit_jelly,test_private_mixed,/content/msila/src/data/fruit_jelly/test_private_mixed/213_mixed.png,1520,2100,1.0
fruit_jelly,test_private_mixed,/content/msila/src/data/fruit_jelly/test_private_mixed/041_mixed.png,1520,2100,1.0
fruit_jelly,test_private_mixed,/content/msila/src/data/fruit_jelly/test_private_mixed/036_mixed.png,1520,2100,1.0
fruit_jelly,test_private_mixed,/content/msila/src/data/fruit_jelly/test_private_mixed/100_mixed.png,1520,2100,1.0
fruit_jelly,test_private_mixed,/content/msila/src/data/fruit_jelly/test_private_mixed/245_mixed.png,1520,2100,1.0
fruit_jelly,test_private_mixed,/content/msila/src/data/fruit_jelly/test_private_mixed/076_mixed.png,1520,2100,1.0
fruit_jelly,test_private_mixed,/content/msila/src/data/fruit_jelly/test_private_mixed/240_mixed.png,1520,2100,1.0
fruit_jelly,test_private_mixed,/content/msila/src/data/fruit_jelly/test_private_mixed/235_mixed.png,1520,2100,1.0
fruit_jelly,test_private_mixed,/content/msila/src/data/fruit_jelly/test_private_mixed/228_mixed.png,1520,2100,1.0
fruit_jelly,test_private_mixed,/content/msila/src/data/fruit_jelly/test_private_mixed/108_mixed.png,1520,2100,1.0
fruit_jelly,test_private_mixed,/content/msila/src/data/fruit_jelly/test_private_mixed/152_mixed.png,1520,2100,1.0
fruit_jelly,test_private_mixed,/content/msila/src/data/fruit_jelly/test_private_mixed/052_mixed.png,1520,2100,1.0
fruit_jelly,test_private_mixed,/content/msila/src/data/fruit_jelly/test_private_mixed/051_mixed.png,1520,2100,1.0
fruit_jelly,test_private_mixed,/content/msila/src/data/fruit_jelly/test_private_mixed/097_mixed.png,1520,2100,1.0
fruit_jelly,test_private_mixed,/content/msila/src/data/fruit_jelly/test_private_mixed/101_mixed.png,1520,2100,1.0
fruit_jelly,test_private_mixed,/content/msila/src/data/fruit_jelly/test_private_mixed/183_mixed.png,1520,2100,1.0
fruit_jelly,test_private_mixed,/content/msila/src/data/fruit_jelly/test_private_mixed/145_mixed.png,1520,2100,1.0
fruit_jelly,test_private_mixed,/content/msila/src/data/fruit_jelly/test_private_mixed/211_mixed.png,1520,2100,1.0
fruit_jelly,test_private_mixed,/content/msila/src/data/fruit_jelly/test_private_mixed/171_mixed.png,1520,2100,1.0
fruit_jelly,test_private_mixed,/content/msila/src/data/fruit_jelly/test_private_mixed/033_mixed.png,1520,2100,1.0
fruit_jelly,test_private_mixed,/content/msila/src/data/fruit_jelly/test_private_mixed/212_mixed.png,1520,2100,1.0
fruit_jelly,test_private_mixed,/content/msila/src/data/fruit_jelly/test_private_mixed/085_mixed.png,1520,2100,1.0
fruit_jelly,test_private_mixed,/content/msila/src/data/fruit_jelly/test_private_mixed/139_mixed.png,1520,2100,1.0
fruit_jelly,test_private_mixed,/content/msila/src/data/fruit_jelly/test_private_mixed/111_mixed.png,1520,2100,1.0
fruit_jelly,test_private_mixed,/content/msila/src/data/fruit_jelly/test_private_mixed/032_mixed.png,1520,2100,1.0
fruit_jelly,test_private_mixed,/content/msila/src/data/fruit_jelly/test_private_mixed/075_mixed.png,1520,2100,1.0
fruit_jelly,test_private_mixed,/content/msila/src/data/fruit_jelly/test_private_mixed/011_mixed.png,1520,2100,1.0
fruit_jelly,test_private_mixed,/content/msila/src/data/fruit_jelly/test_private_mixed/107_mixed.png,1520,2100,1.0
fruit_jelly,test_private_mixed,/content/msila/src/data/fruit_jelly/test_private_mixed/215_mixed.png,1520,2100,1.0
fruit_jelly,test_private_mixed,/content/msila/src/data/fruit_jelly/test_private_mixed/214_mixed.png,1520,2100,1.0
fruit_jelly,test_private_mixed,/content/msila/src/data/fruit_jelly/test_private_mixed/202_mixed.png,1520,2100,1.0
fruit_jelly,test_private_mixed,/content/msila/src/data/fruit_jelly/test_private_mixed/221_mixed.png,1520,2100,1.0
fruit_jelly,test_private_mixed,/content/msila/src/data/fruit_jelly/test_private_mixed/049_mixed.png,1520,2100,1.0
fruit_jelly,test_private_mixed,/content/msila/src/data/fruit_jelly/test_private_mixed/128_mixed.png,1520,2100,1.0
fruit_jelly,test_private_mixed,/content/msila/src/data/fruit_jelly/test_private_mixed/102_mixed.png,1520,2100,1.0
fruit_jelly,test_private_mixed,/content/msila/src/data/fruit_jelly/test_private_mixed/176_mixed.png,1520,2100,1.0
fruit_jelly,test_private_mixed,/content/msila/src/data/fruit_jelly/test_private_mixed/200_mixed.png,1520,2100,1.0
fruit_jelly,test_private_mixed,/content/msila/src/data/fruit_jelly/test_private_mixed/185_mixed.png,1520,2100,1.0
fruit_jelly,test_private_mixed,/content/msila/src/data/fruit_jelly/test_private_mixed/190_mixed.png,1520,2100,1.0
fruit_jelly,test_private_mixed,/content/msila/src/data/fruit_jelly/test_private_mixed/064_mixed.png,1520,2100,1.0
fruit_jelly,test_private_mixed,/content/msila/src/data/fruit_jelly/test_private_mixed/010_mixed.png,1520,2100,1.0
fruit_jelly,test_private_mixed,/content/msila/src/data/fruit_jelly/test_private_mixed/083_mixed.png,1520,2100,1.0
fruit_jelly,test_private_mixed,/content/msila/src/data/fruit_jelly/test_private_mixed/172_mixed.png,1520,2100,1.0
fruit_jelly,test_private_mixed,/content/msila/src/data/fruit_jelly/test_private_mixed/005_mixed.png,1520,2100,1.0
fruit_jelly,test_private_mixed,/content/msila/src/data/fruit_jelly/test_private_mixed/046_mixed.png,1520,2100,1.0
fruit_jelly,test_private_mixed,/content/msila/src/data/fruit_jelly/test_private_mixed/238_mixed.png,1520,2100,1.0
fruit_jelly,test_private_mixed,/content/msila/src/data/fruit_jelly/test_private_mixed/022_mixed.png,1520,2100,1.0
fruit_jelly,test_private_mixed,/content/msila/src/data/fruit_jelly/test_private_mixed/026_mixed.png,1520,2100,1.0
fruit_jelly,test_private_mixed,/content/msila/src/data/fruit_jelly/test_private_mixed/204_mixed.png,1520,2100,1.0
fruit_jelly,test_private_mixed,/content/msila/src/data/fruit_jelly/test_private_mixed/040_mixed.png,1520,2100,1.0
fruit_jelly,test_private_mixed,/content/msila/src/data/fruit_jelly/test_private_mixed/195_mixed.png,1520,2100,1.0
fruit_jelly,test_private_mixed,/content/msila/src/data/fruit_jelly/test_private_mixed/073_mixed.png,1520,2100,1.0
fruit_jelly,test_private_mixed,/content/msila/src/data/fruit_jelly/test_private_mixed/004_mixed.png,1520,2100,1.0
fruit_jelly,test_private_mixed,/content/msila/src/data/fruit_jelly/test_private_mixed/057_mixed.png,1520,2100,1.0
fruit_jelly,test_private_mixed,/content/msila/src/data/fruit_jelly/test_private_mixed/174_mixed.png,1520,2100,1.0
fruit_jelly,test_private_mixed,/content/msila/src/data/fruit_jelly/test_private_mixed/143_mixed.png,1520,2100,1.0
fruit_jelly,test_private_mixed,/content/msila/src/data/fruit_jelly/test_private_mixed/068_mixed.png,1520,2100,1.0
fruit_jelly,test_private_mixed,/content/msila/src/data/fruit_jelly/test_private_mixed/038_mixed.png,1520,2100,1.0
fruit_jelly,test_private_mixed,/content/msila/src/data/fruit_jelly/test_private_mixed/165_mixed.png,1520,2100,1.0
fruit_jelly,test_private_mixed,/content/msila/src/data/fruit_jelly/test_private_mixed/114_mixed.png,1520,2100,1.0
fruit_jelly,test_private_mixed,/content/msila/src/data/fruit_jelly/test_private_mixed/151_mixed.png,1520,2100,1.0
fruit_jelly,test_private_mixed,/content/msila/src/data/fruit_jelly/test_private_mixed/105_mixed.png,1520,2100,1.0
fruit_jelly,test_private_mixed,/content/msila/src/data/fruit_jelly/test_private_mixed/021_mixed.png,1520,2100,1.0
fruit_jelly,test_private_mixed,/content/msila/src/data/fruit_jelly/test_private_mixed/090_mixed.png,1520,2100,1.0
fruit_jelly,test_private_mixed,/content/msila/src/data/fruit_jelly/test_private_mixed/199_mixed.png,1520,2100,1.0
fruit_jelly,test_private_mixed,/content/msila/src/data/fruit_jelly/test_private_mixed/056_mixed.png,1520,2100,1.0
fruit_jelly,test_private_mixed,/content/msila/src/data/fruit_jelly/test_private_mixed/135_mixed.png,1520,2100,1.0
fruit_jelly,test_private_mixed,/content/msila/src/data/fruit_jelly/test_private_mixed/024_mixed.png,1520,2100,1.0
fruit_jelly,test_private_mixed,/content/msila/src/data/fruit_jelly/test_private_mixed/227_mixed.png,1520,2100,1.0
fruit_jelly,test_private_mixed,/content/msila/src/data/fruit_jelly/test_private_mixed/072_mixed.png,1520,2100,1.0
fruit_jelly,test_private_mixed,/content/msila/src/data/fruit_jelly/test_private_mixed/030_mixed.png,1520,2100,1.0
fruit_jelly,test_private_mixed,/content/msila/src/data/fruit_jelly/test_private_mixed/140_mixed.png,1520,2100,1.0
fruit_jelly,test_private_mixed,/content/msila/src/data/fruit_jelly/test_private_mixed/216_mixed.png,1520,2100,1.0
fruit_jelly,test_private_mixed,/content/msila/src/data/fruit_jelly/test_private_mixed/180_mixed.png,1520,2100,1.0
fruit_jelly,test_private_mixed,/content/msila/src/data/fruit_jelly/test_private_mixed/110_mixed.png,1520,2100,1.0
fruit_jelly,test_private_mixed,/content/msila/src/data/fruit_jelly/test_private_mixed/201_mixed.png,1520,2100,1.0
fruit_jelly,test_private_mixed,/content/msila/src/data/fruit_jelly/test_private_mixed/229_mixed.png,1520,2100,1.0
fruit_jelly,test_private_mixed,/content/msila/src/data/fruit_jelly/test_private_mixed/025_mixed.png,1520,2100,1.0
fruit_jelly,test_private_mixed,/content/msila/src/data/fruit_jelly/test_private_mixed/007_mixed.png,1520,2100,1.0
fruit_jelly,test_private_mixed,/content/msila/src/data/fruit_jelly/test_private_mixed/253_mixed.png,1520,2100,1.0
fruit_jelly,test_private_mixed,/content/msila/src/data/fruit_jelly/test_private_mixed/014_mixed.png,1520,2100,1.0
fruit_jelly,test_private_mixed,/content/msila/src/data/fruit_jelly/test_private_mixed/121_mixed.png,1520,2100,1.0
fruit_jelly,test_private_mixed,/content/msila/src/data/fruit_jelly/test_private_mixed/160_mixed.png,1520,2100,1.0
fruit_jelly,test_private_mixed,/content/msila/src/data/fruit_jelly/test_private_mixed/153_mixed.png,1520,2100,1.0
fruit_jelly,test_private_mixed,/content/msila/src/data/fruit_jelly/test_private_mixed/042_mixed.png,1520,2100,1.0
fruit_jelly,test_private_mixed,/content/msila/src/data/fruit_jelly/test_private_mixed/233_mixed.png,1520,2100,1.0
fruit_jelly,test_private_mixed,/content/msila/src/data/fruit_jelly/test_private_mixed/009_mixed.png,1520,2100,1.0
fruit_jelly,test_private_mixed,/content/msila/src/data/fruit_jelly/test_private_mixed/120_mixed.png,1520,2100,1.0
fruit_jelly,test_private_mixed,/content/msila/src/data/fruit_jelly/test_private_mixed/224_mixed.png,1520,2100,1.0
fruit_jelly,test_private_mixed,/content/msila/src/data/fruit_jelly/test_private_mixed/063_mixed.png,1520,2100,1.0
fruit_jelly,test_private_mixed,/content/msila/src/data/fruit_jelly/test_private_mixed/109_mixed.png,1520,2100,1.0
fruit_jelly,test_private_mixed,/content/msila/src/data/fruit_jelly/test_private_mixed/186_mixed.png,1520,2100,1.0
fruit_jelly,test_private_mixed,/content/msila/src/data/fruit_jelly/test_private_mixed/141_mixed.png,1520,2100,1.0
fruit_jelly,test_private_mixed,/content/msila/src/data/fruit_jelly/test_private_mixed/164_mixed.png,1520,2100,1.0
fruit_jelly,test_private_mixed,/content/msila/src/data/fruit_jelly/test_private_mixed/144_mixed.png,1520,2100,1.0
fruit_jelly,test_private_mixed,/content/msila/src/data/fruit_jelly/test_private_mixed/125_mixed.png,1520,2100,1.0
fruit_jelly,test_private_mixed,/content/msila/src/data/fruit_jelly/test_private_mixed/045_mixed.png,1520,2100,1.0
fruit_jelly,test_private_mixed,/content/msila/src/data/fruit_jelly/test_private_mixed/223_mixed.png,1520,2100,1.0
fruit_jelly,test_private_mixed,/content/msila/src/data/fruit_jelly/test_private_mixed/065_mixed.png,1520,2100,1.0
fruit_jelly,test_private_mixed,/content/msila/src/data/fruit_jelly/test_private_mixed/136_mixed.png,1520,2100,1.0
fruit_jelly,test_private_mixed,/content/msila/src/data/fruit_jelly/test_private_mixed/132_mixed.png,1520,2100,1.0
fruit_jelly,test_private_mixed,/content/msila/src/data/fruit_jelly/test_private_mixed/197_mixed.png,1520,2100,1.0
fruit_jelly,test_private_mixed,/content/msila/src/data/fruit_jelly/test_private_mixed/093_mixed.png,1520,2100,1.0
fruit_jelly,test_private_mixed,/content/msila/src/data/fruit_jelly/test_private_mixed/103_mixed.png,1520,2100,1.0
fruit_jelly,test_private_mixed,/content/msila/src/data/fruit_jelly/test_private_mixed/031_mixed.png,1520,2100,1.0
fruit_jelly,test_private_mixed,/content/msila/src/data/fruit_jelly/test_private_mixed/001_mixed.png,1520,2100,1.0
fruit_jelly,test_private_mixed,/content/msila/src/data/fruit_jelly/test_private_mixed/241_mixed.png,1520,2100,1.0
fruit_jelly,test_private_mixed,/content/msila/src/data/fruit_jelly/test_private_mixed/077_mixed.png,1520,2100,1.0
fruit_jelly,test_private_mixed,/content/msila/src/data/fruit_jelly/test_private_mixed/249_mixed.png,1520,2100,1.0
fruit_jelly,test_private_mixed,/content/msila/src/data/fruit_jelly/test_private_mixed/220_mixed.png,1520,2100,1.0
fruit_jelly,test_private_mixed,/content/msila/src/data/fruit_jelly/test_private_mixed/112_mixed.png,1520,2100,1.0
fruit_jelly,test_private_mixed,/content/msila/src/data/fruit_jelly/test_private_mixed/088_mixed.png,1520,2100,1.0
fruit_jelly,test_private_mixed,/content/msila/src/data/fruit_jelly/test_private_mixed/023_mixed.png,1520,2100,1.0
fruit_jelly,test_private_mixed,/content/msila/src/data/fruit_jelly/test_private_mixed/043_mixed.png,1520,2100,1.0
fruit_jelly,test_private_mixed,/content/msila/src/data/fruit_jelly/test_private_mixed/096_mixed.png,1520,2100,1.0
fruit_jelly,test_private_mixed,/content/msila/src/data/fruit_jelly/test_private_mixed/207_mixed.png,1520,2100,1.0
fruit_jelly,test_private_mixed,/content/msila/src/data/fruit_jelly/test_private_mixed/115_mixed.png,1520,2100,1.0
fruit_jelly,test_private_mixed,/content/msila/src/data/fruit_jelly/test_private_mixed/225_mixed.png,1520,2100,1.0
fruit_jelly,test_private_mixed,/content/msila/src/data/fruit_jelly/test_private_mixed/131_mixed.png,1520,2100,1.0
fruit_jelly,test_private_mixed,/content/msila/src/data/fruit_jelly/test_private_mixed/053_mixed.png,1520,2100,1.0
fruit_jelly,test_private_mixed,/content/msila/src/data/fruit_jelly/test_private_mixed/003_mixed.png,1520,2100,1.0
fruit_jelly,test_private_mixed,/content/msila/src/data/fruit_jelly/test_private_mixed/142_mixed.png,1520,2100,1.0
fruit_jelly,test_private_mixed,/content/msila/src/data/fruit_jelly/test_private_mixed/094_mixed.png,1520,2100,1.0
fruit_jelly,test_private,/content/msila/src/data/fruit_jelly/test_private/126_regular.png,1520,2100,1.0
fruit_jelly,test_private,/content/msila/src/data/fruit_jelly/test_private/160_regular.png,1520,2100,1.0
fruit_jelly,test_private,/content/msila/src/data/fruit_jelly/test_private/023_regular.png,1520,2100,1.0
fruit_jelly,test_private,/content/msila/src/data/fruit_jelly/test_private/057_regular.png,1520,2100,1.0
fruit_jelly,test_private,/content/msila/src/data/fruit_jelly/test_private/140_regular.png,1520,2100,1.0
fruit_jelly,test_private,/content/msila/src/data/fruit_jelly/test_private/019_regular.png,1520,2100,1.0
fruit_jelly,test_private,/content/msila/src/data/fruit_jelly/test_private/146_regular.png,1520,2100,1.0
fruit_jelly,test_private,/content/msila/src/data/fruit_jelly/test_private/217_regular.png,1520,2100,1.0
fruit_jelly,test_private,/content/msila/src/data/fruit_jelly/test_private/128_regular.png,1520,2100,1.0
fruit_jelly,test_private,/content/msila/src/data/fruit_jelly/test_private/233_regular.png,1520,2100,1.0
fruit_jelly,test_private,/content/msila/src/data/fruit_jelly/test_private/041_regular.png,1520,2100,1.0
fruit_jelly,test_private,/content/msila/src/data/fruit_jelly/test_private/069_regular.png,1520,2100,1.0
fruit_jelly,test_private,/content/msila/src/data/fruit_jelly/test_private/216_regular.png,1520,2100,1.0
fruit_jelly,test_private,/content/msila/src/data/fruit_jelly/test_private/209_regular.png,1520,2100,1.0
fruit_jelly,test_private,/content/msila/src/data/fruit_jelly/test_private/164_regular.png,1520,2100,1.0
fruit_jelly,test_private,/content/msila/src/data/fruit_jelly/test_private/142_regular.png,1520,2100,1.0
fruit_jelly,test_private,/content/msila/src/data/fruit_jelly/test_private/085_regular.png,1520,2100,1.0
fruit_jelly,test_private,/content/msila/src/data/fruit_jelly/test_private/046_regular.png,1520,2100,1.0
fruit_jelly,test_private,/content/msila/src/data/fruit_jelly/test_private/219_regular.png,1520,2100,1.0
fruit_jelly,test_private,/content/msila/src/data/fruit_jelly/test_private/056_regular.png,1520,2100,1.0
fruit_jelly,test_private,/content/msila/src/data/fruit_jelly/test_private/229_regular.png,1520,2100,1.0
fruit_jelly,test_private,/content/msila/src/data/fruit_jelly/test_private/178_regular.png,1520,2100,1.0
fruit_jelly,test_private,/content/msila/src/data/fruit_jelly/test_private/143_regular.png,1520,2100,1.0
fruit_jelly,test_private,/content/msila/src/data/fruit_jelly/test_private/248_regular.png,1520,2100,1.0
fruit_jelly,test_private,/content/msila/src/data/fruit_jelly/test_private/017_regular.png,1520,2100,1.0
fruit_jelly,test_private,/content/msila/src/data/fruit_jelly/test_private/048_regular.png,1520,2100,1.0
fruit_jelly,test_private,/content/msila/src/data/fruit_jelly/test_private/118_regular.png,1520,2100,1.0
fruit_jelly,test_private,/content/msila/src/data/fruit_jelly/test_private/195_regular.png,1520,2100,1.0
fruit_jelly,test_private,/content/msila/src/data/fruit_jelly/test_private/025_regular.png,1520,2100,1.0
fruit_jelly,test_private,/content/msila/src/data/fruit_jelly/test_private/230_regular.png,1520,2100,1.0
fruit_jelly,test_private,/content/msila/src/data/fruit_jelly/test_private/129_regular.png,1520,2100,1.0
fruit_jelly,test_private,/content/msila/src/data/fruit_jelly/test_private/215_regular.png,1520,2100,1.0
fruit_jelly,test_private,/content/msila/src/data/fruit_jelly/test_private/003_regular.png,1520,2100,1.0
fruit_jelly,test_private,/content/msila/src/data/fruit_jelly/test_private/182_regular.png,1520,2100,1.0
fruit_jelly,test_private,/content/msila/src/data/fruit_jelly/test_private/059_regular.png,1520,2100,1.0
fruit_jelly,test_private,/content/msila/src/data/fruit_jelly/test_private/000_regular.png,1520,2100,1.0
fruit_jelly,test_private,/content/msila/src/data/fruit_jelly/test_private/054_regular.png,1520,2100,1.0
fruit_jelly,test_private,/content/msila/src/data/fruit_jelly/test_private/012_regular.png,1520,2100,1.0
fruit_jelly,test_private,/content/msila/src/data/fruit_jelly/test_private/114_regular.png,1520,2100,1.0
fruit_jelly,test_private,/content/msila/src/data/fruit_jelly/test_private/050_regular.png,1520,2100,1.0
fruit_jelly,test_private,/content/msila/src/data/fruit_jelly/test_private/078_regular.png,1520,2100,1.0
fruit_jelly,test_private,/content/msila/src/data/fruit_jelly/test_private/252_regular.png,1520,2100,1.0
fruit_jelly,test_private,/content/msila/src/data/fruit_jelly/test_private/196_regular.png,1520,2100,1.0
fruit_jelly,test_private,/content/msila/src/data/fruit_jelly/test_private/192_regular.png,1520,2100,1.0
fruit_jelly,test_private,/content/msila/src/data/fruit_jelly/test_private/127_regular.png,1520,2100,1.0
fruit_jelly,test_private,/content/msila/src/data/fruit_jelly/test_private/080_regular.png,1520,2100,1.0
fruit_jelly,test_private,/content/msila/src/data/fruit_jelly/test_private/097_regular.png,1520,2100,1.0
fruit_jelly,test_private,/content/msila/src/data/fruit_jelly/test_private/033_regular.png,1520,2100,1.0
fruit_jelly,test_private,/content/msila/src/data/fruit_jelly/test_private/177_regular.png,1520,2100,1.0
fruit_jelly,test_private,/content/msila/src/data/fruit_jelly/test_private/110_regular.png,1520,2100,1.0
fruit_jelly,test_private,/content/msila/src/data/fruit_jelly/test_private/231_regular.png,1520,2100,1.0
fruit_jelly,test_private,/content/msila/src/data/fruit_jelly/test_private/173_regular.png,1520,2100,1.0
fruit_jelly,test_private,/content/msila/src/data/fruit_jelly/test_private/153_regular.png,1520,2100,1.0
fruit_jelly,test_private,/content/msila/src/data/fruit_jelly/test_private/065_regular.png,1520,2100,1.0
fruit_jelly,test_private,/content/msila/src/data/fruit_jelly/test_private/241_regular.png,1520,2100,1.0
fruit_jelly,test_private,/content/msila/src/data/fruit_jelly/test_private/096_regular.png,1520,2100,1.0
fruit_jelly,test_private,/content/msila/src/data/fruit_jelly/test_private/171_regular.png,1520,2100,1.0
fruit_jelly,test_private,/content/msila/src/data/fruit_jelly/test_private/082_regular.png,1520,2100,1.0
fruit_jelly,test_private,/content/msila/src/data/fruit_jelly/test_private/244_regular.png,1520,2100,1.0
fruit_jelly,test_private,/content/msila/src/data/fruit_jelly/test_private/170_regular.png,1520,2100,1.0
fruit_jelly,test_private,/content/msila/src/data/fruit_jelly/test_private/009_regular.png,1520,2100,1.0
fruit_jelly,test_private,/content/msila/src/data/fruit_jelly/test_private/084_regular.png,1520,2100,1.0
fruit_jelly,test_private,/content/msila/src/data/fruit_jelly/test_private/188_regular.png,1520,2100,1.0
fruit_jelly,test_private,/content/msila/src/data/fruit_jelly/test_private/043_regular.png,1520,2100,1.0
fruit_jelly,test_private,/content/msila/src/data/fruit_jelly/test_private/070_regular.png,1520,2100,1.0
fruit_jelly,test_private,/content/msila/src/data/fruit_jelly/test_private/246_regular.png,1520,2100,1.0
fruit_jelly,test_private,/content/msila/src/data/fruit_jelly/test_private/181_regular.png,1520,2100,1.0
fruit_jelly,test_private,/content/msila/src/data/fruit_jelly/test_private/254_regular.png,1520,2100,1.0
fruit_jelly,test_private,/content/msila/src/data/fruit_jelly/test_private/108_regular.png,1520,2100,1.0
fruit_jelly,test_private,/content/msila/src/data/fruit_jelly/test_private/174_regular.png,1520,2100,1.0
fruit_jelly,test_private,/content/msila/src/data/fruit_jelly/test_private/165_regular.png,1520,2100,1.0
fruit_jelly,test_private,/content/msila/src/data/fruit_jelly/test_private/201_regular.png,1520,2100,1.0
fruit_jelly,test_private,/content/msila/src/data/fruit_jelly/test_private/203_regular.png,1520,2100,1.0
fruit_jelly,test_private,/content/msila/src/data/fruit_jelly/test_private/135_regular.png,1520,2100,1.0
fruit_jelly,test_private,/content/msila/src/data/fruit_jelly/test_private/213_regular.png,1520,2100,1.0
fruit_jelly,test_private,/content/msila/src/data/fruit_jelly/test_private/111_regular.png,1520,2100,1.0
fruit_jelly,test_private,/content/msila/src/data/fruit_jelly/test_private/042_regular.png,1520,2100,1.0
fruit_jelly,test_private,/content/msila/src/data/fruit_jelly/test_private/103_regular.png,1520,2100,1.0
fruit_jelly,test_private,/content/msila/src/data/fruit_jelly/test_private/199_regular.png,1520,2100,1.0
fruit_jelly,test_private,/content/msila/src/data/fruit_jelly/test_private/094_regular.png,1520,2100,1.0
fruit_jelly,test_private,/content/msila/src/data/fruit_jelly/test_private/105_regular.png,1520,2100,1.0
fruit_jelly,test_private,/content/msila/src/data/fruit_jelly/test_private/115_regular.png,1520,2100,1.0
fruit_jelly,test_private,/content/msila/src/data/fruit_jelly/test_private/038_regular.png,1520,2100,1.0
fruit_jelly,test_private,/content/msila/src/data/fruit_jelly/test_private/067_regular.png,1520,2100,1.0
fruit_jelly,test_private,/content/msila/src/data/fruit_jelly/test_private/234_regular.png,1520,2100,1.0
fruit_jelly,test_private,/content/msila/src/data/fruit_jelly/test_private/099_regular.png,1520,2100,1.0
fruit_jelly,test_private,/content/msila/src/data/fruit_jelly/test_private/121_regular.png,1520,2100,1.0
fruit_jelly,test_private,/content/msila/src/data/fruit_jelly/test_private/063_regular.png,1520,2100,1.0
fruit_jelly,test_private,/content/msila/src/data/fruit_jelly/test_private/194_regular.png,1520,2100,1.0
fruit_jelly,test_private,/content/msila/src/data/fruit_jelly/test_private/109_regular.png,1520,2100,1.0
fruit_jelly,test_private,/content/msila/src/data/fruit_jelly/test_private/077_regular.png,1520,2100,1.0
fruit_jelly,test_private,/content/msila/src/data/fruit_jelly/test_private/093_regular.png,1520,2100,1.0
fruit_jelly,test_private,/content/msila/src/data/fruit_jelly/test_private/172_regular.png,1520,2100,1.0
fruit_jelly,test_private,/content/msila/src/data/fruit_jelly/test_private/130_regular.png,1520,2100,1.0
fruit_jelly,test_private,/content/msila/src/data/fruit_jelly/test_private/036_regular.png,1520,2100,1.0
fruit_jelly,test_private,/content/msila/src/data/fruit_jelly/test_private/119_regular.png,1520,2100,1.0
fruit_jelly,test_private,/content/msila/src/data/fruit_jelly/test_private/087_regular.png,1520,2100,1.0
fruit_jelly,test_private,/content/msila/src/data/fruit_jelly/test_private/185_regular.png,1520,2100,1.0
fruit_jelly,test_private,/content/msila/src/data/fruit_jelly/test_private/204_regular.png,1520,2100,1.0
fruit_jelly,test_private,/content/msila/src/data/fruit_jelly/test_private/073_regular.png,1520,2100,1.0
fruit_jelly,test_private,/content/msila/src/data/fruit_jelly/test_private/032_regular.png,1520,2100,1.0
fruit_jelly,test_private,/content/msila/src/data/fruit_jelly/test_private/013_regular.png,1520,2100,1.0
fruit_jelly,test_private,/content/msila/src/data/fruit_jelly/test_private/212_regular.png,1520,2100,1.0
fruit_jelly,test_private,/content/msila/src/data/fruit_jelly/test_private/157_regular.png,1520,2100,1.0
fruit_jelly,test_private,/content/msila/src/data/fruit_jelly/test_private/006_regular.png,1520,2100,1.0
fruit_jelly,test_private,/content/msila/src/data/fruit_jelly/test_private/040_regular.png,1520,2100,1.0
fruit_jelly,test_private,/content/msila/src/data/fruit_jelly/test_private/028_regular.png,1520,2100,1.0
fruit_jelly,test_private,/content/msila/src/data/fruit_jelly/test_private/235_regular.png,1520,2100,1.0
fruit_jelly,test_private,/content/msila/src/data/fruit_jelly/test_private/064_regular.png,1520,2100,1.0
fruit_jelly,test_private,/content/msila/src/data/fruit_jelly/test_private/190_regular.png,1520,2100,1.0
fruit_jelly,test_private,/content/msila/src/data/fruit_jelly/test_private/045_regular.png,1520,2100,1.0
fruit_jelly,test_private,/content/msila/src/data/fruit_jelly/test_private/145_regular.png,1520,2100,1.0
fruit_jelly,test_private,/content/msila/src/data/fruit_jelly/test_private/098_regular.png,1520,2100,1.0
fruit_jelly,test_private,/content/msila/src/data/fruit_jelly/test_private/197_regular.png,1520,2100,1.0
fruit_jelly,test_private,/content/msila/src/data/fruit_jelly/test_private/238_regular.png,1520,2100,1.0
fruit_jelly,test_private,/content/msila/src/data/fruit_jelly/test_private/222_regular.png,1520,2100,1.0
fruit_jelly,test_private,/content/msila/src/data/fruit_jelly/test_private/034_regular.png,1520,2100,1.0
fruit_jelly,test_private,/content/msila/src/data/fruit_jelly/test_private/112_regular.png,1520,2100,1.0
fruit_jelly,test_private,/content/msila/src/data/fruit_jelly/test_private/175_regular.png,1520,2100,1.0
fruit_jelly,test_private,/content/msila/src/data/fruit_jelly/test_private/138_regular.png,1520,2100,1.0
fruit_jelly,test_private,/content/msila/src/data/fruit_jelly/test_private/224_regular.png,1520,2100,1.0
fruit_jelly,test_private,/content/msila/src/data/fruit_jelly/test_private/086_regular.png,1520,2100,1.0
fruit_jelly,test_private,/content/msila/src/data/fruit_jelly/test_private/169_regular.png,1520,2100,1.0
fruit_jelly,test_private,/content/msila/src/data/fruit_jelly/test_private/191_regular.png,1520,2100,1.0
fruit_jelly,test_private,/content/msila/src/data/fruit_jelly/test_private/147_regular.png,1520,2100,1.0
fruit_jelly,test_private,/content/msila/src/data/fruit_jelly/test_private/198_regular.png,1520,2100,1.0
fruit_jelly,test_private,/content/msila/src/data/fruit_jelly/test_private/102_regular.png,1520,2100,1.0
fruit_jelly,test_private,/content/msila/src/data/fruit_jelly/test_private/113_regular.png,1520,2100,1.0
fruit_jelly,test_private,/content/msila/src/data/fruit_jelly/test_private/218_regular.png,1520,2100,1.0
fruit_jelly,test_private,/content/msila/src/data/fruit_jelly/test_private/107_regular.png,1520,2100,1.0
fruit_jelly,test_private,/content/msila/src/data/fruit_jelly/test_private/149_regular.png,1520,2100,1.0
fruit_jelly,test_private,/content/msila/src/data/fruit_jelly/test_private/095_regular.png,1520,2100,1.0
fruit_jelly,test_private,/content/msila/src/data/fruit_jelly/test_private/101_regular.png,1520,2100,1.0
fruit_jelly,test_private,/content/msila/src/data/fruit_jelly/test_private/168_regular.png,1520,2100,1.0
fruit_jelly,test_private,/content/msila/src/data/fruit_jelly/test_private/092_regular.png,1520,2100,1.0
fruit_jelly,test_private,/content/msila/src/data/fruit_jelly/test_private/240_regular.png,1520,2100,1.0
fruit_jelly,test_private,/content/msila/src/data/fruit_jelly/test_private/047_regular.png,1520,2100,1.0
fruit_jelly,test_private,/content/msila/src/data/fruit_jelly/test_private/053_regular.png,1520,2100,1.0
fruit_jelly,test_private,/content/msila/src/data/fruit_jelly/test_private/237_regular.png,1520,2100,1.0
fruit_jelly,test_private,/content/msila/src/data/fruit_jelly/test_private/021_regular.png,1520,2100,1.0
fruit_jelly,test_private,/content/msila/src/data/fruit_jelly/test_private/076_regular.png,1520,2100,1.0
fruit_jelly,test_private,/content/msila/src/data/fruit_jelly/test_private/090_regular.png,1520,2100,1.0
fruit_jelly,test_private,/content/msila/src/data/fruit_jelly/test_private/159_regular.png,1520,2100,1.0
fruit_jelly,test_private,/content/msila/src/data/fruit_jelly/test_private/187_regular.png,1520,2100,1.0
fruit_jelly,test_private,/content/msila/src/data/fruit_jelly/test_private/075_regular.png,1520,2100,1.0
fruit_jelly,test_private,/content/msila/src/data/fruit_jelly/test_private/163_regular.png,1520,2100,1.0
fruit_jelly,test_private,/content/msila/src/data/fruit_jelly/test_private/010_regular.png,1520,2100,1.0
fruit_jelly,test_private,/content/msila/src/data/fruit_jelly/test_private/247_regular.png,1520,2100,1.0
fruit_jelly,test_private,/content/msila/src/data/fruit_jelly/test_private/049_regular.png,1520,2100,1.0
fruit_jelly,test_private,/content/msila/src/data/fruit_jelly/test_private/220_regular.png,1520,2100,1.0
fruit_jelly,test_private,/content/msila/src/data/fruit_jelly/test_private/015_regular.png,1520,2100,1.0
fruit_jelly,test_private,/content/msila/src/data/fruit_jelly/test_private/249_regular.png,1520,2100,1.0
fruit_jelly,test_private,/content/msila/src/data/fruit_jelly/test_private/005_regular.png,1520,2100,1.0
fruit_jelly,test_private,/content/msila/src/data/fruit_jelly/test_private/133_regular.png,1520,2100,1.0
fruit_jelly,test_private,/content/msila/src/data/fruit_jelly/test_private/030_regular.png,1520,2100,1.0
fruit_jelly,test_private,/content/msila/src/data/fruit_jelly/test_private/144_regular.png,1520,2100,1.0
fruit_jelly,test_private,/content/msila/src/data/fruit_jelly/test_private/124_regular.png,1520,2100,1.0
fruit_jelly,test_private,/content/msila/src/data/fruit_jelly/test_private/022_regular.png,1520,2100,1.0
fruit_jelly,test_private,/content/msila/src/data/fruit_jelly/test_private/223_regular.png,1520,2100,1.0
fruit_jelly,test_private,/content/msila/src/data/fruit_jelly/test_private/243_regular.png,1520,2100,1.0
fruit_jelly,test_private,/content/msila/src/data/fruit_jelly/test_private/088_regular.png,1520,2100,1.0
fruit_jelly,test_private,/content/msila/src/data/fruit_jelly/test_private/206_regular.png,1520,2100,1.0
fruit_jelly,test_private,/content/msila/src/data/fruit_jelly/test_private/116_regular.png,1520,2100,1.0
fruit_jelly,test_private,/content/msila/src/data/fruit_jelly/test_private/014_regular.png,1520,2100,1.0
fruit_jelly,test_private,/content/msila/src/data/fruit_jelly/test_private/018_regular.png,1520,2100,1.0
fruit_jelly,test_private,/content/msila/src/data/fruit_jelly/test_private/122_regular.png,1520,2100,1.0
fruit_jelly,test_private,/content/msila/src/data/fruit_jelly/test_private/125_regular.png,1520,2100,1.0
fruit_jelly,test_private,/content/msila/src/data/fruit_jelly/test_private/074_regular.png,1520,2100,1.0
fruit_jelly,test_private,/content/msila/src/data/fruit_jelly/test_private/002_regular.png,1520,2100,1.0
fruit_jelly,test_private,/content/msila/src/data/fruit_jelly/test_private/132_regular.png,1520,2100,1.0
fruit_jelly,test_private,/content/msila/src/data/fruit_jelly/test_private/051_regular.png,1520,2100,1.0
fruit_jelly,test_private,/content/msila/src/data/fruit_jelly/test_private/162_regular.png,1520,2100,1.0
fruit_jelly,test_private,/content/msila/src/data/fruit_jelly/test_private/123_regular.png,1520,2100,1.0
fruit_jelly,test_private,/content/msila/src/data/fruit_jelly/test_private/155_regular.png,1520,2100,1.0
fruit_jelly,test_private,/content/msila/src/data/fruit_jelly/test_private/152_regular.png,1520,2100,1.0
fruit_jelly,test_private,/content/msila/src/data/fruit_jelly/test_private/151_regular.png,1520,2100,1.0
fruit_jelly,test_private,/content/msila/src/data/fruit_jelly/test_private/079_regular.png,1520,2100,1.0
fruit_jelly,test_private,/content/msila/src/data/fruit_jelly/test_private/044_regular.png,1520,2100,1.0
fruit_jelly,test_private,/content/msila/src/data/fruit_jelly/test_private/226_regular.png,1520,2100,1.0
fruit_jelly,test_private,/content/msila/src/data/fruit_jelly/test_private/091_regular.png,1520,2100,1.0
fruit_jelly,test_private,/content/msila/src/data/fruit_jelly/test_private/239_regular.png,1520,2100,1.0
fruit_jelly,test_private,/content/msila/src/data/fruit_jelly/test_private/134_regular.png,1520,2100,1.0
fruit_jelly,test_private,/content/msila/src/data/fruit_jelly/test_private/161_regular.png,1520,2100,1.0
fruit_jelly,test_private,/content/msila/src/data/fruit_jelly/test_private/106_regular.png,1520,2100,1.0
fruit_jelly,test_private,/content/msila/src/data/fruit_jelly/test_private/167_regular.png,1520,2100,1.0
fruit_jelly,test_private,/content/msila/src/data/fruit_jelly/test_private/139_regular.png,1520,2100,1.0
fruit_jelly,test_private,/content/msila/src/data/fruit_jelly/test_private/253_regular.png,1520,2100,1.0
fruit_jelly,test_private,/content/msila/src/data/fruit_jelly/test_private/072_regular.png,1520,2100,1.0
fruit_jelly,test_private,/content/msila/src/data/fruit_jelly/test_private/245_regular.png,1520,2100,1.0
fruit_jelly,test_private,/content/msila/src/data/fruit_jelly/test_private/004_regular.png,1520,2100,1.0
fruit_jelly,test_private,/content/msila/src/data/fruit_jelly/test_private/055_regular.png,1520,2100,1.0
fruit_jelly,test_private,/content/msila/src/data/fruit_jelly/test_private/100_regular.png,1520,2100,1.0
fruit_jelly,test_private,/content/msila/src/data/fruit_jelly/test_private/117_regular.png,1520,2100,1.0
fruit_jelly,test_private,/content/msila/src/data/fruit_jelly/test_private/228_regular.png,1520,2100,1.0
fruit_jelly,test_private,/content/msila/src/data/fruit_jelly/test_private/184_regular.png,1520,2100,1.0
fruit_jelly,test_private,/content/msila/src/data/fruit_jelly/test_private/225_regular.png,1520,2100,1.0
fruit_jelly,test_private,/content/msila/src/data/fruit_jelly/test_private/150_regular.png,1520,2100,1.0
fruit_jelly,test_private,/content/msila/src/data/fruit_jelly/test_private/016_regular.png,1520,2100,1.0
fruit_jelly,test_private,/content/msila/src/data/fruit_jelly/test_private/024_regular.png,1520,2100,1.0
fruit_jelly,test_private,/content/msila/src/data/fruit_jelly/test_private/166_regular.png,1520,2100,1.0
fruit_jelly,test_private,/content/msila/src/data/fruit_jelly/test_private/251_regular.png,1520,2100,1.0
fruit_jelly,test_private,/content/msila/src/data/fruit_jelly/test_private/039_regular.png,1520,2100,1.0
fruit_jelly,test_private,/content/msila/src/data/fruit_jelly/test_private/176_regular.png,1520,2100,1.0
fruit_jelly,test_private,/content/msila/src/data/fruit_jelly/test_private/211_regular.png,1520,2100,1.0
fruit_jelly,test_private,/content/msila/src/data/fruit_jelly/test_private/037_regular.png,1520,2100,1.0
fruit_jelly,test_private,/content/msila/src/data/fruit_jelly/test_private/011_regular.png,1520,2100,1.0
fruit_jelly,test_private,/content/msila/src/data/fruit_jelly/test_private/200_regular.png,1520,2100,1.0
fruit_jelly,test_private,/content/msila/src/data/fruit_jelly/test_private/104_regular.png,1520,2100,1.0
fruit_jelly,test_private,/content/msila/src/data/fruit_jelly/test_private/062_regular.png,1520,2100,1.0
fruit_jelly,test_private,/content/msila/src/data/fruit_jelly/test_private/154_regular.png,1520,2100,1.0
fruit_jelly,test_private,/content/msila/src/data/fruit_jelly/test_private/060_regular.png,1520,2100,1.0
fruit_jelly,test_private,/content/msila/src/data/fruit_jelly/test_private/027_regular.png,1520,2100,1.0
fruit_jelly,test_private,/content/msila/src/data/fruit_jelly/test_private/029_regular.png,1520,2100,1.0
fruit_jelly,test_private,/content/msila/src/data/fruit_jelly/test_private/148_regular.png,1520,2100,1.0
fruit_jelly,test_private,/content/msila/src/data/fruit_jelly/test_private/020_regular.png,1520,2100,1.0
fruit_jelly,test_private,/content/msila/src/data/fruit_jelly/test_private/221_regular.png,1520,2100,1.0
fruit_jelly,test_private,/content/msila/src/data/fruit_jelly/test_private/120_regular.png,1520,2100,1.0
fruit_jelly,test_private,/content/msila/src/data/fruit_jelly/test_private/007_regular.png,1520,2100,1.0
fruit_jelly,test_private,/content/msila/src/data/fruit_jelly/test_private/189_regular.png,1520,2100,1.0
fruit_jelly,test_private,/content/msila/src/data/fruit_jelly/test_private/207_regular.png,1520,2100,1.0
fruit_jelly,test_private,/content/msila/src/data/fruit_jelly/test_private/242_regular.png,1520,2100,1.0
fruit_jelly,test_private,/content/msila/src/data/fruit_jelly/test_private/083_regular.png,1520,2100,1.0
fruit_jelly,test_private,/content/msila/src/data/fruit_jelly/test_private/183_regular.png,1520,2100,1.0
fruit_jelly,test_private,/content/msila/src/data/fruit_jelly/test_private/001_regular.png,1520,2100,1.0
fruit_jelly,test_private,/content/msila/src/data/fruit_jelly/test_private/066_regular.png,1520,2100,1.0
fruit_jelly,test_private,/content/msila/src/data/fruit_jelly/test_private/136_regular.png,1520,2100,1.0
fruit_jelly,test_private,/content/msila/src/data/fruit_jelly/test_private/026_regular.png,1520,2100,1.0
fruit_jelly,test_private,/content/msila/src/data/fruit_jelly/test_private/193_regular.png,1520,2100,1.0
fruit_jelly,test_private,/content/msila/src/data/fruit_jelly/test_private/031_regular.png,1520,2100,1.0
fruit_jelly,test_private,/content/msila/src/data/fruit_jelly/test_private/158_regular.png,1520,2100,1.0
fruit_jelly,test_private,/content/msila/src/data/fruit_jelly/test_private/081_regular.png,1520,2100,1.0
fruit_jelly,test_private,/content/msila/src/data/fruit_jelly/test_private/141_regular.png,1520,2100,1.0
fruit_jelly,test_private,/content/msila/src/data/fruit_jelly/test_private/208_regular.png,1520,2100,1.0
fruit_jelly,test_private,/content/msila/src/data/fruit_jelly/test_private/035_regular.png,1520,2100,1.0
fruit_jelly,test_private,/content/msila/src/data/fruit_jelly/test_private/008_regular.png,1520,2100,1.0
fruit_jelly,test_private,/content/msila/src/data/fruit_jelly/test_private/137_regular.png,1520,2100,1.0
fruit_jelly,test_private,/content/msila/src/data/fruit_jelly/test_private/250_regular.png,1520,2100,1.0
fruit_jelly,test_private,/content/msila/src/data/fruit_jelly/test_private/210_regular.png,1520,2100,1.0
fruit_jelly,test_private,/content/msila/src/data/fruit_jelly/test_private/156_regular.png,1520,2100,1.0
fruit_jelly,test_private,/content/msila/src/data/fruit_jelly/test_private/058_regular.png,1520,2100,1.0
fruit_jelly,test_private,/content/msila/src/data/fruit_jelly/test_private/205_regular.png,1520,2100,1.0
fruit_jelly,test_private,/content/msila/src/data/fruit_jelly/test_private/236_regular.png,1520,2100,1.0
fruit_jelly,test_private,/content/msila/src/data/fruit_jelly/test_private/186_regular.png,1520,2100,1.0
fruit_jelly,test_private,/content/msila/src/data/fruit_jelly/test_private/227_regular.png,1520,2100,1.0
fruit_jelly,test_private,/content/msila/src/data/fruit_jelly/test_private/052_regular.png,1520,2100,1.0
fruit_jelly,test_private,/content/msila/src/data/fruit_jelly/test_private/131_regular.png,1520,2100,1.0
fruit_jelly,test_private,/content/msila/src/data/fruit_jelly/test_private/214_regular.png,1520,2100,1.0
fruit_jelly,test_private,/content/msila/src/data/fruit_jelly/test_private/179_regular.png,1520,2100,1.0
fruit_jelly,test_private,/content/msila/src/data/fruit_jelly/test_private/202_regular.png,1520,2100,1.0
fruit_jelly,test_private,/content/msila/src/data/fruit_jelly/test_private/232_regular.png,1520,2100,1.0
fruit_jelly,test_private,/content/msila/src/data/fruit_jelly/test_private/071_regular.png,1520,2100,1.0
fruit_jelly,test_private,/content/msila/src/data/fruit_jelly/test_private/180_regular.png,1520,2100,1.0
fruit_jelly,test_private,/content/msila/src/data/fruit_jelly/test_private/089_regular.png,1520,2100,1.0
fruit_jelly,test_private,/content/msila/src/data/fruit_jelly/test_private/061_regular.png,1520,2100,1.0
fruit_jelly,test_private,/content/msila/src/data/fruit_jelly/test_private/068_regular.png,1520,2100,1.0
fruit_jelly,validation,/content/msila/src/data/fruit_jelly/validation/good/023_regular.png,1520,2100,1.0
fruit_jelly,validation,/content/msila/src/data/fruit_jelly/validation/good/019_regular.png,1520,2100,1.0
fruit_jelly,validation,/content/msila/src/data/fruit_jelly/validation/good/017_regular.png,1520,2100,1.0
fruit_jelly,validation,/content/msila/src/data/fruit_jelly/validation/good/025_regular.png,1520,2100,1.0
fruit_jelly,validation,/content/msila/src/data/fruit_jelly/validation/good/003_regular.png,1520,2100,1.0
fruit_jelly,validation,/content/msila/src/data/fruit_jelly/validation/good/000_regular.png,1520,2100,1.0
fruit_jelly,validation,/content/msila/src/data/fruit_jelly/validation/good/012_regular.png,1520,2100,1.0
fruit_jelly,validation,/content/msila/src/data/fruit_jelly/validation/good/033_regular.png,1520,2100,1.0
fruit_jelly,validation,/content/msila/src/data/fruit_jelly/validation/good/009_regular.png,1520,2100,1.0
fruit_jelly,validation,/content/msila/src/data/fruit_jelly/validation/good/036_regular.png,1520,2100,1.0
fruit_jelly,validation,/content/msila/src/data/fruit_jelly/validation/good/032_regular.png,1520,2100,1.0
fruit_jelly,validation,/content/msila/src/data/fruit_jelly/validation/good/013_regular.png,1520,2100,1.0
fruit_jelly,validation,/content/msila/src/data/fruit_jelly/validation/good/006_regular.png,1520,2100,1.0
fruit_jelly,validation,/content/msila/src/data/fruit_jelly/validation/good/028_regular.png,1520,2100,1.0
fruit_jelly,validation,/content/msila/src/data/fruit_jelly/validation/good/034_regular.png,1520,2100,1.0
fruit_jelly,validation,/content/msila/src/data/fruit_jelly/validation/good/021_regular.png,1520,2100,1.0
fruit_jelly,validation,/content/msila/src/data/fruit_jelly/validation/good/010_regular.png,1520,2100,1.0
fruit_jelly,validation,/content/msila/src/data/fruit_jelly/validation/good/015_regular.png,1520,2100,1.0
fruit_jelly,validation,/content/msila/src/data/fruit_jelly/validation/good/005_regular.png,1520,2100,1.0
fruit_jelly,validation,/content/msila/src/data/fruit_jelly/validation/good/030_regular.png,1520,2100,1.0
fruit_jelly,validation,/content/msila/src/data/fruit_jelly/validation/good/022_regular.png,1520,2100,1.0
fruit_jelly,validation,/content/msila/src/data/fruit_jelly/validation/good/014_regular.png,1520,2100,1.0
fruit_jelly,validation,/content/msila/src/data/fruit_jelly/validation/good/018_regular.png,1520,2100,1.0
fruit_jelly,validation,/content/msila/src/data/fruit_jelly/validation/good/002_regular.png,1520,2100,1.0
fruit_jelly,validation,/content/msila/src/data/fruit_jelly/validation/good/004_regular.png,1520,2100,1.0
fruit_jelly,validation,/content/msila/src/data/fruit_jelly/validation/good/016_regular.png,1520,2100,1.0
fruit_jelly,validation,/content/msila/src/data/fruit_jelly/validation/good/024_regular.png,1520,2100,1.0
fruit_jelly,validation,/content/msila/src/data/fruit_jelly/validation/good/011_regular.png,1520,2100,1.0
fruit_jelly,validation,/content/msila/src/data/fruit_jelly/validation/good/027_regular.png,1520,2100,1.0
fruit_jelly,validation,/content/msila/src/data/fruit_jelly/validation/good/029_regular.png,1520,2100,1.0
fruit_jelly,validation,/content/msila/src/data/fruit_jelly/validation/good/020_regular.png,1520,2100,1.0
fruit_jelly,validation,/content/msila/src/data/fruit_jelly/validation/good/007_regular.png,1520,2100,1.0
fruit_jelly,validation,/content/msila/src/data/fruit_jelly/validation/good/001_regular.png,1520,2100,1.0
fruit_jelly,validation,/content/msila/src/data/fruit_jelly/validation/good/026_regular.png,1520,2100,1.0
fruit_jelly,validation,/content/msila/src/data/fruit_jelly/validation/good/031_regular.png,1520,2100,1.0
fruit_jelly,validation,/content/msila/src/data/fruit_jelly/validation/good/035_regular.png,1520,2100,1.0
fruit_jelly,validation,/content/msila/src/data/fruit_jelly/validation/good/008_regular.png,1520,2100,1.0
fruit_jelly,train,/content/msila/src/data/fruit_jelly/train/good/126_regular.png,1520,2100,1.0
fruit_jelly,train,/content/msila/src/data/fruit_jelly/train/good/160_regular.png,1520,2100,1.0
fruit_jelly,train,/content/msila/src/data/fruit_jelly/train/good/023_regular.png,1520,2100,1.0
fruit_jelly,train,/content/msila/src/data/fruit_jelly/train/good/057_regular.png,1520,2100,1.0
fruit_jelly,train,/content/msila/src/data/fruit_jelly/train/good/140_regular.png,1520,2100,1.0
fruit_jelly,train,/content/msila/src/data/fruit_jelly/train/good/019_regular.png,1520,2100,1.0
fruit_jelly,train,/content/msila/src/data/fruit_jelly/train/good/146_regular.png,1520,2100,1.0
fruit_jelly,train,/content/msila/src/data/fruit_jelly/train/good/217_regular.png,1520,2100,1.0
fruit_jelly,train,/content/msila/src/data/fruit_jelly/train/good/258_regular.png,1520,2100,1.0
fruit_jelly,train,/content/msila/src/data/fruit_jelly/train/good/128_regular.png,1520,2100,1.0
fruit_jelly,train,/content/msila/src/data/fruit_jelly/train/good/233_regular.png,1520,2100,1.0
fruit_jelly,train,/content/msila/src/data/fruit_jelly/train/good/041_regular.png,1520,2100,1.0
fruit_jelly,train,/content/msila/src/data/fruit_jelly/train/good/069_regular.png,1520,2100,1.0
fruit_jelly,train,/content/msila/src/data/fruit_jelly/train/good/216_regular.png,1520,2100,1.0
fruit_jelly,train,/content/msila/src/data/fruit_jelly/train/good/209_regular.png,1520,2100,1.0
fruit_jelly,train,/content/msila/src/data/fruit_jelly/train/good/164_regular.png,1520,2100,1.0
fruit_jelly,train,/content/msila/src/data/fruit_jelly/train/good/142_regular.png,1520,2100,1.0
fruit_jelly,train,/content/msila/src/data/fruit_jelly/train/good/085_regular.png,1520,2100,1.0
fruit_jelly,train,/content/msila/src/data/fruit_jelly/train/good/046_regular.png,1520,2100,1.0
fruit_jelly,train,/content/msila/src/data/fruit_jelly/train/good/219_regular.png,1520,2100,1.0
fruit_jelly,train,/content/msila/src/data/fruit_jelly/train/good/056_regular.png,1520,2100,1.0
fruit_jelly,train,/content/msila/src/data/fruit_jelly/train/good/229_regular.png,1520,2100,1.0
fruit_jelly,train,/content/msila/src/data/fruit_jelly/train/good/261_regular.png,1520,2100,1.0
fruit_jelly,train,/content/msila/src/data/fruit_jelly/train/good/178_regular.png,1520,2100,1.0
fruit_jelly,train,/content/msila/src/data/fruit_jelly/train/good/143_regular.png,1520,2100,1.0
fruit_jelly,train,/content/msila/src/data/fruit_jelly/train/good/248_regular.png,1520,2100,1.0
fruit_jelly,train,/content/msila/src/data/fruit_jelly/train/good/017_regular.png,1520,2100,1.0
fruit_jelly,train,/content/msila/src/data/fruit_jelly/train/good/048_regular.png,1520,2100,1.0
fruit_jelly,train,/content/msila/src/data/fruit_jelly/train/good/118_regular.png,1520,2100,1.0
fruit_jelly,train,/content/msila/src/data/fruit_jelly/train/good/195_regular.png,1520,2100,1.0
fruit_jelly,train,/content/msila/src/data/fruit_jelly/train/good/025_regular.png,1520,2100,1.0
fruit_jelly,train,/content/msila/src/data/fruit_jelly/train/good/230_regular.png,1520,2100,1.0
fruit_jelly,train,/content/msila/src/data/fruit_jelly/train/good/129_regular.png,1520,2100,1.0
fruit_jelly,train,/content/msila/src/data/fruit_jelly/train/good/215_regular.png,1520,2100,1.0
fruit_jelly,train,/content/msila/src/data/fruit_jelly/train/good/003_regular.png,1520,2100,1.0
fruit_jelly,train,/content/msila/src/data/fruit_jelly/train/good/182_regular.png,1520,2100,1.0
fruit_jelly,train,/content/msila/src/data/fruit_jelly/train/good/059_regular.png,1520,2100,1.0
fruit_jelly,train,/content/msila/src/data/fruit_jelly/train/good/000_regular.png,1520,2100,1.0
fruit_jelly,train,/content/msila/src/data/fruit_jelly/train/good/054_regular.png,1520,2100,1.0
fruit_jelly,train,/content/msila/src/data/fruit_jelly/train/good/012_regular.png,1520,2100,1.0
fruit_jelly,train,/content/msila/src/data/fruit_jelly/train/good/114_regular.png,1520,2100,1.0
fruit_jelly,train,/content/msila/src/data/fruit_jelly/train/good/050_regular.png,1520,2100,1.0
fruit_jelly,train,/content/msila/src/data/fruit_jelly/train/good/078_regular.png,1520,2100,1.0
fruit_jelly,train,/content/msila/src/data/fruit_jelly/train/good/252_regular.png,1520,2100,1.0
fruit_jelly,train,/content/msila/src/data/fruit_jelly/train/good/196_regular.png,1520,2100,1.0
fruit_jelly,train,/content/msila/src/data/fruit_jelly/train/good/192_regular.png,1520,2100,1.0
fruit_jelly,train,/content/msila/src/data/fruit_jelly/train/good/127_regular.png,1520,2100,1.0
fruit_jelly,train,/content/msila/src/data/fruit_jelly/train/good/080_regular.png,1520,2100,1.0
fruit_jelly,train,/content/msila/src/data/fruit_jelly/train/good/097_regular.png,1520,2100,1.0
fruit_jelly,train,/content/msila/src/data/fruit_jelly/train/good/033_regular.png,1520,2100,1.0
fruit_jelly,train,/content/msila/src/data/fruit_jelly/train/good/177_regular.png,1520,2100,1.0
fruit_jelly,train,/content/msila/src/data/fruit_jelly/train/good/110_regular.png,1520,2100,1.0
fruit_jelly,train,/content/msila/src/data/fruit_jelly/train/good/231_regular.png,1520,2100,1.0
fruit_jelly,train,/content/msila/src/data/fruit_jelly/train/good/173_regular.png,1520,2100,1.0
fruit_jelly,train,/content/msila/src/data/fruit_jelly/train/good/153_regular.png,1520,2100,1.0
fruit_jelly,train,/content/msila/src/data/fruit_jelly/train/good/065_regular.png,1520,2100,1.0
fruit_jelly,train,/content/msila/src/data/fruit_jelly/train/good/241_regular.png,1520,2100,1.0
fruit_jelly,train,/content/msila/src/data/fruit_jelly/train/good/096_regular.png,1520,2100,1.0
fruit_jelly,train,/content/msila/src/data/fruit_jelly/train/good/171_regular.png,1520,2100,1.0
fruit_jelly,train,/content/msila/src/data/fruit_jelly/train/good/082_regular.png,1520,2100,1.0
fruit_jelly,train,/content/msila/src/data/fruit_jelly/train/good/244_regular.png,1520,2100,1.0
fruit_jelly,train,/content/msila/src/data/fruit_jelly/train/good/170_regular.png,1520,2100,1.0
fruit_jelly,train,/content/msila/src/data/fruit_jelly/train/good/009_regular.png,1520,2100,1.0
fruit_jelly,train,/content/msila/src/data/fruit_jelly/train/good/084_regular.png,1520,2100,1.0
fruit_jelly,train,/content/msila/src/data/fruit_jelly/train/good/188_regular.png,1520,2100,1.0
fruit_jelly,train,/content/msila/src/data/fruit_jelly/train/good/043_regular.png,1520,2100,1.0
fruit_jelly,train,/content/msila/src/data/fruit_jelly/train/good/070_regular.png,1520,2100,1.0
fruit_jelly,train,/content/msila/src/data/fruit_jelly/train/good/246_regular.png,1520,2100,1.0
fruit_jelly,train,/content/msila/src/data/fruit_jelly/train/good/181_regular.png,1520,2100,1.0
fruit_jelly,train,/content/msila/src/data/fruit_jelly/train/good/254_regular.png,1520,2100,1.0
fruit_jelly,train,/content/msila/src/data/fruit_jelly/train/good/108_regular.png,1520,2100,1.0
fruit_jelly,train,/content/msila/src/data/fruit_jelly/train/good/174_regular.png,1520,2100,1.0
fruit_jelly,train,/content/msila/src/data/fruit_jelly/train/good/256_regular.png,1520,2100,1.0
fruit_jelly,train,/content/msila/src/data/fruit_jelly/train/good/165_regular.png,1520,2100,1.0
fruit_jelly,train,/content/msila/src/data/fruit_jelly/train/good/201_regular.png,1520,2100,1.0
fruit_jelly,train,/content/msila/src/data/fruit_jelly/train/good/203_regular.png,1520,2100,1.0
fruit_jelly,train,/content/msila/src/data/fruit_jelly/train/good/135_regular.png,1520,2100,1.0
fruit_jelly,train,/content/msila/src/data/fruit_jelly/train/good/213_regular.png,1520,2100,1.0
fruit_jelly,train,/content/msila/src/data/fruit_jelly/train/good/111_regular.png,1520,2100,1.0
fruit_jelly,train,/content/msila/src/data/fruit_jelly/train/good/042_regular.png,1520,2100,1.0
fruit_jelly,train,/content/msila/src/data/fruit_jelly/train/good/103_regular.png,1520,2100,1.0
fruit_jelly,train,/content/msila/src/data/fruit_jelly/train/good/199_regular.png,1520,2100,1.0
fruit_jelly,train,/content/msila/src/data/fruit_jelly/train/good/094_regular.png,1520,2100,1.0
fruit_jelly,train,/content/msila/src/data/fruit_jelly/train/good/105_regular.png,1520,2100,1.0
fruit_jelly,train,/content/msila/src/data/fruit_jelly/train/good/115_regular.png,1520,2100,1.0
fruit_jelly,train,/content/msila/src/data/fruit_jelly/train/good/038_regular.png,1520,2100,1.0
fruit_jelly,train,/content/msila/src/data/fruit_jelly/train/good/067_regular.png,1520,2100,1.0
fruit_jelly,train,/content/msila/src/data/fruit_jelly/train/good/234_regular.png,1520,2100,1.0
fruit_jelly,train,/content/msila/src/data/fruit_jelly/train/good/099_regular.png,1520,2100,1.0
fruit_jelly,train,/content/msila/src/data/fruit_jelly/train/good/121_regular.png,1520,2100,1.0
fruit_jelly,train,/content/msila/src/data/fruit_jelly/train/good/063_regular.png,1520,2100,1.0
fruit_jelly,train,/content/msila/src/data/fruit_jelly/train/good/194_regular.png,1520,2100,1.0
fruit_jelly,train,/content/msila/src/data/fruit_jelly/train/good/109_regular.png,1520,2100,1.0
fruit_jelly,train,/content/msila/src/data/fruit_jelly/train/good/077_regular.png,1520,2100,1.0
fruit_jelly,train,/content/msila/src/data/fruit_jelly/train/good/093_regular.png,1520,2100,1.0
fruit_jelly,train,/content/msila/src/data/fruit_jelly/train/good/172_regular.png,1520,2100,1.0
fruit_jelly,train,/content/msila/src/data/fruit_jelly/train/good/130_regular.png,1520,2100,1.0
fruit_jelly,train,/content/msila/src/data/fruit_jelly/train/good/036_regular.png,1520,2100,1.0
fruit_jelly,train,/content/msila/src/data/fruit_jelly/train/good/119_regular.png,1520,2100,1.0
fruit_jelly,train,/content/msila/src/data/fruit_jelly/train/good/087_regular.png,1520,2100,1.0
fruit_jelly,train,/content/msila/src/data/fruit_jelly/train/good/255_regular.png,1520,2100,1.0
fruit_jelly,train,/content/msila/src/data/fruit_jelly/train/good/185_regular.png,1520,2100,1.0
fruit_jelly,train,/content/msila/src/data/fruit_jelly/train/good/204_regular.png,1520,2100,1.0
fruit_jelly,train,/content/msila/src/data/fruit_jelly/train/good/073_regular.png,1520,2100,1.0
fruit_jelly,train,/content/msila/src/data/fruit_jelly/train/good/032_regular.png,1520,2100,1.0
fruit_jelly,train,/content/msila/src/data/fruit_jelly/train/good/013_regular.png,1520,2100,1.0
fruit_jelly,train,/content/msila/src/data/fruit_jelly/train/good/212_regular.png,1520,2100,1.0
fruit_jelly,train,/content/msila/src/data/fruit_jelly/train/good/157_regular.png,1520,2100,1.0
fruit_jelly,train,/content/msila/src/data/fruit_jelly/train/good/006_regular.png,1520,2100,1.0
fruit_jelly,train,/content/msila/src/data/fruit_jelly/train/good/040_regular.png,1520,2100,1.0
fruit_jelly,train,/content/msila/src/data/fruit_jelly/train/good/028_regular.png,1520,2100,1.0
fruit_jelly,train,/content/msila/src/data/fruit_jelly/train/good/235_regular.png,1520,2100,1.0
fruit_jelly,train,/content/msila/src/data/fruit_jelly/train/good/064_regular.png,1520,2100,1.0
fruit_jelly,train,/content/msila/src/data/fruit_jelly/train/good/190_regular.png,1520,2100,1.0
fruit_jelly,train,/content/msila/src/data/fruit_jelly/train/good/045_regular.png,1520,2100,1.0
fruit_jelly,train,/content/msila/src/data/fruit_jelly/train/good/145_regular.png,1520,2100,1.0
fruit_jelly,train,/content/msila/src/data/fruit_jelly/train/good/098_regular.png,1520,2100,1.0
fruit_jelly,train,/content/msila/src/data/fruit_jelly/train/good/262_regular.png,1520,2100,1.0
fruit_jelly,train,/content/msila/src/data/fruit_jelly/train/good/197_regular.png,1520,2100,1.0
fruit_jelly,train,/content/msila/src/data/fruit_jelly/train/good/238_regular.png,1520,2100,1.0
fruit_jelly,train,/content/msila/src/data/fruit_jelly/train/good/222_regular.png,1520,2100,1.0
fruit_jelly,train,/content/msila/src/data/fruit_jelly/train/good/034_regular.png,1520,2100,1.0
fruit_jelly,train,/content/msila/src/data/fruit_jelly/train/good/112_regular.png,1520,2100,1.0
fruit_jelly,train,/content/msila/src/data/fruit_jelly/train/good/175_regular.png,1520,2100,1.0
fruit_jelly,train,/content/msila/src/data/fruit_jelly/train/good/138_regular.png,1520,2100,1.0
fruit_jelly,train,/content/msila/src/data/fruit_jelly/train/good/224_regular.png,1520,2100,1.0
fruit_jelly,train,/content/msila/src/data/fruit_jelly/train/good/086_regular.png,1520,2100,1.0
fruit_jelly,train,/content/msila/src/data/fruit_jelly/train/good/169_regular.png,1520,2100,1.0
fruit_jelly,train,/content/msila/src/data/fruit_jelly/train/good/191_regular.png,1520,2100,1.0
fruit_jelly,train,/content/msila/src/data/fruit_jelly/train/good/260_regular.png,1520,2100,1.0
fruit_jelly,train,/content/msila/src/data/fruit_jelly/train/good/147_regular.png,1520,2100,1.0
fruit_jelly,train,/content/msila/src/data/fruit_jelly/train/good/198_regular.png,1520,2100,1.0
fruit_jelly,train,/content/msila/src/data/fruit_jelly/train/good/102_regular.png,1520,2100,1.0
fruit_jelly,train,/content/msila/src/data/fruit_jelly/train/good/113_regular.png,1520,2100,1.0
fruit_jelly,train,/content/msila/src/data/fruit_jelly/train/good/218_regular.png,1520,2100,1.0
fruit_jelly,train,/content/msila/src/data/fruit_jelly/train/good/107_regular.png,1520,2100,1.0
fruit_jelly,train,/content/msila/src/data/fruit_jelly/train/good/149_regular.png,1520,2100,1.0
fruit_jelly,train,/content/msila/src/data/fruit_jelly/train/good/095_regular.png,1520,2100,1.0
fruit_jelly,train,/content/msila/src/data/fruit_jelly/train/good/101_regular.png,1520,2100,1.0
fruit_jelly,train,/content/msila/src/data/fruit_jelly/train/good/168_regular.png,1520,2100,1.0
fruit_jelly,train,/content/msila/src/data/fruit_jelly/train/good/092_regular.png,1520,2100,1.0
fruit_jelly,train,/content/msila/src/data/fruit_jelly/train/good/240_regular.png,1520,2100,1.0
fruit_jelly,train,/content/msila/src/data/fruit_jelly/train/good/047_regular.png,1520,2100,1.0
fruit_jelly,train,/content/msila/src/data/fruit_jelly/train/good/053_regular.png,1520,2100,1.0
fruit_jelly,train,/content/msila/src/data/fruit_jelly/train/good/237_regular.png,1520,2100,1.0
fruit_jelly,train,/content/msila/src/data/fruit_jelly/train/good/021_regular.png,1520,2100,1.0
fruit_jelly,train,/content/msila/src/data/fruit_jelly/train/good/076_regular.png,1520,2100,1.0
fruit_jelly,train,/content/msila/src/data/fruit_jelly/train/good/090_regular.png,1520,2100,1.0
fruit_jelly,train,/content/msila/src/data/fruit_jelly/train/good/159_regular.png,1520,2100,1.0
fruit_jelly,train,/content/msila/src/data/fruit_jelly/train/good/187_regular.png,1520,2100,1.0
fruit_jelly,train,/content/msila/src/data/fruit_jelly/train/good/075_regular.png,1520,2100,1.0
fruit_jelly,train,/content/msila/src/data/fruit_jelly/train/good/163_regular.png,1520,2100,1.0
fruit_jelly,train,/content/msila/src/data/fruit_jelly/train/good/010_regular.png,1520,2100,1.0
fruit_jelly,train,/content/msila/src/data/fruit_jelly/train/good/247_regular.png,1520,2100,1.0
fruit_jelly,train,/content/msila/src/data/fruit_jelly/train/good/049_regular.png,1520,2100,1.0
fruit_jelly,train,/content/msila/src/data/fruit_jelly/train/good/220_regular.png,1520,2100,1.0
fruit_jelly,train,/content/msila/src/data/fruit_jelly/train/good/015_regular.png,1520,2100,1.0
fruit_jelly,train,/content/msila/src/data/fruit_jelly/train/good/249_regular.png,1520,2100,1.0
fruit_jelly,train,/content/msila/src/data/fruit_jelly/train/good/005_regular.png,1520,2100,1.0
fruit_jelly,train,/content/msila/src/data/fruit_jelly/train/good/133_regular.png,1520,2100,1.0
fruit_jelly,train,/content/msila/src/data/fruit_jelly/train/good/030_regular.png,1520,2100,1.0
fruit_jelly,train,/content/msila/src/data/fruit_jelly/train/good/144_regular.png,1520,2100,1.0
fruit_jelly,train,/content/msila/src/data/fruit_jelly/train/good/124_regular.png,1520,2100,1.0
fruit_jelly,train,/content/msila/src/data/fruit_jelly/train/good/022_regular.png,1520,2100,1.0
fruit_jelly,train,/content/msila/src/data/fruit_jelly/train/good/223_regular.png,1520,2100,1.0
fruit_jelly,train,/content/msila/src/data/fruit_jelly/train/good/243_regular.png,1520,2100,1.0
fruit_jelly,train,/content/msila/src/data/fruit_jelly/train/good/088_regular.png,1520,2100,1.0
fruit_jelly,train,/content/msila/src/data/fruit_jelly/train/good/206_regular.png,1520,2100,1.0
fruit_jelly,train,/content/msila/src/data/fruit_jelly/train/good/116_regular.png,1520,2100,1.0
fruit_jelly,train,/content/msila/src/data/fruit_jelly/train/good/014_regular.png,1520,2100,1.0
fruit_jelly,train,/content/msila/src/data/fruit_jelly/train/good/018_regular.png,1520,2100,1.0
fruit_jelly,train,/content/msila/src/data/fruit_jelly/train/good/122_regular.png,1520,2100,1.0
fruit_jelly,train,/content/msila/src/data/fruit_jelly/train/good/125_regular.png,1520,2100,1.0
fruit_jelly,train,/content/msila/src/data/fruit_jelly/train/good/074_regular.png,1520,2100,1.0
fruit_jelly,train,/content/msila/src/data/fruit_jelly/train/good/002_regular.png,1520,2100,1.0
fruit_jelly,train,/content/msila/src/data/fruit_jelly/train/good/132_regular.png,1520,2100,1.0
fruit_jelly,train,/content/msila/src/data/fruit_jelly/train/good/051_regular.png,1520,2100,1.0
fruit_jelly,train,/content/msila/src/data/fruit_jelly/train/good/162_regular.png,1520,2100,1.0
fruit_jelly,train,/content/msila/src/data/fruit_jelly/train/good/123_regular.png,1520,2100,1.0
fruit_jelly,train,/content/msila/src/data/fruit_jelly/train/good/155_regular.png,1520,2100,1.0
fruit_jelly,train,/content/msila/src/data/fruit_jelly/train/good/257_regular.png,1520,2100,1.0
fruit_jelly,train,/content/msila/src/data/fruit_jelly/train/good/152_regular.png,1520,2100,1.0
fruit_jelly,train,/content/msila/src/data/fruit_jelly/train/good/151_regular.png,1520,2100,1.0
fruit_jelly,train,/content/msila/src/data/fruit_jelly/train/good/079_regular.png,1520,2100,1.0
fruit_jelly,train,/content/msila/src/data/fruit_jelly/train/good/044_regular.png,1520,2100,1.0
fruit_jelly,train,/content/msila/src/data/fruit_jelly/train/good/226_regular.png,1520,2100,1.0
fruit_jelly,train,/content/msila/src/data/fruit_jelly/train/good/091_regular.png,1520,2100,1.0
fruit_jelly,train,/content/msila/src/data/fruit_jelly/train/good/239_regular.png,1520,2100,1.0
fruit_jelly,train,/content/msila/src/data/fruit_jelly/train/good/134_regular.png,1520,2100,1.0
fruit_jelly,train,/content/msila/src/data/fruit_jelly/train/good/161_regular.png,1520,2100,1.0
fruit_jelly,train,/content/msila/src/data/fruit_jelly/train/good/106_regular.png,1520,2100,1.0
fruit_jelly,train,/content/msila/src/data/fruit_jelly/train/good/167_regular.png,1520,2100,1.0
fruit_jelly,train,/content/msila/src/data/fruit_jelly/train/good/259_regular.png,1520,2100,1.0
fruit_jelly,train,/content/msila/src/data/fruit_jelly/train/good/139_regular.png,1520,2100,1.0
fruit_jelly,train,/content/msila/src/data/fruit_jelly/train/good/253_regular.png,1520,2100,1.0
fruit_jelly,train,/content/msila/src/data/fruit_jelly/train/good/072_regular.png,1520,2100,1.0
fruit_jelly,train,/content/msila/src/data/fruit_jelly/train/good/245_regular.png,1520,2100,1.0
fruit_jelly,train,/content/msila/src/data/fruit_jelly/train/good/004_regular.png,1520,2100,1.0
fruit_jelly,train,/content/msila/src/data/fruit_jelly/train/good/055_regular.png,1520,2100,1.0
fruit_jelly,train,/content/msila/src/data/fruit_jelly/train/good/100_regular.png,1520,2100,1.0
fruit_jelly,train,/content/msila/src/data/fruit_jelly/train/good/117_regular.png,1520,2100,1.0
fruit_jelly,train,/content/msila/src/data/fruit_jelly/train/good/228_regular.png,1520,2100,1.0
fruit_jelly,train,/content/msila/src/data/fruit_jelly/train/good/184_regular.png,1520,2100,1.0
fruit_jelly,train,/content/msila/src/data/fruit_jelly/train/good/225_regular.png,1520,2100,1.0
fruit_jelly,train,/content/msila/src/data/fruit_jelly/train/good/150_regular.png,1520,2100,1.0
fruit_jelly,train,/content/msila/src/data/fruit_jelly/train/good/016_regular.png,1520,2100,1.0
fruit_jelly,train,/content/msila/src/data/fruit_jelly/train/good/024_regular.png,1520,2100,1.0
fruit_jelly,train,/content/msila/src/data/fruit_jelly/train/good/166_regular.png,1520,2100,1.0
fruit_jelly,train,/content/msila/src/data/fruit_jelly/train/good/251_regular.png,1520,2100,1.0
fruit_jelly,train,/content/msila/src/data/fruit_jelly/train/good/039_regular.png,1520,2100,1.0
fruit_jelly,train,/content/msila/src/data/fruit_jelly/train/good/176_regular.png,1520,2100,1.0
fruit_jelly,train,/content/msila/src/data/fruit_jelly/train/good/211_regular.png,1520,2100,1.0
fruit_jelly,train,/content/msila/src/data/fruit_jelly/train/good/037_regular.png,1520,2100,1.0
fruit_jelly,train,/content/msila/src/data/fruit_jelly/train/good/011_regular.png,1520,2100,1.0
fruit_jelly,train,/content/msila/src/data/fruit_jelly/train/good/200_regular.png,1520,2100,1.0
fruit_jelly,train,/content/msila/src/data/fruit_jelly/train/good/104_regular.png,1520,2100,1.0
fruit_jelly,train,/content/msila/src/data/fruit_jelly/train/good/062_regular.png,1520,2100,1.0
fruit_jelly,train,/content/msila/src/data/fruit_jelly/train/good/154_regular.png,1520,2100,1.0
fruit_jelly,train,/content/msila/src/data/fruit_jelly/train/good/060_regular.png,1520,2100,1.0
fruit_jelly,train,/content/msila/src/data/fruit_jelly/train/good/027_regular.png,1520,2100,1.0
fruit_jelly,train,/content/msila/src/data/fruit_jelly/train/good/029_regular.png,1520,2100,1.0
fruit_jelly,train,/content/msila/src/data/fruit_jelly/train/good/148_regular.png,1520,2100,1.0
fruit_jelly,train,/content/msila/src/data/fruit_jelly/train/good/020_regular.png,1520,2100,1.0
fruit_jelly,train,/content/msila/src/data/fruit_jelly/train/good/221_regular.png,1520,2100,1.0
fruit_jelly,train,/content/msila/src/data/fruit_jelly/train/good/120_regular.png,1520,2100,1.0
fruit_jelly,train,/content/msila/src/data/fruit_jelly/train/good/007_regular.png,1520,2100,1.0
fruit_jelly,train,/content/msila/src/data/fruit_jelly/train/good/189_regular.png,1520,2100,1.0
fruit_jelly,train,/content/msila/src/data/fruit_jelly/train/good/207_regular.png,1520,2100,1.0
fruit_jelly,train,/content/msila/src/data/fruit_jelly/train/good/242_regular.png,1520,2100,1.0
fruit_jelly,train,/content/msila/src/data/fruit_jelly/train/good/083_regular.png,1520,2100,1.0
fruit_jelly,train,/content/msila/src/data/fruit_jelly/train/good/183_regular.png,1520,2100,1.0
fruit_jelly,train,/content/msila/src/data/fruit_jelly/train/good/001_regular.png,1520,2100,1.0
fruit_jelly,train,/content/msila/src/data/fruit_jelly/train/good/066_regular.png,1520,2100,1.0
fruit_jelly,train,/content/msila/src/data/fruit_jelly/train/good/136_regular.png,1520,2100,1.0
fruit_jelly,train,/content/msila/src/data/fruit_jelly/train/good/026_regular.png,1520,2100,1.0
fruit_jelly,train,/content/msila/src/data/fruit_jelly/train/good/193_regular.png,1520,2100,1.0
fruit_jelly,train,/content/msila/src/data/fruit_jelly/train/good/031_regular.png,1520,2100,1.0
fruit_jelly,train,/content/msila/src/data/fruit_jelly/train/good/158_regular.png,1520,2100,1.0
fruit_jelly,train,/content/msila/src/data/fruit_jelly/train/good/081_regular.png,1520,2100,1.0
fruit_jelly,train,/content/msila/src/data/fruit_jelly/train/good/141_regular.png,1520,2100,1.0
fruit_jelly,train,/content/msila/src/data/fruit_jelly/train/good/208_regular.png,1520,2100,1.0
fruit_jelly,train,/content/msila/src/data/fruit_jelly/train/good/035_regular.png,1520,2100,1.0
fruit_jelly,train,/content/msila/src/data/fruit_jelly/train/good/008_regular.png,1520,2100,1.0
fruit_jelly,train,/content/msila/src/data/fruit_jelly/train/good/137_regular.png,1520,2100,1.0
fruit_jelly,train,/content/msila/src/data/fruit_jelly/train/good/250_regular.png,1520,2100,1.0
fruit_jelly,train,/content/msila/src/data/fruit_jelly/train/good/210_regular.png,1520,2100,1.0
fruit_jelly,train,/content/msila/src/data/fruit_jelly/train/good/156_regular.png,1520,2100,1.0
fruit_jelly,train,/content/msila/src/data/fruit_jelly/train/good/058_regular.png,1520,2100,1.0
fruit_jelly,train,/content/msila/src/data/fruit_jelly/train/good/205_regular.png,1520,2100,1.0
fruit_jelly,train,/content/msila/src/data/fruit_jelly/train/good/236_regular.png,1520,2100,1.0
fruit_jelly,train,/content/msila/src/data/fruit_jelly/train/good/186_regular.png,1520,2100,1.0
fruit_jelly,train,/content/msila/src/data/fruit_jelly/train/good/227_regular.png,1520,2100,1.0
fruit_jelly,train,/content/msila/src/data/fruit_jelly/train/good/052_regular.png,1520,2100,1.0
fruit_jelly,train,/content/msila/src/data/fruit_jelly/train/good/131_regular.png,1520,2100,1.0
fruit_jelly,train,/content/msila/src/data/fruit_jelly/train/good/214_regular.png,1520,2100,1.0
fruit_jelly,train,/content/msila/src/data/fruit_jelly/train/good/179_regular.png,1520,2100,1.0
fruit_jelly,train,/content/msila/src/data/fruit_jelly/train/good/202_regular.png,1520,2100,1.0
fruit_jelly,train,/content/msila/src/data/fruit_jelly/train/good/232_regular.png,1520,2100,1.0
fruit_jelly,train,/content/msila/src/data/fruit_jelly/train/good/071_regular.png,1520,2100,1.0
fruit_jelly,train,/content/msila/src/data/fruit_jelly/train/good/180_regular.png,1520,2100,1.0
fruit_jelly,train,/content/msila/src/data/fruit_jelly/train/good/089_regular.png,1520,2100,1.0
fruit_jelly,train,/content/msila/src/data/fruit_jelly/train/good/061_regular.png,1520,2100,1.0
fruit_jelly,train,/content/msila/src/data/fruit_jelly/train/good/068_regular.png,1520,2100,1.0
fruit_jelly,test_public,/content/msila/src/data/fruit_jelly/test_public/bad/012_overexposed.png,1520,2100,1.0
fruit_jelly,test_public,/content/msila/src/data/fruit_jelly/test_public/bad/013_shift_1.png,1520,2100,1.0
fruit_jelly,test_public,/content/msila/src/data/fruit_jelly/test_public/bad/009_overexposed.png,1520,2100,1.0
fruit_jelly,test_public,/content/msila/src/data/fruit_jelly/test_public/bad/010_underexposed.png,1520,2100,1.0
fruit_jelly,test_public,/content/msila/src/data/fruit_jelly/test_public/bad/003_shift_1.png,1520,2100,1.0
fruit_jelly,test_public,/content/msila/src/data/fruit_jelly/test_public/bad/003_overexposed.png,1520,2100,1.0
fruit_jelly,test_public,/content/msila/src/data/fruit_jelly/test_public/bad/013_overexposed.png,1520,2100,1.0
fruit_jelly,test_public,/content/msila/src/data/fruit_jelly/test_public/bad/010_shift_1.png,1520,2100,1.0
fruit_jelly,test_public,/content/msila/src/data/fruit_jelly/test_public/bad/003_regular.png,1520,2100,1.0
fruit_jelly,test_public,/content/msila/src/data/fruit_jelly/test_public/bad/014_overexposed.png,1520,2100,1.0
fruit_jelly,test_public,/content/msila/src/data/fruit_jelly/test_public/bad/000_regular.png,1520,2100,1.0
fruit_jelly,test_public,/content/msila/src/data/fruit_jelly/test_public/bad/012_regular.png,1520,2100,1.0
fruit_jelly,test_public,/content/msila/src/data/fruit_jelly/test_public/bad/008_underexposed.png,1520,2100,1.0
fruit_jelly,test_public,/content/msila/src/data/fruit_jelly/test_public/bad/005_overexposed.png,1520,2100,1.0
fruit_jelly,test_public,/content/msila/src/data/fruit_jelly/test_public/bad/001_shift_1.png,1520,2100,1.0
fruit_jelly,test_public,/content/msila/src/data/fruit_jelly/test_public/bad/004_shift_1.png,1520,2100,1.0
fruit_jelly,test_public,/content/msila/src/data/fruit_jelly/test_public/bad/007_overexposed.png,1520,2100,1.0
fruit_jelly,test_public,/content/msila/src/data/fruit_jelly/test_public/bad/009_regular.png,1520,2100,1.0
fruit_jelly,test_public,/content/msila/src/data/fruit_jelly/test_public/bad/011_overexposed.png,1520,2100,1.0
fruit_jelly,test_public,/content/msila/src/data/fruit_jelly/test_public/bad/005_shift_1.png,1520,2100,1.0
fruit_jelly,test_public,/content/msila/src/data/fruit_jelly/test_public/bad/012_shift_1.png,1520,2100,1.0
fruit_jelly,test_public,/content/msila/src/data/fruit_jelly/test_public/bad/004_underexposed.png,1520,2100,1.0
fruit_jelly,test_public,/content/msila/src/data/fruit_jelly/test_public/bad/014_underexposed.png,1520,2100,1.0
fruit_jelly,test_public,/content/msila/src/data/fruit_jelly/test_public/bad/013_regular.png,1520,2100,1.0
fruit_jelly,test_public,/content/msila/src/data/fruit_jelly/test_public/bad/002_overexposed.png,1520,2100,1.0
fruit_jelly,test_public,/content/msila/src/data/fruit_jelly/test_public/bad/006_regular.png,1520,2100,1.0
fruit_jelly,test_public,/content/msila/src/data/fruit_jelly/test_public/bad/006_overexposed.png,1520,2100,1.0
fruit_jelly,test_public,/content/msila/src/data/fruit_jelly/test_public/bad/011_underexposed.png,1520,2100,1.0
fruit_jelly,test_public,/content/msila/src/data/fruit_jelly/test_public/bad/005_underexposed.png,1520,2100,1.0
fruit_jelly,test_public,/content/msila/src/data/fruit_jelly/test_public/bad/006_underexposed.png,1520,2100,1.0
fruit_jelly,test_public,/content/msila/src/data/fruit_jelly/test_public/bad/007_shift_1.png,1520,2100,1.0
fruit_jelly,test_public,/content/msila/src/data/fruit_jelly/test_public/bad/001_underexposed.png,1520,2100,1.0
fruit_jelly,test_public,/content/msila/src/data/fruit_jelly/test_public/bad/010_regular.png,1520,2100,1.0
fruit_jelly,test_public,/content/msila/src/data/fruit_jelly/test_public/bad/005_regular.png,1520,2100,1.0
fruit_jelly,test_public,/content/msila/src/data/fruit_jelly/test_public/bad/009_underexposed.png,1520,2100,1.0
fruit_jelly,test_public,/content/msila/src/data/fruit_jelly/test_public/bad/000_overexposed.png,1520,2100,1.0
fruit_jelly,test_public,/content/msila/src/data/fruit_jelly/test_public/bad/009_shift_1.png,1520,2100,1.0
fruit_jelly,test_public,/content/msila/src/data/fruit_jelly/test_public/bad/014_regular.png,1520,2100,1.0
fruit_jelly,test_public,/content/msila/src/data/fruit_jelly/test_public/bad/002_regular.png,1520,2100,1.0
fruit_jelly,test_public,/content/msila/src/data/fruit_jelly/test_public/bad/008_overexposed.png,1520,2100,1.0
fruit_jelly,test_public,/content/msila/src/data/fruit_jelly/test_public/bad/014_shift_1.png,1520,2100,1.0
fruit_jelly,test_public,/content/msila/src/data/fruit_jelly/test_public/bad/000_shift_1.png,1520,2100,1.0
fruit_jelly,test_public,/content/msila/src/data/fruit_jelly/test_public/bad/006_shift_1.png,1520,2100,1.0
fruit_jelly,test_public,/content/msila/src/data/fruit_jelly/test_public/bad/002_shift_1.png,1520,2100,1.0
fruit_jelly,test_public,/content/msila/src/data/fruit_jelly/test_public/bad/004_overexposed.png,1520,2100,1.0
fruit_jelly,test_public,/content/msila/src/data/fruit_jelly/test_public/bad/004_regular.png,1520,2100,1.0
fruit_jelly,test_public,/content/msila/src/data/fruit_jelly/test_public/bad/013_underexposed.png,1520,2100,1.0
fruit_jelly,test_public,/content/msila/src/data/fruit_jelly/test_public/bad/008_shift_1.png,1520,2100,1.0
fruit_jelly,test_public,/content/msila/src/data/fruit_jelly/test_public/bad/011_regular.png,1520,2100,1.0
fruit_jelly,test_public,/content/msila/src/data/fruit_jelly/test_public/bad/001_overexposed.png,1520,2100,1.0
fruit_jelly,test_public,/content/msila/src/data/fruit_jelly/test_public/bad/000_underexposed.png,1520,2100,1.0
fruit_jelly,test_public,/content/msila/src/data/fruit_jelly/test_public/bad/002_underexposed.png,1520,2100,1.0
fruit_jelly,test_public,/content/msila/src/data/fruit_jelly/test_public/bad/007_regular.png,1520,2100,1.0
fruit_jelly,test_public,/content/msila/src/data/fruit_jelly/test_public/bad/012_underexposed.png,1520,2100,1.0
fruit_jelly,test_public,/content/msila/src/data/fruit_jelly/test_public/bad/001_regular.png,1520,2100,1.0
fruit_jelly,test_public,/content/msila/src/data/fruit_jelly/test_public/bad/003_underexposed.png,1520,2100,1.0
fruit_jelly,test_public,/content/msila/src/data/fruit_jelly/test_public/bad/008_regular.png,1520,2100,1.0
fruit_jelly,test_public,/content/msila/src/data/fruit_jelly/test_public/bad/011_shift_1.png,1520,2100,1.0
fruit_jelly,test_public,/content/msila/src/data/fruit_jelly/test_public/bad/007_underexposed.png,1520,2100,1.0
fruit_jelly,test_public,/content/msila/src/data/fruit_jelly/test_public/bad/010_overexposed.png,1520,2100,1.0
fruit_jelly,test_public,/content/msila/src/data/fruit_jelly/test_public/good/003_shift_1.png,1520,2100,1.0
fruit_jelly,test_public,/content/msila/src/data/fruit_jelly/test_public/good/003_overexposed.png,1520,2100,1.0
fruit_jelly,test_public,/content/msila/src/data/fruit_jelly/test_public/good/003_regular.png,1520,2100,1.0
fruit_jelly,test_public,/content/msila/src/data/fruit_jelly/test_public/good/000_regular.png,1520,2100,1.0
fruit_jelly,test_public,/content/msila/src/data/fruit_jelly/test_public/good/001_shift_1.png,1520,2100,1.0
fruit_jelly,test_public,/content/msila/src/data/fruit_jelly/test_public/good/004_shift_1.png,1520,2100,1.0
fruit_jelly,test_public,/content/msila/src/data/fruit_jelly/test_public/good/004_underexposed.png,1520,2100,1.0
fruit_jelly,test_public,/content/msila/src/data/fruit_jelly/test_public/good/002_overexposed.png,1520,2100,1.0
fruit_jelly,test_public,/content/msila/src/data/fruit_jelly/test_public/good/001_underexposed.png,1520,2100,1.0
fruit_jelly,test_public,/content/msila/src/data/fruit_jelly/test_public/good/000_overexposed.png,1520,2100,1.0
fruit_jelly,test_public,/content/msila/src/data/fruit_jelly/test_public/good/002_regular.png,1520,2100,1.0
fruit_jelly,test_public,/content/msila/src/data/fruit_jelly/test_public/good/000_shift_1.png,1520,2100,1.0
fruit_jelly,test_public,/content/msila/src/data/fruit_jelly/test_public/good/002_shift_1.png,1520,2100,1.0
fruit_jelly,test_public,/content/msila/src/data/fruit_jelly/test_public/good/004_overexposed.png,1520,2100,1.0
fruit_jelly,test_public,/content/msila/src/data/fruit_jelly/test_public/good/004_regular.png,1520,2100,1.0
fruit_jelly,test_public,/content/msila/src/data/fruit_jelly/test_public/good/001_overexposed.png,1520,2100,1.0
fruit_jelly,test_public,/content/msila/src/data/fruit_jelly/test_public/good/000_underexposed.png,1520,2100,1.0
fruit_jelly,test_public,/content/msila/src/data/fruit_jelly/test_public/good/002_underexposed.png,1520,2100,1.0
fruit_jelly,test_public,/content/msila/src/data/fruit_jelly/test_public/good/001_regular.png,1520,2100,1.0
fruit_jelly,test_public,/content/msila/src/data/fruit_jelly/test_public/good/003_underexposed.png,1520,2100,1.0
